path,extension,bytes,sha256,text_scanned,encoding,duplicate_content
_ARC1_CLARIFICATION_WORK/actual.txt,.txt,254,783332315560d003322e7310336b5a4751b28a3b1f62d0e3b078c7fcd2f386c0,True,utf-8-sig,False
_ARC1_CLARIFICATION_WORK/ARC1_FRESH/_ARC1_CORRECTED_WORK/FRESH_VERIFY_R1_0/M3A_THREE_SCALE_MOVING_DIRECTION_ARC1/ARC1_CERTIFICATES.json,.json,1822,a4194b5be2f8bcc3309dd4d2089a5b6e828f6637ca2105b4aa364f8aacd0c4a1,True,utf-8-sig,False
_ARC1_CLARIFICATION_WORK/ARC1_FRESH/_ARC1_CORRECTED_WORK/FRESH_VERIFY_R1_0/M3A_THREE_SCALE_MOVING_DIRECTION_ARC1/ARC1_RANDOM_CENSUS.json,.json,21866,0143a610daef8d90c07df9f0a8a8ba9ba79f46ec7108472ea5338ead9dcca6ae,True,utf-8-sig,False
_ARC1_CLARIFICATION_WORK/ARC1_FRESH/_ARC1_CORRECTED_WORK/FRESH_VERIFY_R1_0/M3A_THREE_SCALE_MOVING_DIRECTION_ARC1/ASSUMPTIONS_LOCK.md,.md,1444,56d218e51b3efdb328970653f730899c23ab6968df4765720500002d7181187c,True,utf-8-sig,False
_ARC1_CLARIFICATION_WORK/ARC1_FRESH/_ARC1_CORRECTED_WORK/FRESH_VERIFY_R1_0/M3A_THREE_SCALE_MOVING_DIRECTION_ARC1/CLAIM_AND_NOVELTY_LEDGER.md,.md,1327,0de3033295e06312cb9cba2f277d104ad794794a184868f9e62111b708564980,True,utf-8-sig,False
_ARC1_CLARIFICATION_WORK/ARC1_FRESH/_ARC1_CORRECTED_WORK/FRESH_VERIFY_R1_0/M3A_THREE_SCALE_MOVING_DIRECTION_ARC1/CODE_INDEPENDENT_C/support_geometry.py,.py,1463,124f9c41f167a18f21380b94480cb5d7fc8e75a44b03ee1bfc9be065fec643f8,True,utf-8-sig,False
_ARC1_CLARIFICATION_WORK/ARC1_FRESH/_ARC1_CORRECTED_WORK/FRESH_VERIFY_R1_0/M3A_THREE_SCALE_MOVING_DIRECTION_ARC1/CODE_PRIMARY/compare_and_controls.py,.py,2972,ab2d8ca050aa21c091725064ac5bab336028118670b2a224f48f043dc1716a60,True,utf-8-sig,False
_ARC1_CLARIFICATION_WORK/ARC1_FRESH/_ARC1_CORRECTED_WORK/FRESH_VERIFY_R1_0/M3A_THREE_SCALE_MOVING_DIRECTION_ARC1/CODE_PRIMARY/integrity_gate.py,.py,4050,747236df3f961c61e7c07b369ff1f8f04010b1a143c223faba0ec587369b3ac4,True,utf-8-sig,False
_ARC1_CLARIFICATION_WORK/ARC1_FRESH/_ARC1_CORRECTED_WORK/FRESH_VERIFY_R1_0/M3A_THREE_SCALE_MOVING_DIRECTION_ARC1/CODE_PRIMARY/moving_direction_series.py,.py,5556,be49fd7cb0dccdf198a2b25e3152e780b53ab628fcc33ac5eded6314fd39b5f2,True,utf-8-sig,False
_ARC1_CLARIFICATION_WORK/ARC1_FRESH/_ARC1_CORRECTED_WORK/FRESH_VERIFY_R1_0/M3A_THREE_SCALE_MOVING_DIRECTION_ARC1/CODE_PRIMARY/polynomial_arc_census.py,.py,2681,5071e761661aa0ea832d86d2f8a37d741b36a3746d578f3266e9813857d12261,True,utf-8-sig,False
_ARC1_CLARIFICATION_WORK/ARC1_FRESH/_ARC1_CORRECTED_WORK/FRESH_VERIFY_R1_0/M3A_THREE_SCALE_MOVING_DIRECTION_ARC1/CODE_PRIMARY/verify_package.py,.py,1717,2fb6e06e7d81179ea241f73e6b254d64209e4cf73ff70c536f49d4fa1d65e2e4,True,utf-8-sig,False
_ARC1_CLARIFICATION_WORK/ARC1_FRESH/_ARC1_CORRECTED_WORK/FRESH_VERIFY_R1_0/M3A_THREE_SCALE_MOVING_DIRECTION_ARC1/COMPARISON_POLICY.json,.json,1049,6200b013bd63f12c6c095aba4c7c3b18e490910847a06172cc5961303f5c551d,True,utf-8-sig,False
_ARC1_CLARIFICATION_WORK/ARC1_FRESH/_ARC1_CORRECTED_WORK/FRESH_VERIFY_R1_0/M3A_THREE_SCALE_MOVING_DIRECTION_ARC1/COUNTEREXAMPLES_AND_CONTROLS.md,.md,2059,eb0d0afeac3d54e04f5fc05d60f089341d26cefc7433448678cdc2d69b43fec6,True,utf-8-sig,False
_ARC1_CLARIFICATION_WORK/ARC1_FRESH/_ARC1_CORRECTED_WORK/FRESH_VERIFY_R1_0/M3A_THREE_SCALE_MOVING_DIRECTION_ARC1/DATA/census.json,.json,21866,0143a610daef8d90c07df9f0a8a8ba9ba79f46ec7108472ea5338ead9dcca6ae,False,,True
_ARC1_CLARIFICATION_WORK/ARC1_FRESH/_ARC1_CORRECTED_WORK/FRESH_VERIFY_R1_0/M3A_THREE_SCALE_MOVING_DIRECTION_ARC1/DATA/comparison.json,.json,1822,a4194b5be2f8bcc3309dd4d2089a5b6e828f6637ca2105b4aa364f8aacd0c4a1,False,,True
_ARC1_CLARIFICATION_WORK/ARC1_FRESH/_ARC1_CORRECTED_WORK/FRESH_VERIFY_R1_0/M3A_THREE_SCALE_MOVING_DIRECTION_ARC1/DATA/independent_a.json,.json,5597,ccc91f31100870643892afa8c5287e772c7a3d4af3bfb45f2f88907d47453065,True,utf-8-sig,False
_ARC1_CLARIFICATION_WORK/ARC1_FRESH/_ARC1_CORRECTED_WORK/FRESH_VERIFY_R1_0/M3A_THREE_SCALE_MOVING_DIRECTION_ARC1/DATA/independent_b.json,.json,5589,cac5685909558efd3e6a50e46880c9c55b747d7ca50724c8a2884742b71748bb,True,utf-8-sig,False
_ARC1_CLARIFICATION_WORK/ARC1_FRESH/_ARC1_CORRECTED_WORK/FRESH_VERIFY_R1_0/M3A_THREE_SCALE_MOVING_DIRECTION_ARC1/DATA/independent_c.json,.json,312,ddadde63ba7dee5fbcd067b295d5c10f7fcd272ccc11db11ab06a4673fc749f8,True,utf-8-sig,False
_ARC1_CLARIFICATION_WORK/ARC1_FRESH/_ARC1_CORRECTED_WORK/FRESH_VERIFY_R1_0/M3A_THREE_SCALE_MOVING_DIRECTION_ARC1/DATA/integrity.json,.json,296,5c2fc519c8e3be0ac2386e1b7a26b79396d8bded0ebff796192ecb3a76b6b3c8,True,utf-8-sig,False
_ARC1_CLARIFICATION_WORK/ARC1_FRESH/_ARC1_CORRECTED_WORK/FRESH_VERIFY_R1_0/M3A_THREE_SCALE_MOVING_DIRECTION_ARC1/DATA/np1_controls.json,.json,479,7515c4397347c3831f43001dc634624c36018acce48ea0569c2a6d7bbdad00e1,True,utf-8-sig,False
_ARC1_CLARIFICATION_WORK/ARC1_FRESH/_ARC1_CORRECTED_WORK/FRESH_VERIFY_R1_0/M3A_THREE_SCALE_MOVING_DIRECTION_ARC1/DATA/primary.json,.json,5578,9ef468be3121689a8f5ba63981725a007ca4b2fde0aa48bd0b550cc718c10f15,True,utf-8-sig,False
_ARC1_CLARIFICATION_WORK/ARC1_FRESH/_ARC1_CORRECTED_WORK/FRESH_VERIFY_R1_0/M3A_THREE_SCALE_MOVING_DIRECTION_ARC1/DECLARED_PROTOCOL_COROLLARY.tex,.tex,1017,79d1bb0d6a52d427436b811232413a6493ec2c1dafc604ce78aa6e0f95550273,True,utf-8-sig,False
_ARC1_CLARIFICATION_WORK/ARC1_FRESH/_ARC1_CORRECTED_WORK/FRESH_VERIFY_R1_0/M3A_THREE_SCALE_MOVING_DIRECTION_ARC1/ENVIRONMENT_SPECIFICATION.txt,.txt,800,574c2fb44c315c186bff5b21cf3e08bed38e84230ace132c87aee3d8aa0c81d7,True,utf-8-sig,False
_ARC1_CLARIFICATION_WORK/ARC1_FRESH/_ARC1_CORRECTED_WORK/FRESH_VERIFY_R1_0/M3A_THREE_SCALE_MOVING_DIRECTION_ARC1/EXACT_DARK_MOVING_ARC_THEOREM.tex,.tex,844,064cee0ce1899943b1cc4b7ce4df74099e2970c00255a173fd9371dbf05b734c,True,utf-8-sig,False
_ARC1_CLARIFICATION_WORK/ARC1_FRESH/_ARC1_CORRECTED_WORK/FRESH_VERIFY_R1_0/M3A_THREE_SCALE_MOVING_DIRECTION_ARC1/EXPECTED/census.json,.json,21866,0143a610daef8d90c07df9f0a8a8ba9ba79f46ec7108472ea5338ead9dcca6ae,False,,True
_ARC1_CLARIFICATION_WORK/ARC1_FRESH/_ARC1_CORRECTED_WORK/FRESH_VERIFY_R1_0/M3A_THREE_SCALE_MOVING_DIRECTION_ARC1/EXPECTED/comparison.json,.json,1822,a4194b5be2f8bcc3309dd4d2089a5b6e828f6637ca2105b4aa364f8aacd0c4a1,False,,True
_ARC1_CLARIFICATION_WORK/ARC1_FRESH/_ARC1_CORRECTED_WORK/FRESH_VERIFY_R1_0/M3A_THREE_SCALE_MOVING_DIRECTION_ARC1/EXPECTED/independent_a.json,.json,5597,ccc91f31100870643892afa8c5287e772c7a3d4af3bfb45f2f88907d47453065,False,,True
_ARC1_CLARIFICATION_WORK/ARC1_FRESH/_ARC1_CORRECTED_WORK/FRESH_VERIFY_R1_0/M3A_THREE_SCALE_MOVING_DIRECTION_ARC1/EXPECTED/independent_b.json,.json,5589,cac5685909558efd3e6a50e46880c9c55b747d7ca50724c8a2884742b71748bb,False,,True
_ARC1_CLARIFICATION_WORK/ARC1_FRESH/_ARC1_CORRECTED_WORK/FRESH_VERIFY_R1_0/M3A_THREE_SCALE_MOVING_DIRECTION_ARC1/EXPECTED/independent_c.json,.json,312,ddadde63ba7dee5fbcd067b295d5c10f7fcd272ccc11db11ab06a4673fc749f8,False,,True
_ARC1_CLARIFICATION_WORK/ARC1_FRESH/_ARC1_CORRECTED_WORK/FRESH_VERIFY_R1_0/M3A_THREE_SCALE_MOVING_DIRECTION_ARC1/EXPECTED/integrity.json,.json,296,5c2fc519c8e3be0ac2386e1b7a26b79396d8bded0ebff796192ecb3a76b6b3c8,False,,True
_ARC1_CLARIFICATION_WORK/ARC1_FRESH/_ARC1_CORRECTED_WORK/FRESH_VERIFY_R1_0/M3A_THREE_SCALE_MOVING_DIRECTION_ARC1/EXPECTED/np1_controls.json,.json,479,7515c4397347c3831f43001dc634624c36018acce48ea0569c2a6d7bbdad00e1,False,,True
_ARC1_CLARIFICATION_WORK/ARC1_FRESH/_ARC1_CORRECTED_WORK/FRESH_VERIFY_R1_0/M3A_THREE_SCALE_MOVING_DIRECTION_ARC1/EXPECTED/primary.json,.json,5578,9ef468be3121689a8f5ba63981725a007ca4b2fde0aa48bd0b550cc718c10f15,False,,True
_ARC1_CLARIFICATION_WORK/ARC1_FRESH/_ARC1_CORRECTED_WORK/FRESH_VERIFY_R1_0/M3A_THREE_SCALE_MOVING_DIRECTION_ARC1/EXPECTED_CANONICAL.sha256,.sha256,731,eb76d505292c47a34de698b136f5f11a4fa4908946572787cd37f8ce3b0386d9,False,,False
_ARC1_CLARIFICATION_WORK/ARC1_FRESH/_ARC1_CORRECTED_WORK/FRESH_VERIFY_R1_0/M3A_THREE_SCALE_MOVING_DIRECTION_ARC1/FAILURE_LEDGER.md,.md,1200,62e7b0e9ab1ccf99ebd1d36f520874ea189e844fb160eee7be811ab87e9ad551,True,utf-8-sig,False
_ARC1_CLARIFICATION_WORK/ARC1_FRESH/_ARC1_CORRECTED_WORK/FRESH_VERIFY_R1_0/M3A_THREE_SCALE_MOVING_DIRECTION_ARC1/FALSIFIER_CERTIFICATE.md,.md,1171,45ea19a0dab49acacead15aa746ac4de092fee5c73f0625c739ec5123a027712,True,utf-8-sig,False
_ARC1_CLARIFICATION_WORK/ARC1_FRESH/_ARC1_CORRECTED_WORK/FRESH_VERIFY_R1_0/M3A_THREE_SCALE_MOVING_DIRECTION_ARC1/FINAL_ARC1_ASSESSMENT.md,.md,1468,10cfaa501f2daa2b63b9cf8c2b209098cc1cd57277db83f79ed3ac4357151193,True,utf-8-sig,False
_ARC1_CLARIFICATION_WORK/ARC1_FRESH/_ARC1_CORRECTED_WORK/FRESH_VERIFY_R1_0/M3A_THREE_SCALE_MOVING_DIRECTION_ARC1/FIXED_FIBRE_CITATION_AND_SCOPE_AUDIT.md,.md,630,72c4a819e3e9de2a97829b36e218b5ee309d045aa9b4d033ad3ded498a48d871,True,utf-8-sig,False
_ARC1_CLARIFICATION_WORK/ARC1_FRESH/_ARC1_CORRECTED_WORK/FRESH_VERIFY_R1_0/M3A_THREE_SCALE_MOVING_DIRECTION_ARC1/INPUT_ARCHIVES.sha256,.sha256,1485,9ddaae07f264a135566d68e4e2e2e22df22814728220855720188417cea2328a,False,,False
_ARC1_CLARIFICATION_WORK/ARC1_FRESH/_ARC1_CORRECTED_WORK/FRESH_VERIFY_R1_0/M3A_THREE_SCALE_MOVING_DIRECTION_ARC1/INPUTS/ARC1_HANDOFF.md,.md,687,dc906e353dd4a358b03a782b8c25c356a11e158ef0f209f49c488944fbe90ab3,True,utf-8-sig,False
_ARC1_CLARIFICATION_WORK/ARC1_FRESH/_ARC1_CORRECTED_WORK/FRESH_VERIFY_R1_0/M3A_THREE_SCALE_MOVING_DIRECTION_ARC1/INPUTS/CLAIM_AND_NOVELTY_LEDGER.md,.md,1333,bdd1213684a2b1606c6d224422fab0f9031968627077276a5c0b2ccb919837d3,True,utf-8-sig,False
_ARC1_CLARIFICATION_WORK/ARC1_FRESH/_ARC1_CORRECTED_WORK/FRESH_VERIFY_R1_0/M3A_THREE_SCALE_MOVING_DIRECTION_ARC1/INPUTS/FIBREWISE_ARC1_FIREWALL.md,.md,900,a6057270c50267a27d502041483fa12788c9b2d8e634b586cb0bbf9ecdd49cd6,True,utf-8-sig,False
_ARC1_CLARIFICATION_WORK/ARC1_FRESH/_ARC1_CORRECTED_WORK/FRESH_VERIFY_R1_0/M3A_THREE_SCALE_MOVING_DIRECTION_ARC1/INPUTS/FINAL_NP1_ASSESSMENT.md,.md,1201,6948379a877b50804428c9e90283bf4df9102bf21c206470d9d6fcab2c203995,True,utf-8-sig,False
_ARC1_CLARIFICATION_WORK/ARC1_FRESH/_ARC1_CORRECTED_WORK/FRESH_VERIFY_R1_0/M3A_THREE_SCALE_MOVING_DIRECTION_ARC1/INPUTS/M3A_ARC1_FALSIFIER_AND_COLLEAGUE_REQUESTS_AUDIT_2026-08-01.md,.md,17601,a855e845cd1a278e8b16c16a63b44d0e7738eca8df80d4b48fa8acd925e244d5,True,utf-8-sig,False
_ARC1_CLARIFICATION_WORK/ARC1_FRESH/_ARC1_CORRECTED_WORK/FRESH_VERIFY_R1_0/M3A_THREE_SCALE_MOVING_DIRECTION_ARC1/INPUTS/M3A_NEWTON_PROTOCOL_ATLAS_NP1_R1_0.zip,.zip,23801570,,False,,False
_ARC1_CLARIFICATION_WORK/ARC1_FRESH/_ARC1_CORRECTED_WORK/FRESH_VERIFY_R1_0/M3A_THREE_SCALE_MOVING_DIRECTION_ARC1/INPUTS/M3A_NEWTON_PROTOCOL_ATLAS_NP1_R1_0.zip.sha256,.sha256,105,dc8afe50cffae339cb51d040472f2f7755af22cf709b719b718031289072d4d2,False,,False
_ARC1_CLARIFICATION_WORK/ARC1_FRESH/_ARC1_CORRECTED_WORK/FRESH_VERIFY_R1_0/M3A_THREE_SCALE_MOVING_DIRECTION_ARC1/INPUTS/MANIFEST.sha256,.sha256,5252,e0b97616a89f871286c106391f1f92032f4b38e86fe101b46e77ee09f77e81db,False,,False
_ARC1_CLARIFICATION_WORK/ARC1_FRESH/_ARC1_CORRECTED_WORK/FRESH_VERIFY_R1_0/M3A_THREE_SCALE_MOVING_DIRECTION_ARC1/INPUTS/MOMENT_SUPPORT_CERTIFICATE.md,.md,1487,e13775cb015cf073a79f728178a8215db625d74c7a546f664525734ef685c889,True,utf-8-sig,False
_ARC1_CLARIFICATION_WORK/ARC1_FRESH/_ARC1_CORRECTED_WORK/FRESH_VERIFY_R1_0/M3A_THREE_SCALE_MOVING_DIRECTION_ARC1/INPUTS/NEWTON_FIBRE_TRICHOTOMY_THEOREM.tex,.tex,1372,09a875c2c1e39d205d503351d0bed6ebff6a3645f319cbb32b167ee16aa720b8,True,utf-8-sig,False
_ARC1_CLARIFICATION_WORK/ARC1_FRESH/_ARC1_CORRECTED_WORK/FRESH_VERIFY_R1_0/M3A_THREE_SCALE_MOVING_DIRECTION_ARC1/INPUTS/POSITIVE_PROTOCOL_FACE_THEOREM.tex,.tex,1245,161755513a6780be0be79abcbcd2c445537d68fd6b263821e0d0602bdc127bcb,True,utf-8-sig,False
_ARC1_CLARIFICATION_WORK/ARC1_FRESH/_ARC1_CORRECTED_WORK/FRESH_VERIFY_R1_0/M3A_THREE_SCALE_MOVING_DIRECTION_ARC1/INPUTS/REPRODUCE.sh,.sh,1303,921f9df39fbca405c3770ae66425268a56b701e11911da5922c00a525a226a94,True,utf-8-sig,False
_ARC1_CLARIFICATION_WORK/ARC1_FRESH/_ARC1_CORRECTED_WORK/FRESH_VERIFY_R1_0/M3A_THREE_SCALE_MOVING_DIRECTION_ARC1/INPUTS/TRANSFORMED_RESOLVENT_THEOREM.tex,.tex,1670,db838785f01eb0225777d54b1aa99ead3f340479bea193f6f5dda0aa03aa4328,True,utf-8-sig,False
_ARC1_CLARIFICATION_WORK/ARC1_FRESH/_ARC1_CORRECTED_WORK/FRESH_VERIFY_R1_0/M3A_THREE_SCALE_MOVING_DIRECTION_ARC1/INPUTS/WORKSTATION_ARC1_ANALYTIC_ARC_VALUATION_MASTER_PROMPT.md,.md,25185,af56237f2e8644037e6f51cd63b33ca26bc222febc4a88d31f6773da791bfd00,True,utf-8-sig,False
_ARC1_CLARIFICATION_WORK/ARC1_FRESH/_ARC1_CORRECTED_WORK/FRESH_VERIFY_R1_0/M3A_THREE_SCALE_MOVING_DIRECTION_ARC1/MANIFEST.sha256,.sha256,6569,a145679127db6abbdd727ee8564b39ce32a2c9402385591975d80340c50e9129,False,,False
_ARC1_CLARIFICATION_WORK/ARC1_FRESH/_ARC1_CORRECTED_WORK/FRESH_VERIFY_R1_0/M3A_THREE_SCALE_MOVING_DIRECTION_ARC1/MANIFEST_POLICY.md,.md,1030,fb088ebff921cee9eb337dde2b2080094f61924c8e913462467e918dbccb2fc3,True,utf-8-sig,False
_ARC1_CLARIFICATION_WORK/ARC1_FRESH/_ARC1_CORRECTED_WORK/FRESH_VERIFY_R1_0/M3A_THREE_SCALE_MOVING_DIRECTION_ARC1/NEXT_STAGE_HANDOFF.md,.md,748,962bcc0eddeff7f7f86c66c613bd5f0ff5d35a9544b7dce300dd6e2b42729f3d,True,utf-8-sig,False
_ARC1_CLARIFICATION_WORK/ARC1_FRESH/_ARC1_CORRECTED_WORK/FRESH_VERIFY_R1_0/M3A_THREE_SCALE_MOVING_DIRECTION_ARC1/NP1_CONTROL_EVIDENCE_MAP.md,.md,1049,34364d94757763e4d082beb8ca61296cdc1201e8ca9cca1f04d1b9fd8c969665,True,utf-8-sig,False
_ARC1_CLARIFICATION_WORK/ARC1_FRESH/_ARC1_CORRECTED_WORK/FRESH_VERIFY_R1_0/M3A_THREE_SCALE_MOVING_DIRECTION_ARC1/PAPER_REVISION_RECOMMENDATION.md,.md,715,77ae6f41e3a62389d1d753350dead2ed51756a56b3f244582d42094d654a28d5,True,utf-8-sig,False
_ARC1_CLARIFICATION_WORK/ARC1_FRESH/_ARC1_CORRECTED_WORK/FRESH_VERIFY_R1_0/M3A_THREE_SCALE_MOVING_DIRECTION_ARC1/PRIOR_ART_AUDIT.md,.md,2217,e4952cd2561b839aceb30491d7e11831584079aeb9ab62759dcb2105489da1ce,True,utf-8-sig,False
_ARC1_CLARIFICATION_WORK/ARC1_FRESH/_ARC1_CORRECTED_WORK/FRESH_VERIFY_R1_0/M3A_THREE_SCALE_MOVING_DIRECTION_ARC1/R1_1_SCOPE_AND_INTERPRETATION_PATCH.tex,.tex,1066,c63a76a8b25abe99ec7872149461a8b84b272ab04629fe9ab7958766d59e91ca,True,utf-8-sig,False
_ARC1_CLARIFICATION_WORK/ARC1_FRESH/_ARC1_CORRECTED_WORK/FRESH_VERIFY_R1_0/M3A_THREE_SCALE_MOVING_DIRECTION_ARC1/REPARAMETERISATION_LAWS.md,.md,800,64d83cc9118c29dd718669f3d19b2b67240a9bf6a5fe0c1f74658d6dfc1fdc0a,True,utf-8-sig,False
_ARC1_CLARIFICATION_WORK/ARC1_FRESH/_ARC1_CORRECTED_WORK/FRESH_VERIFY_R1_0/M3A_THREE_SCALE_MOVING_DIRECTION_ARC1/REPRODUCE.sh,.sh,1483,b8bfa5c313b9d10cc6c4452a73a4e1ca017e875dbe5b56d0469acde6f669d9ad,True,utf-8-sig,False
_ARC1_CLARIFICATION_WORK/ARC1_FRESH/_ARC1_CORRECTED_WORK/FRESH_VERIFY_R1_0/M3A_THREE_SCALE_MOVING_DIRECTION_ARC1/REPRODUCIBILITY_PROTOCOL.md,.md,1110,c42b288a704808493c47d7a43034769c6ad9f7fd166bc500d3e39f908fb4b393,True,utf-8-sig,False
_ARC1_CLARIFICATION_WORK/ARC1_FRESH/_ARC1_CORRECTED_WORK/FRESH_VERIFY_R1_0/M3A_THREE_SCALE_MOVING_DIRECTION_ARC1/SIGNED_GRAPH_COLLEAGUE_HANDOFF.md,.md,1327,3a6004e291c068f7809aada2b2578e2b879a62b9901558444cbd60eacad3a824,True,utf-8-sig,False
_ARC1_CLARIFICATION_WORK/ARC1_FRESH/_ARC1_CORRECTED_WORK/FRESH_VERIFY_R1_0/M3A_THREE_SCALE_MOVING_DIRECTION_ARC1/SMOOTH_FLAT_FAILURE.md,.md,600,0025e62b2ef2f451fdbf43698a8518674927f6399dd1c0b86225e2253f98ad12,True,utf-8-sig,False
_ARC1_CLARIFICATION_WORK/ARC1_FRESH/_ARC1_CORRECTED_WORK/FRESH_VERIFY_R1_0/M3A_THREE_SCALE_MOVING_DIRECTION_ARC1/SUPERSESSION_AND_PARAMETERISATION_FIREWALL.md,.md,996,249173c8ea55f05424d4416bcb05561a5f77db3c95d1b8adf7463a4ac80229f2,True,utf-8-sig,False
_ARC1_CLARIFICATION_WORK/ARC1_FRESH/_ARC1_CORRECTED_WORK/FRESH_VERIFY_R1_0/M3A_THREE_SCALE_MOVING_DIRECTION_ARC1/THREE_SCALE_SUPPORT_THEOREM.tex,.tex,2247,24e53623715f08b0f2c1ab577c17d77983d915c98dcb311ec1ec0e54d401c539,True,utf-8-sig,False
_ARC1_CLARIFICATION_WORK/ARC1_FRESH/_ARC1_CORRECTED_WORK/FRESH_VERIFY_R1_0/M3A_THREE_SCALE_MOVING_DIRECTION_ARC1/TIE_FACE_CANCELLATION_AND_NEXT_ORDER.tex,.tex,1104,a5c3400e7906e56b00c51628b531e2bf8f9835a2e51fc12c14b9b109916a5e81,True,utf-8-sig,False
_ARC1_CLARIFICATION_WORK/ARC1_FRESH/_ARC1_CORRECTED_WORK/FRESH_VERIFY_R1_0/M3A_THREE_SCALE_MOVING_DIRECTION_ARC1/TRANSFORMED_RESOLVENT_THREE_SCALE_THEOREM.tex,.tex,1055,761f0419f8772c1924c4c58975af433fb84d9275bcbc6a2d8ee330a78468db6b,True,utf-8-sig,False
_ARC1_CLARIFICATION_WORK/ARC1_FRESH/_ARC1_CORRECTED_WORK/FRESH_VERIFY_R1_0_FINAL/M3A_THREE_SCALE_MOVING_DIRECTION_ARC1/ARC1_CERTIFICATES.json,.json,1822,a4194b5be2f8bcc3309dd4d2089a5b6e828f6637ca2105b4aa364f8aacd0c4a1,False,,True
_ARC1_CLARIFICATION_WORK/ARC1_FRESH/_ARC1_CORRECTED_WORK/FRESH_VERIFY_R1_0_FINAL/M3A_THREE_SCALE_MOVING_DIRECTION_ARC1/ARC1_RANDOM_CENSUS.json,.json,21866,0143a610daef8d90c07df9f0a8a8ba9ba79f46ec7108472ea5338ead9dcca6ae,False,,True
_ARC1_CLARIFICATION_WORK/ARC1_FRESH/_ARC1_CORRECTED_WORK/FRESH_VERIFY_R1_0_FINAL/M3A_THREE_SCALE_MOVING_DIRECTION_ARC1/ASSUMPTIONS_LOCK.md,.md,1444,56d218e51b3efdb328970653f730899c23ab6968df4765720500002d7181187c,False,,True
_ARC1_CLARIFICATION_WORK/ARC1_FRESH/_ARC1_CORRECTED_WORK/FRESH_VERIFY_R1_0_FINAL/M3A_THREE_SCALE_MOVING_DIRECTION_ARC1/CLAIM_AND_NOVELTY_LEDGER.md,.md,1327,0de3033295e06312cb9cba2f277d104ad794794a184868f9e62111b708564980,False,,True
_ARC1_CLARIFICATION_WORK/ARC1_FRESH/_ARC1_CORRECTED_WORK/FRESH_VERIFY_R1_0_FINAL/M3A_THREE_SCALE_MOVING_DIRECTION_ARC1/CODE_INDEPENDENT_C/support_geometry.py,.py,1463,124f9c41f167a18f21380b94480cb5d7fc8e75a44b03ee1bfc9be065fec643f8,False,,True
_ARC1_CLARIFICATION_WORK/ARC1_FRESH/_ARC1_CORRECTED_WORK/FRESH_VERIFY_R1_0_FINAL/M3A_THREE_SCALE_MOVING_DIRECTION_ARC1/CODE_PRIMARY/compare_and_controls.py,.py,2972,ab2d8ca050aa21c091725064ac5bab336028118670b2a224f48f043dc1716a60,False,,True
_ARC1_CLARIFICATION_WORK/ARC1_FRESH/_ARC1_CORRECTED_WORK/FRESH_VERIFY_R1_0_FINAL/M3A_THREE_SCALE_MOVING_DIRECTION_ARC1/CODE_PRIMARY/integrity_gate.py,.py,4379,7cce7fe3d44897fa1aeee5f70f5d6e66a782edcbd28adc653cb578196ccf8c3d,True,utf-8-sig,False
_ARC1_CLARIFICATION_WORK/ARC1_FRESH/_ARC1_CORRECTED_WORK/FRESH_VERIFY_R1_0_FINAL/M3A_THREE_SCALE_MOVING_DIRECTION_ARC1/CODE_PRIMARY/moving_direction_series.py,.py,5556,be49fd7cb0dccdf198a2b25e3152e780b53ab628fcc33ac5eded6314fd39b5f2,False,,True
_ARC1_CLARIFICATION_WORK/ARC1_FRESH/_ARC1_CORRECTED_WORK/FRESH_VERIFY_R1_0_FINAL/M3A_THREE_SCALE_MOVING_DIRECTION_ARC1/CODE_PRIMARY/polynomial_arc_census.py,.py,2681,5071e761661aa0ea832d86d2f8a37d741b36a3746d578f3266e9813857d12261,False,,True
_ARC1_CLARIFICATION_WORK/ARC1_FRESH/_ARC1_CORRECTED_WORK/FRESH_VERIFY_R1_0_FINAL/M3A_THREE_SCALE_MOVING_DIRECTION_ARC1/CODE_PRIMARY/verify_package.py,.py,1717,2fb6e06e7d81179ea241f73e6b254d64209e4cf73ff70c536f49d4fa1d65e2e4,False,,True
_ARC1_CLARIFICATION_WORK/ARC1_FRESH/_ARC1_CORRECTED_WORK/FRESH_VERIFY_R1_0_FINAL/M3A_THREE_SCALE_MOVING_DIRECTION_ARC1/COMPARISON_POLICY.json,.json,1049,6200b013bd63f12c6c095aba4c7c3b18e490910847a06172cc5961303f5c551d,False,,True
_ARC1_CLARIFICATION_WORK/ARC1_FRESH/_ARC1_CORRECTED_WORK/FRESH_VERIFY_R1_0_FINAL/M3A_THREE_SCALE_MOVING_DIRECTION_ARC1/COUNTEREXAMPLES_AND_CONTROLS.md,.md,2059,eb0d0afeac3d54e04f5fc05d60f089341d26cefc7433448678cdc2d69b43fec6,False,,True
_ARC1_CLARIFICATION_WORK/ARC1_FRESH/_ARC1_CORRECTED_WORK/FRESH_VERIFY_R1_0_FINAL/M3A_THREE_SCALE_MOVING_DIRECTION_ARC1/DATA/census.json,.json,21866,0143a610daef8d90c07df9f0a8a8ba9ba79f46ec7108472ea5338ead9dcca6ae,False,,True
_ARC1_CLARIFICATION_WORK/ARC1_FRESH/_ARC1_CORRECTED_WORK/FRESH_VERIFY_R1_0_FINAL/M3A_THREE_SCALE_MOVING_DIRECTION_ARC1/DATA/comparison.json,.json,1822,a4194b5be2f8bcc3309dd4d2089a5b6e828f6637ca2105b4aa364f8aacd0c4a1,False,,True
_ARC1_CLARIFICATION_WORK/ARC1_FRESH/_ARC1_CORRECTED_WORK/FRESH_VERIFY_R1_0_FINAL/M3A_THREE_SCALE_MOVING_DIRECTION_ARC1/DATA/independent_a.json,.json,5597,ccc91f31100870643892afa8c5287e772c7a3d4af3bfb45f2f88907d47453065,False,,True
_ARC1_CLARIFICATION_WORK/ARC1_FRESH/_ARC1_CORRECTED_WORK/FRESH_VERIFY_R1_0_FINAL/M3A_THREE_SCALE_MOVING_DIRECTION_ARC1/DATA/independent_b.json,.json,5589,cac5685909558efd3e6a50e46880c9c55b747d7ca50724c8a2884742b71748bb,False,,True
_ARC1_CLARIFICATION_WORK/ARC1_FRESH/_ARC1_CORRECTED_WORK/FRESH_VERIFY_R1_0_FINAL/M3A_THREE_SCALE_MOVING_DIRECTION_ARC1/DATA/independent_c.json,.json,312,ddadde63ba7dee5fbcd067b295d5c10f7fcd272ccc11db11ab06a4673fc749f8,False,,True
_ARC1_CLARIFICATION_WORK/ARC1_FRESH/_ARC1_CORRECTED_WORK/FRESH_VERIFY_R1_0_FINAL/M3A_THREE_SCALE_MOVING_DIRECTION_ARC1/DATA/integrity.json,.json,296,5c2fc519c8e3be0ac2386e1b7a26b79396d8bded0ebff796192ecb3a76b6b3c8,False,,True
_ARC1_CLARIFICATION_WORK/ARC1_FRESH/_ARC1_CORRECTED_WORK/FRESH_VERIFY_R1_0_FINAL/M3A_THREE_SCALE_MOVING_DIRECTION_ARC1/DATA/np1_controls.json,.json,479,7515c4397347c3831f43001dc634624c36018acce48ea0569c2a6d7bbdad00e1,False,,True
_ARC1_CLARIFICATION_WORK/ARC1_FRESH/_ARC1_CORRECTED_WORK/FRESH_VERIFY_R1_0_FINAL/M3A_THREE_SCALE_MOVING_DIRECTION_ARC1/DATA/primary.json,.json,5578,9ef468be3121689a8f5ba63981725a007ca4b2fde0aa48bd0b550cc718c10f15,False,,True
_ARC1_CLARIFICATION_WORK/ARC1_FRESH/_ARC1_CORRECTED_WORK/FRESH_VERIFY_R1_0_FINAL/M3A_THREE_SCALE_MOVING_DIRECTION_ARC1/DECLARED_PROTOCOL_COROLLARY.tex,.tex,1017,79d1bb0d6a52d427436b811232413a6493ec2c1dafc604ce78aa6e0f95550273,False,,True
_ARC1_CLARIFICATION_WORK/ARC1_FRESH/_ARC1_CORRECTED_WORK/FRESH_VERIFY_R1_0_FINAL/M3A_THREE_SCALE_MOVING_DIRECTION_ARC1/ENVIRONMENT_SPECIFICATION.txt,.txt,800,574c2fb44c315c186bff5b21cf3e08bed38e84230ace132c87aee3d8aa0c81d7,False,,True
_ARC1_CLARIFICATION_WORK/ARC1_FRESH/_ARC1_CORRECTED_WORK/FRESH_VERIFY_R1_0_FINAL/M3A_THREE_SCALE_MOVING_DIRECTION_ARC1/EXACT_DARK_MOVING_ARC_THEOREM.tex,.tex,844,064cee0ce1899943b1cc4b7ce4df74099e2970c00255a173fd9371dbf05b734c,False,,True
_ARC1_CLARIFICATION_WORK/ARC1_FRESH/_ARC1_CORRECTED_WORK/FRESH_VERIFY_R1_0_FINAL/M3A_THREE_SCALE_MOVING_DIRECTION_ARC1/EXPECTED/census.json,.json,21866,0143a610daef8d90c07df9f0a8a8ba9ba79f46ec7108472ea5338ead9dcca6ae,False,,True
_ARC1_CLARIFICATION_WORK/ARC1_FRESH/_ARC1_CORRECTED_WORK/FRESH_VERIFY_R1_0_FINAL/M3A_THREE_SCALE_MOVING_DIRECTION_ARC1/EXPECTED/comparison.json,.json,1822,a4194b5be2f8bcc3309dd4d2089a5b6e828f6637ca2105b4aa364f8aacd0c4a1,False,,True
_ARC1_CLARIFICATION_WORK/ARC1_FRESH/_ARC1_CORRECTED_WORK/FRESH_VERIFY_R1_0_FINAL/M3A_THREE_SCALE_MOVING_DIRECTION_ARC1/EXPECTED/independent_a.json,.json,5597,ccc91f31100870643892afa8c5287e772c7a3d4af3bfb45f2f88907d47453065,False,,True
_ARC1_CLARIFICATION_WORK/ARC1_FRESH/_ARC1_CORRECTED_WORK/FRESH_VERIFY_R1_0_FINAL/M3A_THREE_SCALE_MOVING_DIRECTION_ARC1/EXPECTED/independent_b.json,.json,5589,cac5685909558efd3e6a50e46880c9c55b747d7ca50724c8a2884742b71748bb,False,,True
_ARC1_CLARIFICATION_WORK/ARC1_FRESH/_ARC1_CORRECTED_WORK/FRESH_VERIFY_R1_0_FINAL/M3A_THREE_SCALE_MOVING_DIRECTION_ARC1/EXPECTED/independent_c.json,.json,312,ddadde63ba7dee5fbcd067b295d5c10f7fcd272ccc11db11ab06a4673fc749f8,False,,True
_ARC1_CLARIFICATION_WORK/ARC1_FRESH/_ARC1_CORRECTED_WORK/FRESH_VERIFY_R1_0_FINAL/M3A_THREE_SCALE_MOVING_DIRECTION_ARC1/EXPECTED/integrity.json,.json,296,5c2fc519c8e3be0ac2386e1b7a26b79396d8bded0ebff796192ecb3a76b6b3c8,False,,True
_ARC1_CLARIFICATION_WORK/ARC1_FRESH/_ARC1_CORRECTED_WORK/FRESH_VERIFY_R1_0_FINAL/M3A_THREE_SCALE_MOVING_DIRECTION_ARC1/EXPECTED/np1_controls.json,.json,479,7515c4397347c3831f43001dc634624c36018acce48ea0569c2a6d7bbdad00e1,False,,True
_ARC1_CLARIFICATION_WORK/ARC1_FRESH/_ARC1_CORRECTED_WORK/FRESH_VERIFY_R1_0_FINAL/M3A_THREE_SCALE_MOVING_DIRECTION_ARC1/EXPECTED/primary.json,.json,5578,9ef468be3121689a8f5ba63981725a007ca4b2fde0aa48bd0b550cc718c10f15,False,,True
_ARC1_CLARIFICATION_WORK/ARC1_FRESH/_ARC1_CORRECTED_WORK/FRESH_VERIFY_R1_0_FINAL/M3A_THREE_SCALE_MOVING_DIRECTION_ARC1/EXPECTED_CANONICAL.sha256,.sha256,731,eb76d505292c47a34de698b136f5f11a4fa4908946572787cd37f8ce3b0386d9,False,,False
_ARC1_CLARIFICATION_WORK/ARC1_FRESH/_ARC1_CORRECTED_WORK/FRESH_VERIFY_R1_0_FINAL/M3A_THREE_SCALE_MOVING_DIRECTION_ARC1/FAILURE_LEDGER.md,.md,1200,62e7b0e9ab1ccf99ebd1d36f520874ea189e844fb160eee7be811ab87e9ad551,False,,True
_ARC1_CLARIFICATION_WORK/ARC1_FRESH/_ARC1_CORRECTED_WORK/FRESH_VERIFY_R1_0_FINAL/M3A_THREE_SCALE_MOVING_DIRECTION_ARC1/FALSIFIER_CERTIFICATE.md,.md,1171,45ea19a0dab49acacead15aa746ac4de092fee5c73f0625c739ec5123a027712,False,,True
_ARC1_CLARIFICATION_WORK/ARC1_FRESH/_ARC1_CORRECTED_WORK/FRESH_VERIFY_R1_0_FINAL/M3A_THREE_SCALE_MOVING_DIRECTION_ARC1/FINAL_ARC1_ASSESSMENT.md,.md,1468,10cfaa501f2daa2b63b9cf8c2b209098cc1cd57277db83f79ed3ac4357151193,False,,True
_ARC1_CLARIFICATION_WORK/ARC1_FRESH/_ARC1_CORRECTED_WORK/FRESH_VERIFY_R1_0_FINAL/M3A_THREE_SCALE_MOVING_DIRECTION_ARC1/FIXED_FIBRE_CITATION_AND_SCOPE_AUDIT.md,.md,630,72c4a819e3e9de2a97829b36e218b5ee309d045aa9b4d033ad3ded498a48d871,False,,True
_ARC1_CLARIFICATION_WORK/ARC1_FRESH/_ARC1_CORRECTED_WORK/FRESH_VERIFY_R1_0_FINAL/M3A_THREE_SCALE_MOVING_DIRECTION_ARC1/INPUT_ARCHIVES.sha256,.sha256,1489,c269d35619c81216c11a6a7e0d83c3650614ef8c8aa36a5abf70872e346666dd,False,,False
_ARC1_CLARIFICATION_WORK/ARC1_FRESH/_ARC1_CORRECTED_WORK/FRESH_VERIFY_R1_0_FINAL/M3A_THREE_SCALE_MOVING_DIRECTION_ARC1/INPUTS/ARC1_HANDOFF.md,.md,687,dc906e353dd4a358b03a782b8c25c356a11e158ef0f209f49c488944fbe90ab3,False,,True
_ARC1_CLARIFICATION_WORK/ARC1_FRESH/_ARC1_CORRECTED_WORK/FRESH_VERIFY_R1_0_FINAL/M3A_THREE_SCALE_MOVING_DIRECTION_ARC1/INPUTS/CLAIM_AND_NOVELTY_LEDGER.md,.md,1333,bdd1213684a2b1606c6d224422fab0f9031968627077276a5c0b2ccb919837d3,False,,True
_ARC1_CLARIFICATION_WORK/ARC1_FRESH/_ARC1_CORRECTED_WORK/FRESH_VERIFY_R1_0_FINAL/M3A_THREE_SCALE_MOVING_DIRECTION_ARC1/INPUTS/FIBREWISE_ARC1_FIREWALL.md,.md,900,a6057270c50267a27d502041483fa12788c9b2d8e634b586cb0bbf9ecdd49cd6,False,,True
_ARC1_CLARIFICATION_WORK/ARC1_FRESH/_ARC1_CORRECTED_WORK/FRESH_VERIFY_R1_0_FINAL/M3A_THREE_SCALE_MOVING_DIRECTION_ARC1/INPUTS/FINAL_NP1_ASSESSMENT.md,.md,1201,6948379a877b50804428c9e90283bf4df9102bf21c206470d9d6fcab2c203995,False,,True
_ARC1_CLARIFICATION_WORK/ARC1_FRESH/_ARC1_CORRECTED_WORK/FRESH_VERIFY_R1_0_FINAL/M3A_THREE_SCALE_MOVING_DIRECTION_ARC1/INPUTS/M3A_ARC1_FALSIFIER_AND_COLLEAGUE_REQUESTS_AUDIT_2026-08-01.md,.md,17601,a855e845cd1a278e8b16c16a63b44d0e7738eca8df80d4b48fa8acd925e244d5,False,,True
_ARC1_CLARIFICATION_WORK/ARC1_FRESH/_ARC1_CORRECTED_WORK/FRESH_VERIFY_R1_0_FINAL/M3A_THREE_SCALE_MOVING_DIRECTION_ARC1/INPUTS/M3A_NEWTON_PROTOCOL_ATLAS_NP1_R1_0.zip,.zip,23801570,,False,,False
_ARC1_CLARIFICATION_WORK/ARC1_FRESH/_ARC1_CORRECTED_WORK/FRESH_VERIFY_R1_0_FINAL/M3A_THREE_SCALE_MOVING_DIRECTION_ARC1/INPUTS/M3A_NEWTON_PROTOCOL_ATLAS_NP1_R1_0.zip.sha256,.sha256,105,dc8afe50cffae339cb51d040472f2f7755af22cf709b719b718031289072d4d2,False,,False
_ARC1_CLARIFICATION_WORK/ARC1_FRESH/_ARC1_CORRECTED_WORK/FRESH_VERIFY_R1_0_FINAL/M3A_THREE_SCALE_MOVING_DIRECTION_ARC1/INPUTS/MOMENT_SUPPORT_CERTIFICATE.md,.md,1487,e13775cb015cf073a79f728178a8215db625d74c7a546f664525734ef685c889,False,,True
_ARC1_CLARIFICATION_WORK/ARC1_FRESH/_ARC1_CORRECTED_WORK/FRESH_VERIFY_R1_0_FINAL/M3A_THREE_SCALE_MOVING_DIRECTION_ARC1/INPUTS/NEWTON_FIBRE_TRICHOTOMY_THEOREM.tex,.tex,1372,09a875c2c1e39d205d503351d0bed6ebff6a3645f319cbb32b167ee16aa720b8,False,,True
_ARC1_CLARIFICATION_WORK/ARC1_FRESH/_ARC1_CORRECTED_WORK/FRESH_VERIFY_R1_0_FINAL/M3A_THREE_SCALE_MOVING_DIRECTION_ARC1/INPUTS/NP1_MANIFEST.sha256,.sha256,5252,e0b97616a89f871286c106391f1f92032f4b38e86fe101b46e77ee09f77e81db,False,,False
_ARC1_CLARIFICATION_WORK/ARC1_FRESH/_ARC1_CORRECTED_WORK/FRESH_VERIFY_R1_0_FINAL/M3A_THREE_SCALE_MOVING_DIRECTION_ARC1/INPUTS/POSITIVE_PROTOCOL_FACE_THEOREM.tex,.tex,1245,161755513a6780be0be79abcbcd2c445537d68fd6b263821e0d0602bdc127bcb,False,,True
_ARC1_CLARIFICATION_WORK/ARC1_FRESH/_ARC1_CORRECTED_WORK/FRESH_VERIFY_R1_0_FINAL/M3A_THREE_SCALE_MOVING_DIRECTION_ARC1/INPUTS/REPRODUCE.sh,.sh,1303,921f9df39fbca405c3770ae66425268a56b701e11911da5922c00a525a226a94,False,,True
_ARC1_CLARIFICATION_WORK/ARC1_FRESH/_ARC1_CORRECTED_WORK/FRESH_VERIFY_R1_0_FINAL/M3A_THREE_SCALE_MOVING_DIRECTION_ARC1/INPUTS/TRANSFORMED_RESOLVENT_THEOREM.tex,.tex,1670,db838785f01eb0225777d54b1aa99ead3f340479bea193f6f5dda0aa03aa4328,False,,True
_ARC1_CLARIFICATION_WORK/ARC1_FRESH/_ARC1_CORRECTED_WORK/FRESH_VERIFY_R1_0_FINAL/M3A_THREE_SCALE_MOVING_DIRECTION_ARC1/INPUTS/WORKSTATION_ARC1_ANALYTIC_ARC_VALUATION_MASTER_PROMPT.md,.md,25185,af56237f2e8644037e6f51cd63b33ca26bc222febc4a88d31f6773da791bfd00,False,,True
_ARC1_CLARIFICATION_WORK/ARC1_FRESH/_ARC1_CORRECTED_WORK/FRESH_VERIFY_R1_0_FINAL/M3A_THREE_SCALE_MOVING_DIRECTION_ARC1/MANIFEST.sha256,.sha256,6573,f975d2739c0c101524861dc85230fa39fb87fb0d3250e7ecb17f9a5145893c3d,False,,False
_ARC1_CLARIFICATION_WORK/ARC1_FRESH/_ARC1_CORRECTED_WORK/FRESH_VERIFY_R1_0_FINAL/M3A_THREE_SCALE_MOVING_DIRECTION_ARC1/MANIFEST_POLICY.md,.md,1030,fb088ebff921cee9eb337dde2b2080094f61924c8e913462467e918dbccb2fc3,False,,True
_ARC1_CLARIFICATION_WORK/ARC1_FRESH/_ARC1_CORRECTED_WORK/FRESH_VERIFY_R1_0_FINAL/M3A_THREE_SCALE_MOVING_DIRECTION_ARC1/NEXT_STAGE_HANDOFF.md,.md,748,962bcc0eddeff7f7f86c66c613bd5f0ff5d35a9544b7dce300dd6e2b42729f3d,False,,True
_ARC1_CLARIFICATION_WORK/ARC1_FRESH/_ARC1_CORRECTED_WORK/FRESH_VERIFY_R1_0_FINAL/M3A_THREE_SCALE_MOVING_DIRECTION_ARC1/NP1_CONTROL_EVIDENCE_MAP.md,.md,1049,34364d94757763e4d082beb8ca61296cdc1201e8ca9cca1f04d1b9fd8c969665,False,,True
_ARC1_CLARIFICATION_WORK/ARC1_FRESH/_ARC1_CORRECTED_WORK/FRESH_VERIFY_R1_0_FINAL/M3A_THREE_SCALE_MOVING_DIRECTION_ARC1/PAPER_REVISION_RECOMMENDATION.md,.md,715,77ae6f41e3a62389d1d753350dead2ed51756a56b3f244582d42094d654a28d5,False,,True
_ARC1_CLARIFICATION_WORK/ARC1_FRESH/_ARC1_CORRECTED_WORK/FRESH_VERIFY_R1_0_FINAL/M3A_THREE_SCALE_MOVING_DIRECTION_ARC1/PRIOR_ART_AUDIT.md,.md,2217,e4952cd2561b839aceb30491d7e11831584079aeb9ab62759dcb2105489da1ce,False,,True
_ARC1_CLARIFICATION_WORK/ARC1_FRESH/_ARC1_CORRECTED_WORK/FRESH_VERIFY_R1_0_FINAL/M3A_THREE_SCALE_MOVING_DIRECTION_ARC1/R1_1_SCOPE_AND_INTERPRETATION_PATCH.tex,.tex,1066,c63a76a8b25abe99ec7872149461a8b84b272ab04629fe9ab7958766d59e91ca,False,,True
_ARC1_CLARIFICATION_WORK/ARC1_FRESH/_ARC1_CORRECTED_WORK/FRESH_VERIFY_R1_0_FINAL/M3A_THREE_SCALE_MOVING_DIRECTION_ARC1/REPARAMETERISATION_LAWS.md,.md,800,64d83cc9118c29dd718669f3d19b2b67240a9bf6a5fe0c1f74658d6dfc1fdc0a,False,,True
_ARC1_CLARIFICATION_WORK/ARC1_FRESH/_ARC1_CORRECTED_WORK/FRESH_VERIFY_R1_0_FINAL/M3A_THREE_SCALE_MOVING_DIRECTION_ARC1/REPRODUCE.sh,.sh,1483,b8bfa5c313b9d10cc6c4452a73a4e1ca017e875dbe5b56d0469acde6f669d9ad,False,,True
_ARC1_CLARIFICATION_WORK/ARC1_FRESH/_ARC1_CORRECTED_WORK/FRESH_VERIFY_R1_0_FINAL/M3A_THREE_SCALE_MOVING_DIRECTION_ARC1/REPRODUCIBILITY_PROTOCOL.md,.md,1110,c42b288a704808493c47d7a43034769c6ad9f7fd166bc500d3e39f908fb4b393,False,,True
_ARC1_CLARIFICATION_WORK/ARC1_FRESH/_ARC1_CORRECTED_WORK/FRESH_VERIFY_R1_0_FINAL/M3A_THREE_SCALE_MOVING_DIRECTION_ARC1/SIGNED_GRAPH_COLLEAGUE_HANDOFF.md,.md,1327,3a6004e291c068f7809aada2b2578e2b879a62b9901558444cbd60eacad3a824,False,,True
_ARC1_CLARIFICATION_WORK/ARC1_FRESH/_ARC1_CORRECTED_WORK/FRESH_VERIFY_R1_0_FINAL/M3A_THREE_SCALE_MOVING_DIRECTION_ARC1/SMOOTH_FLAT_FAILURE.md,.md,600,0025e62b2ef2f451fdbf43698a8518674927f6399dd1c0b86225e2253f98ad12,False,,True
_ARC1_CLARIFICATION_WORK/ARC1_FRESH/_ARC1_CORRECTED_WORK/FRESH_VERIFY_R1_0_FINAL/M3A_THREE_SCALE_MOVING_DIRECTION_ARC1/SUPERSESSION_AND_PARAMETERISATION_FIREWALL.md,.md,996,249173c8ea55f05424d4416bcb05561a5f77db3c95d1b8adf7463a4ac80229f2,False,,True
_ARC1_CLARIFICATION_WORK/ARC1_FRESH/_ARC1_CORRECTED_WORK/FRESH_VERIFY_R1_0_FINAL/M3A_THREE_SCALE_MOVING_DIRECTION_ARC1/THREE_SCALE_SUPPORT_THEOREM.tex,.tex,2247,24e53623715f08b0f2c1ab577c17d77983d915c98dcb311ec1ec0e54d401c539,False,,True
_ARC1_CLARIFICATION_WORK/ARC1_FRESH/_ARC1_CORRECTED_WORK/FRESH_VERIFY_R1_0_FINAL/M3A_THREE_SCALE_MOVING_DIRECTION_ARC1/TIE_FACE_CANCELLATION_AND_NEXT_ORDER.tex,.tex,1104,a5c3400e7906e56b00c51628b531e2bf8f9835a2e51fc12c14b9b109916a5e81,False,,True
_ARC1_CLARIFICATION_WORK/ARC1_FRESH/_ARC1_CORRECTED_WORK/FRESH_VERIFY_R1_0_FINAL/M3A_THREE_SCALE_MOVING_DIRECTION_ARC1/TRANSFORMED_RESOLVENT_THREE_SCALE_THEOREM.tex,.tex,1055,761f0419f8772c1924c4c58975af433fb84d9275bcbc6a2d8ee330a78468db6b,False,,True
_ARC1_CLARIFICATION_WORK/ARC1_FRESH/_ARC1_CORRECTED_WORK/M3A_THREE_SCALE_MOVING_DIRECTION_ARC1/ARC1_CERTIFICATES.json,.json,1822,a4194b5be2f8bcc3309dd4d2089a5b6e828f6637ca2105b4aa364f8aacd0c4a1,False,,True
_ARC1_CLARIFICATION_WORK/ARC1_FRESH/_ARC1_CORRECTED_WORK/M3A_THREE_SCALE_MOVING_DIRECTION_ARC1/ARC1_RANDOM_CENSUS.json,.json,21866,0143a610daef8d90c07df9f0a8a8ba9ba79f46ec7108472ea5338ead9dcca6ae,False,,True
_ARC1_CLARIFICATION_WORK/ARC1_FRESH/_ARC1_CORRECTED_WORK/M3A_THREE_SCALE_MOVING_DIRECTION_ARC1/ASSUMPTIONS_LOCK.md,.md,1444,56d218e51b3efdb328970653f730899c23ab6968df4765720500002d7181187c,False,,True
_ARC1_CLARIFICATION_WORK/ARC1_FRESH/_ARC1_CORRECTED_WORK/M3A_THREE_SCALE_MOVING_DIRECTION_ARC1/CLAIM_AND_NOVELTY_LEDGER.md,.md,1327,0de3033295e06312cb9cba2f277d104ad794794a184868f9e62111b708564980,False,,True
_ARC1_CLARIFICATION_WORK/ARC1_FRESH/_ARC1_CORRECTED_WORK/M3A_THREE_SCALE_MOVING_DIRECTION_ARC1/CODE_INDEPENDENT_C/support_geometry.py,.py,1463,124f9c41f167a18f21380b94480cb5d7fc8e75a44b03ee1bfc9be065fec643f8,False,,True
_ARC1_CLARIFICATION_WORK/ARC1_FRESH/_ARC1_CORRECTED_WORK/M3A_THREE_SCALE_MOVING_DIRECTION_ARC1/CODE_PRIMARY/compare_and_controls.py,.py,2972,ab2d8ca050aa21c091725064ac5bab336028118670b2a224f48f043dc1716a60,False,,True
_ARC1_CLARIFICATION_WORK/ARC1_FRESH/_ARC1_CORRECTED_WORK/M3A_THREE_SCALE_MOVING_DIRECTION_ARC1/CODE_PRIMARY/integrity_gate.py,.py,4379,7cce7fe3d44897fa1aeee5f70f5d6e66a782edcbd28adc653cb578196ccf8c3d,False,,True
_ARC1_CLARIFICATION_WORK/ARC1_FRESH/_ARC1_CORRECTED_WORK/M3A_THREE_SCALE_MOVING_DIRECTION_ARC1/CODE_PRIMARY/moving_direction_series.py,.py,5556,be49fd7cb0dccdf198a2b25e3152e780b53ab628fcc33ac5eded6314fd39b5f2,False,,True
_ARC1_CLARIFICATION_WORK/ARC1_FRESH/_ARC1_CORRECTED_WORK/M3A_THREE_SCALE_MOVING_DIRECTION_ARC1/CODE_PRIMARY/polynomial_arc_census.py,.py,2681,5071e761661aa0ea832d86d2f8a37d741b36a3746d578f3266e9813857d12261,False,,True
_ARC1_CLARIFICATION_WORK/ARC1_FRESH/_ARC1_CORRECTED_WORK/M3A_THREE_SCALE_MOVING_DIRECTION_ARC1/CODE_PRIMARY/verify_package.py,.py,1717,2fb6e06e7d81179ea241f73e6b254d64209e4cf73ff70c536f49d4fa1d65e2e4,False,,True
_ARC1_CLARIFICATION_WORK/ARC1_FRESH/_ARC1_CORRECTED_WORK/M3A_THREE_SCALE_MOVING_DIRECTION_ARC1/COMPARISON_POLICY.json,.json,1049,6200b013bd63f12c6c095aba4c7c3b18e490910847a06172cc5961303f5c551d,False,,True
_ARC1_CLARIFICATION_WORK/ARC1_FRESH/_ARC1_CORRECTED_WORK/M3A_THREE_SCALE_MOVING_DIRECTION_ARC1/COUNTEREXAMPLES_AND_CONTROLS.md,.md,2059,eb0d0afeac3d54e04f5fc05d60f089341d26cefc7433448678cdc2d69b43fec6,False,,True
_ARC1_CLARIFICATION_WORK/ARC1_FRESH/_ARC1_CORRECTED_WORK/M3A_THREE_SCALE_MOVING_DIRECTION_ARC1/DATA/census.json,.json,21866,0143a610daef8d90c07df9f0a8a8ba9ba79f46ec7108472ea5338ead9dcca6ae,False,,True
_ARC1_CLARIFICATION_WORK/ARC1_FRESH/_ARC1_CORRECTED_WORK/M3A_THREE_SCALE_MOVING_DIRECTION_ARC1/DATA/comparison.json,.json,1822,a4194b5be2f8bcc3309dd4d2089a5b6e828f6637ca2105b4aa364f8aacd0c4a1,False,,True
_ARC1_CLARIFICATION_WORK/ARC1_FRESH/_ARC1_CORRECTED_WORK/M3A_THREE_SCALE_MOVING_DIRECTION_ARC1/DATA/independent_a.json,.json,5597,ccc91f31100870643892afa8c5287e772c7a3d4af3bfb45f2f88907d47453065,False,,True
_ARC1_CLARIFICATION_WORK/ARC1_FRESH/_ARC1_CORRECTED_WORK/M3A_THREE_SCALE_MOVING_DIRECTION_ARC1/DATA/independent_b.json,.json,5589,cac5685909558efd3e6a50e46880c9c55b747d7ca50724c8a2884742b71748bb,False,,True
_ARC1_CLARIFICATION_WORK/ARC1_FRESH/_ARC1_CORRECTED_WORK/M3A_THREE_SCALE_MOVING_DIRECTION_ARC1/DATA/independent_c.json,.json,312,ddadde63ba7dee5fbcd067b295d5c10f7fcd272ccc11db11ab06a4673fc749f8,False,,True
_ARC1_CLARIFICATION_WORK/ARC1_FRESH/_ARC1_CORRECTED_WORK/M3A_THREE_SCALE_MOVING_DIRECTION_ARC1/DATA/integrity.json,.json,296,5c2fc519c8e3be0ac2386e1b7a26b79396d8bded0ebff796192ecb3a76b6b3c8,False,,True
_ARC1_CLARIFICATION_WORK/ARC1_FRESH/_ARC1_CORRECTED_WORK/M3A_THREE_SCALE_MOVING_DIRECTION_ARC1/DATA/np1_controls.json,.json,479,7515c4397347c3831f43001dc634624c36018acce48ea0569c2a6d7bbdad00e1,False,,True
_ARC1_CLARIFICATION_WORK/ARC1_FRESH/_ARC1_CORRECTED_WORK/M3A_THREE_SCALE_MOVING_DIRECTION_ARC1/DATA/primary.json,.json,5578,9ef468be3121689a8f5ba63981725a007ca4b2fde0aa48bd0b550cc718c10f15,False,,True
_ARC1_CLARIFICATION_WORK/ARC1_FRESH/_ARC1_CORRECTED_WORK/M3A_THREE_SCALE_MOVING_DIRECTION_ARC1/DECLARED_PROTOCOL_COROLLARY.tex,.tex,1017,79d1bb0d6a52d427436b811232413a6493ec2c1dafc604ce78aa6e0f95550273,False,,True
_ARC1_CLARIFICATION_WORK/ARC1_FRESH/_ARC1_CORRECTED_WORK/M3A_THREE_SCALE_MOVING_DIRECTION_ARC1/ENVIRONMENT_SPECIFICATION.txt,.txt,800,574c2fb44c315c186bff5b21cf3e08bed38e84230ace132c87aee3d8aa0c81d7,False,,True
_ARC1_CLARIFICATION_WORK/ARC1_FRESH/_ARC1_CORRECTED_WORK/M3A_THREE_SCALE_MOVING_DIRECTION_ARC1/EXACT_DARK_MOVING_ARC_THEOREM.tex,.tex,844,064cee0ce1899943b1cc4b7ce4df74099e2970c00255a173fd9371dbf05b734c,False,,True
_ARC1_CLARIFICATION_WORK/ARC1_FRESH/_ARC1_CORRECTED_WORK/M3A_THREE_SCALE_MOVING_DIRECTION_ARC1/EXPECTED/census.json,.json,21866,0143a610daef8d90c07df9f0a8a8ba9ba79f46ec7108472ea5338ead9dcca6ae,False,,True
_ARC1_CLARIFICATION_WORK/ARC1_FRESH/_ARC1_CORRECTED_WORK/M3A_THREE_SCALE_MOVING_DIRECTION_ARC1/EXPECTED/comparison.json,.json,1822,a4194b5be2f8bcc3309dd4d2089a5b6e828f6637ca2105b4aa364f8aacd0c4a1,False,,True
_ARC1_CLARIFICATION_WORK/ARC1_FRESH/_ARC1_CORRECTED_WORK/M3A_THREE_SCALE_MOVING_DIRECTION_ARC1/EXPECTED/independent_a.json,.json,5597,ccc91f31100870643892afa8c5287e772c7a3d4af3bfb45f2f88907d47453065,False,,True
_ARC1_CLARIFICATION_WORK/ARC1_FRESH/_ARC1_CORRECTED_WORK/M3A_THREE_SCALE_MOVING_DIRECTION_ARC1/EXPECTED/independent_b.json,.json,5589,cac5685909558efd3e6a50e46880c9c55b747d7ca50724c8a2884742b71748bb,False,,True
_ARC1_CLARIFICATION_WORK/ARC1_FRESH/_ARC1_CORRECTED_WORK/M3A_THREE_SCALE_MOVING_DIRECTION_ARC1/EXPECTED/independent_c.json,.json,312,ddadde63ba7dee5fbcd067b295d5c10f7fcd272ccc11db11ab06a4673fc749f8,False,,True
_ARC1_CLARIFICATION_WORK/ARC1_FRESH/_ARC1_CORRECTED_WORK/M3A_THREE_SCALE_MOVING_DIRECTION_ARC1/EXPECTED/integrity.json,.json,296,5c2fc519c8e3be0ac2386e1b7a26b79396d8bded0ebff796192ecb3a76b6b3c8,False,,True
_ARC1_CLARIFICATION_WORK/ARC1_FRESH/_ARC1_CORRECTED_WORK/M3A_THREE_SCALE_MOVING_DIRECTION_ARC1/EXPECTED/np1_controls.json,.json,479,7515c4397347c3831f43001dc634624c36018acce48ea0569c2a6d7bbdad00e1,False,,True
_ARC1_CLARIFICATION_WORK/ARC1_FRESH/_ARC1_CORRECTED_WORK/M3A_THREE_SCALE_MOVING_DIRECTION_ARC1/EXPECTED/primary.json,.json,5578,9ef468be3121689a8f5ba63981725a007ca4b2fde0aa48bd0b550cc718c10f15,False,,True
_ARC1_CLARIFICATION_WORK/ARC1_FRESH/_ARC1_CORRECTED_WORK/M3A_THREE_SCALE_MOVING_DIRECTION_ARC1/EXPECTED_CANONICAL.sha256,.sha256,731,eb76d505292c47a34de698b136f5f11a4fa4908946572787cd37f8ce3b0386d9,False,,False
_ARC1_CLARIFICATION_WORK/ARC1_FRESH/_ARC1_CORRECTED_WORK/M3A_THREE_SCALE_MOVING_DIRECTION_ARC1/FAILURE_LEDGER.md,.md,1200,62e7b0e9ab1ccf99ebd1d36f520874ea189e844fb160eee7be811ab87e9ad551,False,,True
_ARC1_CLARIFICATION_WORK/ARC1_FRESH/_ARC1_CORRECTED_WORK/M3A_THREE_SCALE_MOVING_DIRECTION_ARC1/FALSIFIER_CERTIFICATE.md,.md,1171,45ea19a0dab49acacead15aa746ac4de092fee5c73f0625c739ec5123a027712,False,,True
_ARC1_CLARIFICATION_WORK/ARC1_FRESH/_ARC1_CORRECTED_WORK/M3A_THREE_SCALE_MOVING_DIRECTION_ARC1/FINAL_ARC1_ASSESSMENT.md,.md,1468,10cfaa501f2daa2b63b9cf8c2b209098cc1cd57277db83f79ed3ac4357151193,False,,True
_ARC1_CLARIFICATION_WORK/ARC1_FRESH/_ARC1_CORRECTED_WORK/M3A_THREE_SCALE_MOVING_DIRECTION_ARC1/FIXED_FIBRE_CITATION_AND_SCOPE_AUDIT.md,.md,630,72c4a819e3e9de2a97829b36e218b5ee309d045aa9b4d033ad3ded498a48d871,False,,True
_ARC1_CLARIFICATION_WORK/ARC1_FRESH/_ARC1_CORRECTED_WORK/M3A_THREE_SCALE_MOVING_DIRECTION_ARC1/INPUT_ARCHIVES.sha256,.sha256,1489,c269d35619c81216c11a6a7e0d83c3650614ef8c8aa36a5abf70872e346666dd,False,,False
_ARC1_CLARIFICATION_WORK/ARC1_FRESH/_ARC1_CORRECTED_WORK/M3A_THREE_SCALE_MOVING_DIRECTION_ARC1/INPUTS/ARC1_HANDOFF.md,.md,687,dc906e353dd4a358b03a782b8c25c356a11e158ef0f209f49c488944fbe90ab3,False,,True
_ARC1_CLARIFICATION_WORK/ARC1_FRESH/_ARC1_CORRECTED_WORK/M3A_THREE_SCALE_MOVING_DIRECTION_ARC1/INPUTS/CLAIM_AND_NOVELTY_LEDGER.md,.md,1333,bdd1213684a2b1606c6d224422fab0f9031968627077276a5c0b2ccb919837d3,False,,True
_ARC1_CLARIFICATION_WORK/ARC1_FRESH/_ARC1_CORRECTED_WORK/M3A_THREE_SCALE_MOVING_DIRECTION_ARC1/INPUTS/FIBREWISE_ARC1_FIREWALL.md,.md,900,a6057270c50267a27d502041483fa12788c9b2d8e634b586cb0bbf9ecdd49cd6,False,,True
_ARC1_CLARIFICATION_WORK/ARC1_FRESH/_ARC1_CORRECTED_WORK/M3A_THREE_SCALE_MOVING_DIRECTION_ARC1/INPUTS/FINAL_NP1_ASSESSMENT.md,.md,1201,6948379a877b50804428c9e90283bf4df9102bf21c206470d9d6fcab2c203995,False,,True
_ARC1_CLARIFICATION_WORK/ARC1_FRESH/_ARC1_CORRECTED_WORK/M3A_THREE_SCALE_MOVING_DIRECTION_ARC1/INPUTS/M3A_ARC1_FALSIFIER_AND_COLLEAGUE_REQUESTS_AUDIT_2026-08-01.md,.md,17601,a855e845cd1a278e8b16c16a63b44d0e7738eca8df80d4b48fa8acd925e244d5,False,,True
_ARC1_CLARIFICATION_WORK/ARC1_FRESH/_ARC1_CORRECTED_WORK/M3A_THREE_SCALE_MOVING_DIRECTION_ARC1/INPUTS/M3A_NEWTON_PROTOCOL_ATLAS_NP1_R1_0.zip,.zip,23801570,,False,,False
_ARC1_CLARIFICATION_WORK/ARC1_FRESH/_ARC1_CORRECTED_WORK/M3A_THREE_SCALE_MOVING_DIRECTION_ARC1/INPUTS/M3A_NEWTON_PROTOCOL_ATLAS_NP1_R1_0.zip.sha256,.sha256,105,dc8afe50cffae339cb51d040472f2f7755af22cf709b719b718031289072d4d2,False,,False
_ARC1_CLARIFICATION_WORK/ARC1_FRESH/_ARC1_CORRECTED_WORK/M3A_THREE_SCALE_MOVING_DIRECTION_ARC1/INPUTS/MOMENT_SUPPORT_CERTIFICATE.md,.md,1487,e13775cb015cf073a79f728178a8215db625d74c7a546f664525734ef685c889,False,,True
_ARC1_CLARIFICATION_WORK/ARC1_FRESH/_ARC1_CORRECTED_WORK/M3A_THREE_SCALE_MOVING_DIRECTION_ARC1/INPUTS/NEWTON_FIBRE_TRICHOTOMY_THEOREM.tex,.tex,1372,09a875c2c1e39d205d503351d0bed6ebff6a3645f319cbb32b167ee16aa720b8,False,,True
_ARC1_CLARIFICATION_WORK/ARC1_FRESH/_ARC1_CORRECTED_WORK/M3A_THREE_SCALE_MOVING_DIRECTION_ARC1/INPUTS/NP1_MANIFEST.sha256,.sha256,5252,e0b97616a89f871286c106391f1f92032f4b38e86fe101b46e77ee09f77e81db,False,,False
_ARC1_CLARIFICATION_WORK/ARC1_FRESH/_ARC1_CORRECTED_WORK/M3A_THREE_SCALE_MOVING_DIRECTION_ARC1/INPUTS/POSITIVE_PROTOCOL_FACE_THEOREM.tex,.tex,1245,161755513a6780be0be79abcbcd2c445537d68fd6b263821e0d0602bdc127bcb,False,,True
_ARC1_CLARIFICATION_WORK/ARC1_FRESH/_ARC1_CORRECTED_WORK/M3A_THREE_SCALE_MOVING_DIRECTION_ARC1/INPUTS/REPRODUCE.sh,.sh,1303,921f9df39fbca405c3770ae66425268a56b701e11911da5922c00a525a226a94,False,,True
_ARC1_CLARIFICATION_WORK/ARC1_FRESH/_ARC1_CORRECTED_WORK/M3A_THREE_SCALE_MOVING_DIRECTION_ARC1/INPUTS/TRANSFORMED_RESOLVENT_THEOREM.tex,.tex,1670,db838785f01eb0225777d54b1aa99ead3f340479bea193f6f5dda0aa03aa4328,False,,True
_ARC1_CLARIFICATION_WORK/ARC1_FRESH/_ARC1_CORRECTED_WORK/M3A_THREE_SCALE_MOVING_DIRECTION_ARC1/INPUTS/WORKSTATION_ARC1_ANALYTIC_ARC_VALUATION_MASTER_PROMPT.md,.md,25185,af56237f2e8644037e6f51cd63b33ca26bc222febc4a88d31f6773da791bfd00,False,,True
_ARC1_CLARIFICATION_WORK/ARC1_FRESH/_ARC1_CORRECTED_WORK/M3A_THREE_SCALE_MOVING_DIRECTION_ARC1/MANIFEST.sha256,.sha256,6573,f975d2739c0c101524861dc85230fa39fb87fb0d3250e7ecb17f9a5145893c3d,False,,False
_ARC1_CLARIFICATION_WORK/ARC1_FRESH/_ARC1_CORRECTED_WORK/M3A_THREE_SCALE_MOVING_DIRECTION_ARC1/MANIFEST_POLICY.md,.md,1030,fb088ebff921cee9eb337dde2b2080094f61924c8e913462467e918dbccb2fc3,False,,True
_ARC1_CLARIFICATION_WORK/ARC1_FRESH/_ARC1_CORRECTED_WORK/M3A_THREE_SCALE_MOVING_DIRECTION_ARC1/NEXT_STAGE_HANDOFF.md,.md,748,962bcc0eddeff7f7f86c66c613bd5f0ff5d35a9544b7dce300dd6e2b42729f3d,False,,True
_ARC1_CLARIFICATION_WORK/ARC1_FRESH/_ARC1_CORRECTED_WORK/M3A_THREE_SCALE_MOVING_DIRECTION_ARC1/NP1_CONTROL_EVIDENCE_MAP.md,.md,1049,34364d94757763e4d082beb8ca61296cdc1201e8ca9cca1f04d1b9fd8c969665,False,,True
_ARC1_CLARIFICATION_WORK/ARC1_FRESH/_ARC1_CORRECTED_WORK/M3A_THREE_SCALE_MOVING_DIRECTION_ARC1/PAPER_REVISION_RECOMMENDATION.md,.md,715,77ae6f41e3a62389d1d753350dead2ed51756a56b3f244582d42094d654a28d5,False,,True
_ARC1_CLARIFICATION_WORK/ARC1_FRESH/_ARC1_CORRECTED_WORK/M3A_THREE_SCALE_MOVING_DIRECTION_ARC1/PRIOR_ART_AUDIT.md,.md,2217,e4952cd2561b839aceb30491d7e11831584079aeb9ab62759dcb2105489da1ce,False,,True
_ARC1_CLARIFICATION_WORK/ARC1_FRESH/_ARC1_CORRECTED_WORK/M3A_THREE_SCALE_MOVING_DIRECTION_ARC1/R1_1_SCOPE_AND_INTERPRETATION_PATCH.tex,.tex,1066,c63a76a8b25abe99ec7872149461a8b84b272ab04629fe9ab7958766d59e91ca,False,,True
_ARC1_CLARIFICATION_WORK/ARC1_FRESH/_ARC1_CORRECTED_WORK/M3A_THREE_SCALE_MOVING_DIRECTION_ARC1/REPARAMETERISATION_LAWS.md,.md,800,64d83cc9118c29dd718669f3d19b2b67240a9bf6a5fe0c1f74658d6dfc1fdc0a,False,,True
_ARC1_CLARIFICATION_WORK/ARC1_FRESH/_ARC1_CORRECTED_WORK/M3A_THREE_SCALE_MOVING_DIRECTION_ARC1/REPRODUCE.sh,.sh,1483,b8bfa5c313b9d10cc6c4452a73a4e1ca017e875dbe5b56d0469acde6f669d9ad,False,,True
_ARC1_CLARIFICATION_WORK/ARC1_FRESH/_ARC1_CORRECTED_WORK/M3A_THREE_SCALE_MOVING_DIRECTION_ARC1/REPRODUCIBILITY_PROTOCOL.md,.md,1110,c42b288a704808493c47d7a43034769c6ad9f7fd166bc500d3e39f908fb4b393,False,,True
_ARC1_CLARIFICATION_WORK/ARC1_FRESH/_ARC1_CORRECTED_WORK/M3A_THREE_SCALE_MOVING_DIRECTION_ARC1/SIGNED_GRAPH_COLLEAGUE_HANDOFF.md,.md,1327,3a6004e291c068f7809aada2b2578e2b879a62b9901558444cbd60eacad3a824,False,,True
_ARC1_CLARIFICATION_WORK/ARC1_FRESH/_ARC1_CORRECTED_WORK/M3A_THREE_SCALE_MOVING_DIRECTION_ARC1/SMOOTH_FLAT_FAILURE.md,.md,600,0025e62b2ef2f451fdbf43698a8518674927f6399dd1c0b86225e2253f98ad12,False,,True
_ARC1_CLARIFICATION_WORK/ARC1_FRESH/_ARC1_CORRECTED_WORK/M3A_THREE_SCALE_MOVING_DIRECTION_ARC1/SUPERSESSION_AND_PARAMETERISATION_FIREWALL.md,.md,996,249173c8ea55f05424d4416bcb05561a5f77db3c95d1b8adf7463a4ac80229f2,False,,True
_ARC1_CLARIFICATION_WORK/ARC1_FRESH/_ARC1_CORRECTED_WORK/M3A_THREE_SCALE_MOVING_DIRECTION_ARC1/THREE_SCALE_SUPPORT_THEOREM.tex,.tex,2247,24e53623715f08b0f2c1ab577c17d77983d915c98dcb311ec1ec0e54d401c539,False,,True
_ARC1_CLARIFICATION_WORK/ARC1_FRESH/_ARC1_CORRECTED_WORK/M3A_THREE_SCALE_MOVING_DIRECTION_ARC1/TIE_FACE_CANCELLATION_AND_NEXT_ORDER.tex,.tex,1104,a5c3400e7906e56b00c51628b531e2bf8f9835a2e51fc12c14b9b109916a5e81,False,,True
_ARC1_CLARIFICATION_WORK/ARC1_FRESH/_ARC1_CORRECTED_WORK/M3A_THREE_SCALE_MOVING_DIRECTION_ARC1/TRANSFORMED_RESOLVENT_THREE_SCALE_THEOREM.tex,.tex,1055,761f0419f8772c1924c4c58975af433fb84d9275bcbc6a2d8ee330a78468db6b,False,,True
_ARC1_CLARIFICATION_WORK/create_deterministic_zips.py,.py,1451,a7aa1461faa38390ddd667e83df6d72450ac852fd412fb59e99c3ecfe6244e6a,True,utf-8-sig,False
_ARC1_CLARIFICATION_WORK/FINAL_VALIDATE/M3A_ARC1_COLLEAGUE_CLARIFICATION_R1_0/M3A_ARC1_COLLEAGUE_CLARIFICATION_R1_0/ARC1_DOCUMENTATION_CORRECTION_LEDGER.md,.md,3024,30e7c56ef2ca3a38eda9249276b3dbd8818bfc6b7608e94ffaef1998e8923eaa,True,utf-8-sig,False
_ARC1_CLARIFICATION_WORK/FINAL_VALIDATE/M3A_ARC1_COLLEAGUE_CLARIFICATION_R1_0/M3A_ARC1_COLLEAGUE_CLARIFICATION_R1_0/ARC1_INFORMATION_RESPONSE_R1_0.md,.md,11207,67c6983432e2802baf916f6e441bbb411a139f807a53ec6a41bf9543a63e7783,True,utf-8-sig,False
_ARC1_CLARIFICATION_WORK/FINAL_VALIDATE/M3A_ARC1_COLLEAGUE_CLARIFICATION_R1_0/M3A_ARC1_COLLEAGUE_CLARIFICATION_R1_0/ARC1_MODEL_AND_TRIPLE_SERIES_DEFINITION.tex,.tex,1615,6fa2f64bad46cc9585e9b97f4b3839a798764b9e154112c531ae0d86f30af23d,True,utf-8-sig,False
_ARC1_CLARIFICATION_WORK/FINAL_VALIDATE/M3A_ARC1_COLLEAGUE_CLARIFICATION_R1_0/M3A_ARC1_COLLEAGUE_CLARIFICATION_R1_0/ARC1_PRIOR_ART_ADDENDUM.md,.md,4919,115407d2e11669e4a4bff7616ef2aa59602f22afdcfaec2ec3c1887e70ba0967,True,utf-8-sig,False
_ARC1_CLARIFICATION_WORK/FINAL_VALIDATE/M3A_ARC1_COLLEAGUE_CLARIFICATION_R1_0/M3A_ARC1_COLLEAGUE_CLARIFICATION_R1_0/ARC1_REPRODUCTION_EVIDENCE.md,.md,3608,6be662d2ff2380b9b23f61d3b5d0bc08eed6d2e9497c40f8e953938a0d5252d5,True,utf-8-sig,False
_ARC1_CLARIFICATION_WORK/FINAL_VALIDATE/M3A_ARC1_COLLEAGUE_CLARIFICATION_R1_0/M3A_ARC1_COLLEAGUE_CLARIFICATION_R1_0/ARC1_THREE_SCALE_THEOREM_NUMBERING_PATCH.tex,.tex,2288,9612a2c868f465a4269f78e83af9a864102395053d8b68c627158b151e5581fd,True,utf-8-sig,False
_ARC1_CLARIFICATION_WORK/FINAL_VALIDATE/M3A_ARC1_COLLEAGUE_CLARIFICATION_R1_0/M3A_ARC1_COLLEAGUE_CLARIFICATION_R1_0/CODE/VERIFY_RELEASE.py,.py,2180,2a16a85e3d67d92e56e1ed394886d666b123b60c0eed20410719e8afa56c4abf,True,utf-8-sig,False
_ARC1_CLARIFICATION_WORK/FINAL_VALIDATE/M3A_ARC1_COLLEAGUE_CLARIFICATION_R1_0/M3A_ARC1_COLLEAGUE_CLARIFICATION_R1_0/COLLEAGUE_LOCKED_DEFINITIONS_BRIEFING/00_START_HERE.md,.md,3744,b4a8c99f768edde0cff0d92bae0cfd51354f25b0b9dccebb9facba6e15f1ce9a,True,utf-8-sig,False
_ARC1_CLARIFICATION_WORK/FINAL_VALIDATE/M3A_ARC1_COLLEAGUE_CLARIFICATION_R1_0/M3A_ARC1_COLLEAGUE_CLARIFICATION_R1_0/COLLEAGUE_LOCKED_DEFINITIONS_BRIEFING/01_LOCKED_DYNAMICAL_MODEL.md,.md,3184,e03e399046249bdddcd8c4556c8440a6836fb6b55dbff275f347399234a9d8de,True,utf-8-sig,False
_ARC1_CLARIFICATION_WORK/run_arc1.sh,.sh,646,e73d833ab5635d6fb0f086ea5b59bd7da038c1c8450fee6c540922567e0cf6d8,True,utf-8-sig,False
_ARC1_CORRECTED_WORK.zip,.zip,71692325,,False,,False
_ARC1_CORRECTED_WORK/FRESH_VERIFY_R1_0/M3A_THREE_SCALE_MOVING_DIRECTION_ARC1/ARC1_CERTIFICATES.json,.json,1822,a4194b5be2f8bcc3309dd4d2089a5b6e828f6637ca2105b4aa364f8aacd0c4a1,False,,True
_ARC1_CORRECTED_WORK/FRESH_VERIFY_R1_0/M3A_THREE_SCALE_MOVING_DIRECTION_ARC1/ARC1_RANDOM_CENSUS.json,.json,21866,0143a610daef8d90c07df9f0a8a8ba9ba79f46ec7108472ea5338ead9dcca6ae,False,,True
_ARC1_CORRECTED_WORK/FRESH_VERIFY_R1_0/M3A_THREE_SCALE_MOVING_DIRECTION_ARC1/ASSUMPTIONS_LOCK.md,.md,1444,56d218e51b3efdb328970653f730899c23ab6968df4765720500002d7181187c,False,,True
_ARC1_CORRECTED_WORK/FRESH_VERIFY_R1_0/M3A_THREE_SCALE_MOVING_DIRECTION_ARC1/CLAIM_AND_NOVELTY_LEDGER.md,.md,1327,0de3033295e06312cb9cba2f277d104ad794794a184868f9e62111b708564980,False,,True
_ARC1_CORRECTED_WORK/FRESH_VERIFY_R1_0/M3A_THREE_SCALE_MOVING_DIRECTION_ARC1/CODE_INDEPENDENT_C/support_geometry.py,.py,1463,124f9c41f167a18f21380b94480cb5d7fc8e75a44b03ee1bfc9be065fec643f8,False,,True
_ARC1_CORRECTED_WORK/FRESH_VERIFY_R1_0/M3A_THREE_SCALE_MOVING_DIRECTION_ARC1/CODE_PRIMARY/compare_and_controls.py,.py,2972,ab2d8ca050aa21c091725064ac5bab336028118670b2a224f48f043dc1716a60,False,,True
_ARC1_CORRECTED_WORK/FRESH_VERIFY_R1_0/M3A_THREE_SCALE_MOVING_DIRECTION_ARC1/CODE_PRIMARY/integrity_gate.py,.py,4050,747236df3f961c61e7c07b369ff1f8f04010b1a143c223faba0ec587369b3ac4,False,,True
_ARC1_CORRECTED_WORK/FRESH_VERIFY_R1_0/M3A_THREE_SCALE_MOVING_DIRECTION_ARC1/CODE_PRIMARY/moving_direction_series.py,.py,5556,be49fd7cb0dccdf198a2b25e3152e780b53ab628fcc33ac5eded6314fd39b5f2,False,,True
_ARC1_CORRECTED_WORK/FRESH_VERIFY_R1_0/M3A_THREE_SCALE_MOVING_DIRECTION_ARC1/CODE_PRIMARY/polynomial_arc_census.py,.py,2681,5071e761661aa0ea832d86d2f8a37d741b36a3746d578f3266e9813857d12261,False,,True
_ARC1_CORRECTED_WORK/FRESH_VERIFY_R1_0/M3A_THREE_SCALE_MOVING_DIRECTION_ARC1/CODE_PRIMARY/verify_package.py,.py,1717,2fb6e06e7d81179ea241f73e6b254d64209e4cf73ff70c536f49d4fa1d65e2e4,False,,True
_ARC1_CORRECTED_WORK/FRESH_VERIFY_R1_0/M3A_THREE_SCALE_MOVING_DIRECTION_ARC1/COMPARISON_POLICY.json,.json,1049,6200b013bd63f12c6c095aba4c7c3b18e490910847a06172cc5961303f5c551d,False,,True
_ARC1_CORRECTED_WORK/FRESH_VERIFY_R1_0/M3A_THREE_SCALE_MOVING_DIRECTION_ARC1/COUNTEREXAMPLES_AND_CONTROLS.md,.md,2059,eb0d0afeac3d54e04f5fc05d60f089341d26cefc7433448678cdc2d69b43fec6,False,,True
_ARC1_CORRECTED_WORK/FRESH_VERIFY_R1_0/M3A_THREE_SCALE_MOVING_DIRECTION_ARC1/DATA/census.json,.json,21866,0143a610daef8d90c07df9f0a8a8ba9ba79f46ec7108472ea5338ead9dcca6ae,False,,True
_ARC1_CORRECTED_WORK/FRESH_VERIFY_R1_0/M3A_THREE_SCALE_MOVING_DIRECTION_ARC1/DATA/comparison.json,.json,1822,a4194b5be2f8bcc3309dd4d2089a5b6e828f6637ca2105b4aa364f8aacd0c4a1,False,,True
_ARC1_CORRECTED_WORK/FRESH_VERIFY_R1_0/M3A_THREE_SCALE_MOVING_DIRECTION_ARC1/DATA/independent_a.json,.json,5597,ccc91f31100870643892afa8c5287e772c7a3d4af3bfb45f2f88907d47453065,False,,True
_ARC1_CORRECTED_WORK/FRESH_VERIFY_R1_0/M3A_THREE_SCALE_MOVING_DIRECTION_ARC1/DATA/independent_b.json,.json,5589,cac5685909558efd3e6a50e46880c9c55b747d7ca50724c8a2884742b71748bb,False,,True
_ARC1_CORRECTED_WORK/FRESH_VERIFY_R1_0/M3A_THREE_SCALE_MOVING_DIRECTION_ARC1/DATA/independent_c.json,.json,312,ddadde63ba7dee5fbcd067b295d5c10f7fcd272ccc11db11ab06a4673fc749f8,False,,True
_ARC1_CORRECTED_WORK/FRESH_VERIFY_R1_0/M3A_THREE_SCALE_MOVING_DIRECTION_ARC1/DATA/integrity.json,.json,296,5c2fc519c8e3be0ac2386e1b7a26b79396d8bded0ebff796192ecb3a76b6b3c8,False,,True
_ARC1_CORRECTED_WORK/FRESH_VERIFY_R1_0/M3A_THREE_SCALE_MOVING_DIRECTION_ARC1/DATA/np1_controls.json,.json,479,7515c4397347c3831f43001dc634624c36018acce48ea0569c2a6d7bbdad00e1,False,,True
_ARC1_CORRECTED_WORK/FRESH_VERIFY_R1_0/M3A_THREE_SCALE_MOVING_DIRECTION_ARC1/DATA/primary.json,.json,5578,9ef468be3121689a8f5ba63981725a007ca4b2fde0aa48bd0b550cc718c10f15,False,,True
_ARC1_CORRECTED_WORK/FRESH_VERIFY_R1_0/M3A_THREE_SCALE_MOVING_DIRECTION_ARC1/DECLARED_PROTOCOL_COROLLARY.tex,.tex,1017,79d1bb0d6a52d427436b811232413a6493ec2c1dafc604ce78aa6e0f95550273,False,,True
_ARC1_CORRECTED_WORK/FRESH_VERIFY_R1_0/M3A_THREE_SCALE_MOVING_DIRECTION_ARC1/ENVIRONMENT_SPECIFICATION.txt,.txt,800,574c2fb44c315c186bff5b21cf3e08bed38e84230ace132c87aee3d8aa0c81d7,False,,True
_ARC1_CORRECTED_WORK/FRESH_VERIFY_R1_0/M3A_THREE_SCALE_MOVING_DIRECTION_ARC1/EXACT_DARK_MOVING_ARC_THEOREM.tex,.tex,844,064cee0ce1899943b1cc4b7ce4df74099e2970c00255a173fd9371dbf05b734c,False,,True
_ARC1_CORRECTED_WORK/FRESH_VERIFY_R1_0/M3A_THREE_SCALE_MOVING_DIRECTION_ARC1/EXPECTED/census.json,.json,21866,0143a610daef8d90c07df9f0a8a8ba9ba79f46ec7108472ea5338ead9dcca6ae,False,,True
_ARC1_CORRECTED_WORK/FRESH_VERIFY_R1_0/M3A_THREE_SCALE_MOVING_DIRECTION_ARC1/EXPECTED/comparison.json,.json,1822,a4194b5be2f8bcc3309dd4d2089a5b6e828f6637ca2105b4aa364f8aacd0c4a1,False,,True
_ARC1_CORRECTED_WORK/FRESH_VERIFY_R1_0/M3A_THREE_SCALE_MOVING_DIRECTION_ARC1/EXPECTED/independent_a.json,.json,5597,ccc91f31100870643892afa8c5287e772c7a3d4af3bfb45f2f88907d47453065,False,,True
_ARC1_CORRECTED_WORK/FRESH_VERIFY_R1_0/M3A_THREE_SCALE_MOVING_DIRECTION_ARC1/EXPECTED/independent_b.json,.json,5589,cac5685909558efd3e6a50e46880c9c55b747d7ca50724c8a2884742b71748bb,False,,True
_ARC1_CORRECTED_WORK/FRESH_VERIFY_R1_0/M3A_THREE_SCALE_MOVING_DIRECTION_ARC1/EXPECTED/independent_c.json,.json,312,ddadde63ba7dee5fbcd067b295d5c10f7fcd272ccc11db11ab06a4673fc749f8,False,,True
_ARC1_CORRECTED_WORK/FRESH_VERIFY_R1_0/M3A_THREE_SCALE_MOVING_DIRECTION_ARC1/EXPECTED/integrity.json,.json,296,5c2fc519c8e3be0ac2386e1b7a26b79396d8bded0ebff796192ecb3a76b6b3c8,False,,True
_ARC1_CORRECTED_WORK/FRESH_VERIFY_R1_0/M3A_THREE_SCALE_MOVING_DIRECTION_ARC1/EXPECTED/np1_controls.json,.json,479,7515c4397347c3831f43001dc634624c36018acce48ea0569c2a6d7bbdad00e1,False,,True
_ARC1_CORRECTED_WORK/FRESH_VERIFY_R1_0/M3A_THREE_SCALE_MOVING_DIRECTION_ARC1/EXPECTED/primary.json,.json,5578,9ef468be3121689a8f5ba63981725a007ca4b2fde0aa48bd0b550cc718c10f15,False,,True
_ARC1_CORRECTED_WORK/FRESH_VERIFY_R1_0/M3A_THREE_SCALE_MOVING_DIRECTION_ARC1/EXPECTED_CANONICAL.sha256,.sha256,731,eb76d505292c47a34de698b136f5f11a4fa4908946572787cd37f8ce3b0386d9,False,,False
_ARC1_CORRECTED_WORK/FRESH_VERIFY_R1_0/M3A_THREE_SCALE_MOVING_DIRECTION_ARC1/FAILURE_LEDGER.md,.md,1200,62e7b0e9ab1ccf99ebd1d36f520874ea189e844fb160eee7be811ab87e9ad551,False,,True
_ARC1_CORRECTED_WORK/FRESH_VERIFY_R1_0/M3A_THREE_SCALE_MOVING_DIRECTION_ARC1/FALSIFIER_CERTIFICATE.md,.md,1171,45ea19a0dab49acacead15aa746ac4de092fee5c73f0625c739ec5123a027712,False,,True
_ARC1_CORRECTED_WORK/FRESH_VERIFY_R1_0/M3A_THREE_SCALE_MOVING_DIRECTION_ARC1/FINAL_ARC1_ASSESSMENT.md,.md,1468,10cfaa501f2daa2b63b9cf8c2b209098cc1cd57277db83f79ed3ac4357151193,False,,True
_ARC1_CORRECTED_WORK/FRESH_VERIFY_R1_0/M3A_THREE_SCALE_MOVING_DIRECTION_ARC1/FIXED_FIBRE_CITATION_AND_SCOPE_AUDIT.md,.md,630,72c4a819e3e9de2a97829b36e218b5ee309d045aa9b4d033ad3ded498a48d871,False,,True
_ARC1_CORRECTED_WORK/FRESH_VERIFY_R1_0/M3A_THREE_SCALE_MOVING_DIRECTION_ARC1/INPUT_ARCHIVES.sha256,.sha256,1485,9ddaae07f264a135566d68e4e2e2e22df22814728220855720188417cea2328a,False,,False
_ARC1_CORRECTED_WORK/FRESH_VERIFY_R1_0/M3A_THREE_SCALE_MOVING_DIRECTION_ARC1/INPUTS/ARC1_HANDOFF.md,.md,687,dc906e353dd4a358b03a782b8c25c356a11e158ef0f209f49c488944fbe90ab3,False,,True
_ARC1_CORRECTED_WORK/FRESH_VERIFY_R1_0/M3A_THREE_SCALE_MOVING_DIRECTION_ARC1/INPUTS/CLAIM_AND_NOVELTY_LEDGER.md,.md,1333,bdd1213684a2b1606c6d224422fab0f9031968627077276a5c0b2ccb919837d3,False,,True
_ARC1_CORRECTED_WORK/FRESH_VERIFY_R1_0/M3A_THREE_SCALE_MOVING_DIRECTION_ARC1/INPUTS/FIBREWISE_ARC1_FIREWALL.md,.md,900,a6057270c50267a27d502041483fa12788c9b2d8e634b586cb0bbf9ecdd49cd6,False,,True
_ARC1_CORRECTED_WORK/FRESH_VERIFY_R1_0/M3A_THREE_SCALE_MOVING_DIRECTION_ARC1/INPUTS/FINAL_NP1_ASSESSMENT.md,.md,1201,6948379a877b50804428c9e90283bf4df9102bf21c206470d9d6fcab2c203995,False,,True
_ARC1_CORRECTED_WORK/FRESH_VERIFY_R1_0/M3A_THREE_SCALE_MOVING_DIRECTION_ARC1/INPUTS/M3A_ARC1_FALSIFIER_AND_COLLEAGUE_REQUESTS_AUDIT_2026-08-01.md,.md,17601,a855e845cd1a278e8b16c16a63b44d0e7738eca8df80d4b48fa8acd925e244d5,False,,True
_ARC1_CORRECTED_WORK/FRESH_VERIFY_R1_0/M3A_THREE_SCALE_MOVING_DIRECTION_ARC1/INPUTS/M3A_NEWTON_PROTOCOL_ATLAS_NP1_R1_0.zip,.zip,23801570,,False,,False
_ARC1_CORRECTED_WORK/FRESH_VERIFY_R1_0/M3A_THREE_SCALE_MOVING_DIRECTION_ARC1/INPUTS/M3A_NEWTON_PROTOCOL_ATLAS_NP1_R1_0.zip.sha256,.sha256,105,dc8afe50cffae339cb51d040472f2f7755af22cf709b719b718031289072d4d2,False,,False
_ARC1_CORRECTED_WORK/FRESH_VERIFY_R1_0/M3A_THREE_SCALE_MOVING_DIRECTION_ARC1/INPUTS/MANIFEST.sha256,.sha256,5252,e0b97616a89f871286c106391f1f92032f4b38e86fe101b46e77ee09f77e81db,False,,False
_ARC1_CORRECTED_WORK/FRESH_VERIFY_R1_0/M3A_THREE_SCALE_MOVING_DIRECTION_ARC1/INPUTS/MOMENT_SUPPORT_CERTIFICATE.md,.md,1487,e13775cb015cf073a79f728178a8215db625d74c7a546f664525734ef685c889,False,,True
_ARC1_CORRECTED_WORK/FRESH_VERIFY_R1_0/M3A_THREE_SCALE_MOVING_DIRECTION_ARC1/INPUTS/NEWTON_FIBRE_TRICHOTOMY_THEOREM.tex,.tex,1372,09a875c2c1e39d205d503351d0bed6ebff6a3645f319cbb32b167ee16aa720b8,False,,True
_ARC1_CORRECTED_WORK/FRESH_VERIFY_R1_0/M3A_THREE_SCALE_MOVING_DIRECTION_ARC1/INPUTS/POSITIVE_PROTOCOL_FACE_THEOREM.tex,.tex,1245,161755513a6780be0be79abcbcd2c445537d68fd6b263821e0d0602bdc127bcb,False,,True
_ARC1_CORRECTED_WORK/FRESH_VERIFY_R1_0/M3A_THREE_SCALE_MOVING_DIRECTION_ARC1/INPUTS/REPRODUCE.sh,.sh,1303,921f9df39fbca405c3770ae66425268a56b701e11911da5922c00a525a226a94,False,,True
_ARC1_CORRECTED_WORK/FRESH_VERIFY_R1_0/M3A_THREE_SCALE_MOVING_DIRECTION_ARC1/INPUTS/TRANSFORMED_RESOLVENT_THEOREM.tex,.tex,1670,db838785f01eb0225777d54b1aa99ead3f340479bea193f6f5dda0aa03aa4328,False,,True
_ARC1_CORRECTED_WORK/FRESH_VERIFY_R1_0/M3A_THREE_SCALE_MOVING_DIRECTION_ARC1/INPUTS/WORKSTATION_ARC1_ANALYTIC_ARC_VALUATION_MASTER_PROMPT.md,.md,25185,af56237f2e8644037e6f51cd63b33ca26bc222febc4a88d31f6773da791bfd00,False,,True
_ARC1_CORRECTED_WORK/FRESH_VERIFY_R1_0/M3A_THREE_SCALE_MOVING_DIRECTION_ARC1/MANIFEST.sha256,.sha256,6569,a145679127db6abbdd727ee8564b39ce32a2c9402385591975d80340c50e9129,False,,False
_ARC1_CORRECTED_WORK/FRESH_VERIFY_R1_0/M3A_THREE_SCALE_MOVING_DIRECTION_ARC1/MANIFEST_POLICY.md,.md,1030,fb088ebff921cee9eb337dde2b2080094f61924c8e913462467e918dbccb2fc3,False,,True
_ARC1_CORRECTED_WORK/FRESH_VERIFY_R1_0/M3A_THREE_SCALE_MOVING_DIRECTION_ARC1/NEXT_STAGE_HANDOFF.md,.md,748,962bcc0eddeff7f7f86c66c613bd5f0ff5d35a9544b7dce300dd6e2b42729f3d,False,,True
_ARC1_CORRECTED_WORK/FRESH_VERIFY_R1_0/M3A_THREE_SCALE_MOVING_DIRECTION_ARC1/NP1_CONTROL_EVIDENCE_MAP.md,.md,1049,34364d94757763e4d082beb8ca61296cdc1201e8ca9cca1f04d1b9fd8c969665,False,,True
_ARC1_CORRECTED_WORK/FRESH_VERIFY_R1_0/M3A_THREE_SCALE_MOVING_DIRECTION_ARC1/PAPER_REVISION_RECOMMENDATION.md,.md,715,77ae6f41e3a62389d1d753350dead2ed51756a56b3f244582d42094d654a28d5,False,,True
_ARC1_CORRECTED_WORK/FRESH_VERIFY_R1_0/M3A_THREE_SCALE_MOVING_DIRECTION_ARC1/PRIOR_ART_AUDIT.md,.md,2217,e4952cd2561b839aceb30491d7e11831584079aeb9ab62759dcb2105489da1ce,False,,True
_ARC1_CORRECTED_WORK/FRESH_VERIFY_R1_0/M3A_THREE_SCALE_MOVING_DIRECTION_ARC1/R1_1_SCOPE_AND_INTERPRETATION_PATCH.tex,.tex,1066,c63a76a8b25abe99ec7872149461a8b84b272ab04629fe9ab7958766d59e91ca,False,,True
_ARC1_CORRECTED_WORK/FRESH_VERIFY_R1_0/M3A_THREE_SCALE_MOVING_DIRECTION_ARC1/REPARAMETERISATION_LAWS.md,.md,800,64d83cc9118c29dd718669f3d19b2b67240a9bf6a5fe0c1f74658d6dfc1fdc0a,False,,True
_ARC1_CORRECTED_WORK/FRESH_VERIFY_R1_0/M3A_THREE_SCALE_MOVING_DIRECTION_ARC1/REPRODUCE.sh,.sh,1483,b8bfa5c313b9d10cc6c4452a73a4e1ca017e875dbe5b56d0469acde6f669d9ad,False,,True
_ARC1_CORRECTED_WORK/FRESH_VERIFY_R1_0/M3A_THREE_SCALE_MOVING_DIRECTION_ARC1/REPRODUCIBILITY_PROTOCOL.md,.md,1110,c42b288a704808493c47d7a43034769c6ad9f7fd166bc500d3e39f908fb4b393,False,,True
_ARC1_CORRECTED_WORK/FRESH_VERIFY_R1_0/M3A_THREE_SCALE_MOVING_DIRECTION_ARC1/SIGNED_GRAPH_COLLEAGUE_HANDOFF.md,.md,1327,3a6004e291c068f7809aada2b2578e2b879a62b9901558444cbd60eacad3a824,False,,True
_ARC1_CORRECTED_WORK/FRESH_VERIFY_R1_0/M3A_THREE_SCALE_MOVING_DIRECTION_ARC1/SMOOTH_FLAT_FAILURE.md,.md,600,0025e62b2ef2f451fdbf43698a8518674927f6399dd1c0b86225e2253f98ad12,False,,True
_ARC1_CORRECTED_WORK/FRESH_VERIFY_R1_0/M3A_THREE_SCALE_MOVING_DIRECTION_ARC1/SUPERSESSION_AND_PARAMETERISATION_FIREWALL.md,.md,996,249173c8ea55f05424d4416bcb05561a5f77db3c95d1b8adf7463a4ac80229f2,False,,True
_ARC1_CORRECTED_WORK/FRESH_VERIFY_R1_0/M3A_THREE_SCALE_MOVING_DIRECTION_ARC1/THREE_SCALE_SUPPORT_THEOREM.tex,.tex,2247,24e53623715f08b0f2c1ab577c17d77983d915c98dcb311ec1ec0e54d401c539,False,,True
_ARC1_CORRECTED_WORK/FRESH_VERIFY_R1_0/M3A_THREE_SCALE_MOVING_DIRECTION_ARC1/TIE_FACE_CANCELLATION_AND_NEXT_ORDER.tex,.tex,1104,a5c3400e7906e56b00c51628b531e2bf8f9835a2e51fc12c14b9b109916a5e81,False,,True
_ARC1_CORRECTED_WORK/FRESH_VERIFY_R1_0/M3A_THREE_SCALE_MOVING_DIRECTION_ARC1/TRANSFORMED_RESOLVENT_THREE_SCALE_THEOREM.tex,.tex,1055,761f0419f8772c1924c4c58975af433fb84d9275bcbc6a2d8ee330a78468db6b,False,,True
_ARC1_CORRECTED_WORK/FRESH_VERIFY_R1_0_FINAL/M3A_THREE_SCALE_MOVING_DIRECTION_ARC1/ARC1_CERTIFICATES.json,.json,1822,a4194b5be2f8bcc3309dd4d2089a5b6e828f6637ca2105b4aa364f8aacd0c4a1,False,,True
_ARC1_CORRECTED_WORK/FRESH_VERIFY_R1_0_FINAL/M3A_THREE_SCALE_MOVING_DIRECTION_ARC1/ARC1_RANDOM_CENSUS.json,.json,21866,0143a610daef8d90c07df9f0a8a8ba9ba79f46ec7108472ea5338ead9dcca6ae,False,,True
_ARC1_CORRECTED_WORK/FRESH_VERIFY_R1_0_FINAL/M3A_THREE_SCALE_MOVING_DIRECTION_ARC1/ASSUMPTIONS_LOCK.md,.md,1444,56d218e51b3efdb328970653f730899c23ab6968df4765720500002d7181187c,False,,True
_ARC1_CORRECTED_WORK/FRESH_VERIFY_R1_0_FINAL/M3A_THREE_SCALE_MOVING_DIRECTION_ARC1/CLAIM_AND_NOVELTY_LEDGER.md,.md,1327,0de3033295e06312cb9cba2f277d104ad794794a184868f9e62111b708564980,False,,True
_ARC1_CORRECTED_WORK/FRESH_VERIFY_R1_0_FINAL/M3A_THREE_SCALE_MOVING_DIRECTION_ARC1/CODE_INDEPENDENT_C/support_geometry.py,.py,1463,124f9c41f167a18f21380b94480cb5d7fc8e75a44b03ee1bfc9be065fec643f8,False,,True
_ARC1_CORRECTED_WORK/FRESH_VERIFY_R1_0_FINAL/M3A_THREE_SCALE_MOVING_DIRECTION_ARC1/CODE_PRIMARY/compare_and_controls.py,.py,2972,ab2d8ca050aa21c091725064ac5bab336028118670b2a224f48f043dc1716a60,False,,True
_ARC1_CORRECTED_WORK/FRESH_VERIFY_R1_0_FINAL/M3A_THREE_SCALE_MOVING_DIRECTION_ARC1/CODE_PRIMARY/integrity_gate.py,.py,4379,7cce7fe3d44897fa1aeee5f70f5d6e66a782edcbd28adc653cb578196ccf8c3d,False,,True
_ARC1_CORRECTED_WORK/FRESH_VERIFY_R1_0_FINAL/M3A_THREE_SCALE_MOVING_DIRECTION_ARC1/CODE_PRIMARY/moving_direction_series.py,.py,5556,be49fd7cb0dccdf198a2b25e3152e780b53ab628fcc33ac5eded6314fd39b5f2,False,,True
_ARC1_CORRECTED_WORK/FRESH_VERIFY_R1_0_FINAL/M3A_THREE_SCALE_MOVING_DIRECTION_ARC1/CODE_PRIMARY/polynomial_arc_census.py,.py,2681,5071e761661aa0ea832d86d2f8a37d741b36a3746d578f3266e9813857d12261,False,,True
_ARC1_CORRECTED_WORK/FRESH_VERIFY_R1_0_FINAL/M3A_THREE_SCALE_MOVING_DIRECTION_ARC1/CODE_PRIMARY/verify_package.py,.py,1717,2fb6e06e7d81179ea241f73e6b254d64209e4cf73ff70c536f49d4fa1d65e2e4,False,,True
_ARC1_CORRECTED_WORK/FRESH_VERIFY_R1_0_FINAL/M3A_THREE_SCALE_MOVING_DIRECTION_ARC1/COMPARISON_POLICY.json,.json,1049,6200b013bd63f12c6c095aba4c7c3b18e490910847a06172cc5961303f5c551d,False,,True
_ARC1_CORRECTED_WORK/FRESH_VERIFY_R1_0_FINAL/M3A_THREE_SCALE_MOVING_DIRECTION_ARC1/COUNTEREXAMPLES_AND_CONTROLS.md,.md,2059,eb0d0afeac3d54e04f5fc05d60f089341d26cefc7433448678cdc2d69b43fec6,False,,True
_ARC1_CORRECTED_WORK/FRESH_VERIFY_R1_0_FINAL/M3A_THREE_SCALE_MOVING_DIRECTION_ARC1/DATA/census.json,.json,21866,0143a610daef8d90c07df9f0a8a8ba9ba79f46ec7108472ea5338ead9dcca6ae,False,,True
_ARC1_CORRECTED_WORK/FRESH_VERIFY_R1_0_FINAL/M3A_THREE_SCALE_MOVING_DIRECTION_ARC1/DATA/comparison.json,.json,1822,a4194b5be2f8bcc3309dd4d2089a5b6e828f6637ca2105b4aa364f8aacd0c4a1,False,,True
_ARC1_CORRECTED_WORK/FRESH_VERIFY_R1_0_FINAL/M3A_THREE_SCALE_MOVING_DIRECTION_ARC1/DATA/independent_a.json,.json,5597,ccc91f31100870643892afa8c5287e772c7a3d4af3bfb45f2f88907d47453065,False,,True
_ARC1_CORRECTED_WORK/FRESH_VERIFY_R1_0_FINAL/M3A_THREE_SCALE_MOVING_DIRECTION_ARC1/DATA/independent_b.json,.json,5589,cac5685909558efd3e6a50e46880c9c55b747d7ca50724c8a2884742b71748bb,False,,True
_ARC1_CORRECTED_WORK/FRESH_VERIFY_R1_0_FINAL/M3A_THREE_SCALE_MOVING_DIRECTION_ARC1/DATA/independent_c.json,.json,312,ddadde63ba7dee5fbcd067b295d5c10f7fcd272ccc11db11ab06a4673fc749f8,False,,True
_ARC1_CORRECTED_WORK/FRESH_VERIFY_R1_0_FINAL/M3A_THREE_SCALE_MOVING_DIRECTION_ARC1/DATA/integrity.json,.json,296,5c2fc519c8e3be0ac2386e1b7a26b79396d8bded0ebff796192ecb3a76b6b3c8,False,,True
_ARC1_CORRECTED_WORK/FRESH_VERIFY_R1_0_FINAL/M3A_THREE_SCALE_MOVING_DIRECTION_ARC1/DATA/np1_controls.json,.json,479,7515c4397347c3831f43001dc634624c36018acce48ea0569c2a6d7bbdad00e1,False,,True
_ARC1_CORRECTED_WORK/FRESH_VERIFY_R1_0_FINAL/M3A_THREE_SCALE_MOVING_DIRECTION_ARC1/DATA/primary.json,.json,5578,9ef468be3121689a8f5ba63981725a007ca4b2fde0aa48bd0b550cc718c10f15,False,,True
_ARC1_CORRECTED_WORK/FRESH_VERIFY_R1_0_FINAL/M3A_THREE_SCALE_MOVING_DIRECTION_ARC1/DECLARED_PROTOCOL_COROLLARY.tex,.tex,1017,79d1bb0d6a52d427436b811232413a6493ec2c1dafc604ce78aa6e0f95550273,False,,True
_ARC1_CORRECTED_WORK/FRESH_VERIFY_R1_0_FINAL/M3A_THREE_SCALE_MOVING_DIRECTION_ARC1/ENVIRONMENT_SPECIFICATION.txt,.txt,800,574c2fb44c315c186bff5b21cf3e08bed38e84230ace132c87aee3d8aa0c81d7,False,,True
_ARC1_CORRECTED_WORK/FRESH_VERIFY_R1_0_FINAL/M3A_THREE_SCALE_MOVING_DIRECTION_ARC1/EXACT_DARK_MOVING_ARC_THEOREM.tex,.tex,844,064cee0ce1899943b1cc4b7ce4df74099e2970c00255a173fd9371dbf05b734c,False,,True
_ARC1_CORRECTED_WORK/FRESH_VERIFY_R1_0_FINAL/M3A_THREE_SCALE_MOVING_DIRECTION_ARC1/EXPECTED/census.json,.json,21866,0143a610daef8d90c07df9f0a8a8ba9ba79f46ec7108472ea5338ead9dcca6ae,False,,True
_ARC1_CORRECTED_WORK/FRESH_VERIFY_R1_0_FINAL/M3A_THREE_SCALE_MOVING_DIRECTION_ARC1/EXPECTED/comparison.json,.json,1822,a4194b5be2f8bcc3309dd4d2089a5b6e828f6637ca2105b4aa364f8aacd0c4a1,False,,True
_ARC1_CORRECTED_WORK/FRESH_VERIFY_R1_0_FINAL/M3A_THREE_SCALE_MOVING_DIRECTION_ARC1/EXPECTED/independent_a.json,.json,5597,ccc91f31100870643892afa8c5287e772c7a3d4af3bfb45f2f88907d47453065,False,,True
_ARC1_CORRECTED_WORK/FRESH_VERIFY_R1_0_FINAL/M3A_THREE_SCALE_MOVING_DIRECTION_ARC1/EXPECTED/independent_b.json,.json,5589,cac5685909558efd3e6a50e46880c9c55b747d7ca50724c8a2884742b71748bb,False,,True
_ARC1_CORRECTED_WORK/FRESH_VERIFY_R1_0_FINAL/M3A_THREE_SCALE_MOVING_DIRECTION_ARC1/EXPECTED/independent_c.json,.json,312,ddadde63ba7dee5fbcd067b295d5c10f7fcd272ccc11db11ab06a4673fc749f8,False,,True
_ARC1_CORRECTED_WORK/FRESH_VERIFY_R1_0_FINAL/M3A_THREE_SCALE_MOVING_DIRECTION_ARC1/EXPECTED/integrity.json,.json,296,5c2fc519c8e3be0ac2386e1b7a26b79396d8bded0ebff796192ecb3a76b6b3c8,False,,True
_ARC1_CORRECTED_WORK/FRESH_VERIFY_R1_0_FINAL/M3A_THREE_SCALE_MOVING_DIRECTION_ARC1/EXPECTED/np1_controls.json,.json,479,7515c4397347c3831f43001dc634624c36018acce48ea0569c2a6d7bbdad00e1,False,,True
_ARC1_CORRECTED_WORK/FRESH_VERIFY_R1_0_FINAL/M3A_THREE_SCALE_MOVING_DIRECTION_ARC1/EXPECTED/primary.json,.json,5578,9ef468be3121689a8f5ba63981725a007ca4b2fde0aa48bd0b550cc718c10f15,False,,True
_ARC1_CORRECTED_WORK/FRESH_VERIFY_R1_0_FINAL/M3A_THREE_SCALE_MOVING_DIRECTION_ARC1/EXPECTED_CANONICAL.sha256,.sha256,731,eb76d505292c47a34de698b136f5f11a4fa4908946572787cd37f8ce3b0386d9,False,,False
_ARC1_CORRECTED_WORK/FRESH_VERIFY_R1_0_FINAL/M3A_THREE_SCALE_MOVING_DIRECTION_ARC1/FAILURE_LEDGER.md,.md,1200,62e7b0e9ab1ccf99ebd1d36f520874ea189e844fb160eee7be811ab87e9ad551,False,,True
_ARC1_CORRECTED_WORK/FRESH_VERIFY_R1_0_FINAL/M3A_THREE_SCALE_MOVING_DIRECTION_ARC1/FALSIFIER_CERTIFICATE.md,.md,1171,45ea19a0dab49acacead15aa746ac4de092fee5c73f0625c739ec5123a027712,False,,True
_ARC1_CORRECTED_WORK/FRESH_VERIFY_R1_0_FINAL/M3A_THREE_SCALE_MOVING_DIRECTION_ARC1/FINAL_ARC1_ASSESSMENT.md,.md,1468,10cfaa501f2daa2b63b9cf8c2b209098cc1cd57277db83f79ed3ac4357151193,False,,True
_ARC1_CORRECTED_WORK/FRESH_VERIFY_R1_0_FINAL/M3A_THREE_SCALE_MOVING_DIRECTION_ARC1/FIXED_FIBRE_CITATION_AND_SCOPE_AUDIT.md,.md,630,72c4a819e3e9de2a97829b36e218b5ee309d045aa9b4d033ad3ded498a48d871,False,,True
_ARC1_CORRECTED_WORK/FRESH_VERIFY_R1_0_FINAL/M3A_THREE_SCALE_MOVING_DIRECTION_ARC1/INPUT_ARCHIVES.sha256,.sha256,1489,c269d35619c81216c11a6a7e0d83c3650614ef8c8aa36a5abf70872e346666dd,False,,False
_ARC1_CORRECTED_WORK/FRESH_VERIFY_R1_0_FINAL/M3A_THREE_SCALE_MOVING_DIRECTION_ARC1/INPUTS/ARC1_HANDOFF.md,.md,687,dc906e353dd4a358b03a782b8c25c356a11e158ef0f209f49c488944fbe90ab3,False,,True
_ARC1_CORRECTED_WORK/FRESH_VERIFY_R1_0_FINAL/M3A_THREE_SCALE_MOVING_DIRECTION_ARC1/INPUTS/CLAIM_AND_NOVELTY_LEDGER.md,.md,1333,bdd1213684a2b1606c6d224422fab0f9031968627077276a5c0b2ccb919837d3,False,,True
_ARC1_CORRECTED_WORK/FRESH_VERIFY_R1_0_FINAL/M3A_THREE_SCALE_MOVING_DIRECTION_ARC1/INPUTS/FIBREWISE_ARC1_FIREWALL.md,.md,900,a6057270c50267a27d502041483fa12788c9b2d8e634b586cb0bbf9ecdd49cd6,False,,True
_ARC1_CORRECTED_WORK/FRESH_VERIFY_R1_0_FINAL/M3A_THREE_SCALE_MOVING_DIRECTION_ARC1/INPUTS/FINAL_NP1_ASSESSMENT.md,.md,1201,6948379a877b50804428c9e90283bf4df9102bf21c206470d9d6fcab2c203995,False,,True
_ARC1_CORRECTED_WORK/FRESH_VERIFY_R1_0_FINAL/M3A_THREE_SCALE_MOVING_DIRECTION_ARC1/INPUTS/M3A_ARC1_FALSIFIER_AND_COLLEAGUE_REQUESTS_AUDIT_2026-08-01.md,.md,17601,a855e845cd1a278e8b16c16a63b44d0e7738eca8df80d4b48fa8acd925e244d5,False,,True
_ARC1_CORRECTED_WORK/FRESH_VERIFY_R1_0_FINAL/M3A_THREE_SCALE_MOVING_DIRECTION_ARC1/INPUTS/M3A_NEWTON_PROTOCOL_ATLAS_NP1_R1_0.zip,.zip,23801570,,False,,False
_ARC1_CORRECTED_WORK/FRESH_VERIFY_R1_0_FINAL/M3A_THREE_SCALE_MOVING_DIRECTION_ARC1/INPUTS/M3A_NEWTON_PROTOCOL_ATLAS_NP1_R1_0.zip.sha256,.sha256,105,dc8afe50cffae339cb51d040472f2f7755af22cf709b719b718031289072d4d2,False,,False
_ARC1_CORRECTED_WORK/FRESH_VERIFY_R1_0_FINAL/M3A_THREE_SCALE_MOVING_DIRECTION_ARC1/INPUTS/MOMENT_SUPPORT_CERTIFICATE.md,.md,1487,e13775cb015cf073a79f728178a8215db625d74c7a546f664525734ef685c889,False,,True
_ARC1_CORRECTED_WORK/FRESH_VERIFY_R1_0_FINAL/M3A_THREE_SCALE_MOVING_DIRECTION_ARC1/INPUTS/NEWTON_FIBRE_TRICHOTOMY_THEOREM.tex,.tex,1372,09a875c2c1e39d205d503351d0bed6ebff6a3645f319cbb32b167ee16aa720b8,False,,True
_ARC1_CORRECTED_WORK/FRESH_VERIFY_R1_0_FINAL/M3A_THREE_SCALE_MOVING_DIRECTION_ARC1/INPUTS/NP1_MANIFEST.sha256,.sha256,5252,e0b97616a89f871286c106391f1f92032f4b38e86fe101b46e77ee09f77e81db,False,,False
_ARC1_CORRECTED_WORK/FRESH_VERIFY_R1_0_FINAL/M3A_THREE_SCALE_MOVING_DIRECTION_ARC1/INPUTS/POSITIVE_PROTOCOL_FACE_THEOREM.tex,.tex,1245,161755513a6780be0be79abcbcd2c445537d68fd6b263821e0d0602bdc127bcb,False,,True
_ARC1_CORRECTED_WORK/FRESH_VERIFY_R1_0_FINAL/M3A_THREE_SCALE_MOVING_DIRECTION_ARC1/INPUTS/REPRODUCE.sh,.sh,1303,921f9df39fbca405c3770ae66425268a56b701e11911da5922c00a525a226a94,False,,True
_ARC1_CORRECTED_WORK/FRESH_VERIFY_R1_0_FINAL/M3A_THREE_SCALE_MOVING_DIRECTION_ARC1/INPUTS/TRANSFORMED_RESOLVENT_THEOREM.tex,.tex,1670,db838785f01eb0225777d54b1aa99ead3f340479bea193f6f5dda0aa03aa4328,False,,True
_ARC1_CORRECTED_WORK/FRESH_VERIFY_R1_0_FINAL/M3A_THREE_SCALE_MOVING_DIRECTION_ARC1/INPUTS/WORKSTATION_ARC1_ANALYTIC_ARC_VALUATION_MASTER_PROMPT.md,.md,25185,af56237f2e8644037e6f51cd63b33ca26bc222febc4a88d31f6773da791bfd00,False,,True
_ARC1_CORRECTED_WORK/FRESH_VERIFY_R1_0_FINAL/M3A_THREE_SCALE_MOVING_DIRECTION_ARC1/MANIFEST.sha256,.sha256,6573,f975d2739c0c101524861dc85230fa39fb87fb0d3250e7ecb17f9a5145893c3d,False,,False
_ARC1_CORRECTED_WORK/FRESH_VERIFY_R1_0_FINAL/M3A_THREE_SCALE_MOVING_DIRECTION_ARC1/MANIFEST_POLICY.md,.md,1030,fb088ebff921cee9eb337dde2b2080094f61924c8e913462467e918dbccb2fc3,False,,True
_ARC1_CORRECTED_WORK/FRESH_VERIFY_R1_0_FINAL/M3A_THREE_SCALE_MOVING_DIRECTION_ARC1/NEXT_STAGE_HANDOFF.md,.md,748,962bcc0eddeff7f7f86c66c613bd5f0ff5d35a9544b7dce300dd6e2b42729f3d,False,,True
_ARC1_CORRECTED_WORK/FRESH_VERIFY_R1_0_FINAL/M3A_THREE_SCALE_MOVING_DIRECTION_ARC1/NP1_CONTROL_EVIDENCE_MAP.md,.md,1049,34364d94757763e4d082beb8ca61296cdc1201e8ca9cca1f04d1b9fd8c969665,False,,True
_ARC1_CORRECTED_WORK/FRESH_VERIFY_R1_0_FINAL/M3A_THREE_SCALE_MOVING_DIRECTION_ARC1/PAPER_REVISION_RECOMMENDATION.md,.md,715,77ae6f41e3a62389d1d753350dead2ed51756a56b3f244582d42094d654a28d5,False,,True
_ARC1_CORRECTED_WORK/FRESH_VERIFY_R1_0_FINAL/M3A_THREE_SCALE_MOVING_DIRECTION_ARC1/PRIOR_ART_AUDIT.md,.md,2217,e4952cd2561b839aceb30491d7e11831584079aeb9ab62759dcb2105489da1ce,False,,True
_ARC1_CORRECTED_WORK/FRESH_VERIFY_R1_0_FINAL/M3A_THREE_SCALE_MOVING_DIRECTION_ARC1/R1_1_SCOPE_AND_INTERPRETATION_PATCH.tex,.tex,1066,c63a76a8b25abe99ec7872149461a8b84b272ab04629fe9ab7958766d59e91ca,False,,True
_ARC1_CORRECTED_WORK/FRESH_VERIFY_R1_0_FINAL/M3A_THREE_SCALE_MOVING_DIRECTION_ARC1/REPARAMETERISATION_LAWS.md,.md,800,64d83cc9118c29dd718669f3d19b2b67240a9bf6a5fe0c1f74658d6dfc1fdc0a,False,,True
_ARC1_CORRECTED_WORK/FRESH_VERIFY_R1_0_FINAL/M3A_THREE_SCALE_MOVING_DIRECTION_ARC1/REPRODUCE.sh,.sh,1483,b8bfa5c313b9d10cc6c4452a73a4e1ca017e875dbe5b56d0469acde6f669d9ad,False,,True
_ARC1_CORRECTED_WORK/FRESH_VERIFY_R1_0_FINAL/M3A_THREE_SCALE_MOVING_DIRECTION_ARC1/REPRODUCIBILITY_PROTOCOL.md,.md,1110,c42b288a704808493c47d7a43034769c6ad9f7fd166bc500d3e39f908fb4b393,False,,True
_ARC1_CORRECTED_WORK/FRESH_VERIFY_R1_0_FINAL/M3A_THREE_SCALE_MOVING_DIRECTION_ARC1/SIGNED_GRAPH_COLLEAGUE_HANDOFF.md,.md,1327,3a6004e291c068f7809aada2b2578e2b879a62b9901558444cbd60eacad3a824,False,,True
_ARC1_CORRECTED_WORK/FRESH_VERIFY_R1_0_FINAL/M3A_THREE_SCALE_MOVING_DIRECTION_ARC1/SMOOTH_FLAT_FAILURE.md,.md,600,0025e62b2ef2f451fdbf43698a8518674927f6399dd1c0b86225e2253f98ad12,False,,True
_ARC1_CORRECTED_WORK/FRESH_VERIFY_R1_0_FINAL/M3A_THREE_SCALE_MOVING_DIRECTION_ARC1/SUPERSESSION_AND_PARAMETERISATION_FIREWALL.md,.md,996,249173c8ea55f05424d4416bcb05561a5f77db3c95d1b8adf7463a4ac80229f2,False,,True
_ARC1_CORRECTED_WORK/FRESH_VERIFY_R1_0_FINAL/M3A_THREE_SCALE_MOVING_DIRECTION_ARC1/THREE_SCALE_SUPPORT_THEOREM.tex,.tex,2247,24e53623715f08b0f2c1ab577c17d77983d915c98dcb311ec1ec0e54d401c539,False,,True
_ARC1_CORRECTED_WORK/FRESH_VERIFY_R1_0_FINAL/M3A_THREE_SCALE_MOVING_DIRECTION_ARC1/TIE_FACE_CANCELLATION_AND_NEXT_ORDER.tex,.tex,1104,a5c3400e7906e56b00c51628b531e2bf8f9835a2e51fc12c14b9b109916a5e81,False,,True
_ARC1_CORRECTED_WORK/FRESH_VERIFY_R1_0_FINAL/M3A_THREE_SCALE_MOVING_DIRECTION_ARC1/TRANSFORMED_RESOLVENT_THREE_SCALE_THEOREM.tex,.tex,1055,761f0419f8772c1924c4c58975af433fb84d9275bcbc6a2d8ee330a78468db6b,False,,True
_ARC1_CORRECTED_WORK/M3A_THREE_SCALE_MOVING_DIRECTION_ARC1/ARC1_CERTIFICATES.json,.json,1822,a4194b5be2f8bcc3309dd4d2089a5b6e828f6637ca2105b4aa364f8aacd0c4a1,False,,True
_ARC1_CORRECTED_WORK/M3A_THREE_SCALE_MOVING_DIRECTION_ARC1/ARC1_RANDOM_CENSUS.json,.json,21866,0143a610daef8d90c07df9f0a8a8ba9ba79f46ec7108472ea5338ead9dcca6ae,False,,True
_ARC1_CORRECTED_WORK/M3A_THREE_SCALE_MOVING_DIRECTION_ARC1/ASSUMPTIONS_LOCK.md,.md,1444,56d218e51b3efdb328970653f730899c23ab6968df4765720500002d7181187c,False,,True
_ARC1_CORRECTED_WORK/M3A_THREE_SCALE_MOVING_DIRECTION_ARC1/CLAIM_AND_NOVELTY_LEDGER.md,.md,1327,0de3033295e06312cb9cba2f277d104ad794794a184868f9e62111b708564980,False,,True
_ARC1_CORRECTED_WORK/M3A_THREE_SCALE_MOVING_DIRECTION_ARC1/CODE_INDEPENDENT_C/support_geometry.py,.py,1463,124f9c41f167a18f21380b94480cb5d7fc8e75a44b03ee1bfc9be065fec643f8,False,,True
_ARC1_CORRECTED_WORK/M3A_THREE_SCALE_MOVING_DIRECTION_ARC1/CODE_PRIMARY/compare_and_controls.py,.py,2972,ab2d8ca050aa21c091725064ac5bab336028118670b2a224f48f043dc1716a60,False,,True
_ARC1_CORRECTED_WORK/M3A_THREE_SCALE_MOVING_DIRECTION_ARC1/CODE_PRIMARY/integrity_gate.py,.py,4379,7cce7fe3d44897fa1aeee5f70f5d6e66a782edcbd28adc653cb578196ccf8c3d,False,,True
_ARC1_CORRECTED_WORK/M3A_THREE_SCALE_MOVING_DIRECTION_ARC1/CODE_PRIMARY/moving_direction_series.py,.py,5556,be49fd7cb0dccdf198a2b25e3152e780b53ab628fcc33ac5eded6314fd39b5f2,False,,True
_ARC1_CORRECTED_WORK/M3A_THREE_SCALE_MOVING_DIRECTION_ARC1/CODE_PRIMARY/polynomial_arc_census.py,.py,2681,5071e761661aa0ea832d86d2f8a37d741b36a3746d578f3266e9813857d12261,False,,True
_ARC1_CORRECTED_WORK/M3A_THREE_SCALE_MOVING_DIRECTION_ARC1/CODE_PRIMARY/verify_package.py,.py,1717,2fb6e06e7d81179ea241f73e6b254d64209e4cf73ff70c536f49d4fa1d65e2e4,False,,True
_ARC1_CORRECTED_WORK/M3A_THREE_SCALE_MOVING_DIRECTION_ARC1/COMPARISON_POLICY.json,.json,1049,6200b013bd63f12c6c095aba4c7c3b18e490910847a06172cc5961303f5c551d,False,,True
_ARC1_CORRECTED_WORK/M3A_THREE_SCALE_MOVING_DIRECTION_ARC1/COUNTEREXAMPLES_AND_CONTROLS.md,.md,2059,eb0d0afeac3d54e04f5fc05d60f089341d26cefc7433448678cdc2d69b43fec6,False,,True
_ARC1_CORRECTED_WORK/M3A_THREE_SCALE_MOVING_DIRECTION_ARC1/DATA/census.json,.json,21866,0143a610daef8d90c07df9f0a8a8ba9ba79f46ec7108472ea5338ead9dcca6ae,False,,True
_ARC1_CORRECTED_WORK/M3A_THREE_SCALE_MOVING_DIRECTION_ARC1/DATA/comparison.json,.json,1822,a4194b5be2f8bcc3309dd4d2089a5b6e828f6637ca2105b4aa364f8aacd0c4a1,False,,True
_ARC1_CORRECTED_WORK/M3A_THREE_SCALE_MOVING_DIRECTION_ARC1/DATA/independent_a.json,.json,5597,ccc91f31100870643892afa8c5287e772c7a3d4af3bfb45f2f88907d47453065,False,,True
_ARC1_CORRECTED_WORK/M3A_THREE_SCALE_MOVING_DIRECTION_ARC1/DATA/independent_b.json,.json,5589,cac5685909558efd3e6a50e46880c9c55b747d7ca50724c8a2884742b71748bb,False,,True
_ARC1_CORRECTED_WORK/M3A_THREE_SCALE_MOVING_DIRECTION_ARC1/DATA/independent_c.json,.json,312,ddadde63ba7dee5fbcd067b295d5c10f7fcd272ccc11db11ab06a4673fc749f8,False,,True
_ARC1_CORRECTED_WORK/M3A_THREE_SCALE_MOVING_DIRECTION_ARC1/DATA/integrity.json,.json,296,5c2fc519c8e3be0ac2386e1b7a26b79396d8bded0ebff796192ecb3a76b6b3c8,False,,True
_ARC1_CORRECTED_WORK/M3A_THREE_SCALE_MOVING_DIRECTION_ARC1/DATA/np1_controls.json,.json,479,7515c4397347c3831f43001dc634624c36018acce48ea0569c2a6d7bbdad00e1,False,,True
_ARC1_CORRECTED_WORK/M3A_THREE_SCALE_MOVING_DIRECTION_ARC1/DATA/primary.json,.json,5578,9ef468be3121689a8f5ba63981725a007ca4b2fde0aa48bd0b550cc718c10f15,False,,True
_ARC1_CORRECTED_WORK/M3A_THREE_SCALE_MOVING_DIRECTION_ARC1/DECLARED_PROTOCOL_COROLLARY.tex,.tex,1017,79d1bb0d6a52d427436b811232413a6493ec2c1dafc604ce78aa6e0f95550273,False,,True
_ARC1_CORRECTED_WORK/M3A_THREE_SCALE_MOVING_DIRECTION_ARC1/ENVIRONMENT_SPECIFICATION.txt,.txt,800,574c2fb44c315c186bff5b21cf3e08bed38e84230ace132c87aee3d8aa0c81d7,False,,True
_ARC1_CORRECTED_WORK/M3A_THREE_SCALE_MOVING_DIRECTION_ARC1/EXACT_DARK_MOVING_ARC_THEOREM.tex,.tex,844,064cee0ce1899943b1cc4b7ce4df74099e2970c00255a173fd9371dbf05b734c,False,,True
_ARC1_CORRECTED_WORK/M3A_THREE_SCALE_MOVING_DIRECTION_ARC1/EXPECTED/census.json,.json,21866,0143a610daef8d90c07df9f0a8a8ba9ba79f46ec7108472ea5338ead9dcca6ae,False,,True
_ARC1_CORRECTED_WORK/M3A_THREE_SCALE_MOVING_DIRECTION_ARC1/EXPECTED/comparison.json,.json,1822,a4194b5be2f8bcc3309dd4d2089a5b6e828f6637ca2105b4aa364f8aacd0c4a1,False,,True
_ARC1_CORRECTED_WORK/M3A_THREE_SCALE_MOVING_DIRECTION_ARC1/EXPECTED/independent_a.json,.json,5597,ccc91f31100870643892afa8c5287e772c7a3d4af3bfb45f2f88907d47453065,False,,True
_ARC1_CORRECTED_WORK/M3A_THREE_SCALE_MOVING_DIRECTION_ARC1/EXPECTED/independent_b.json,.json,5589,cac5685909558efd3e6a50e46880c9c55b747d7ca50724c8a2884742b71748bb,False,,True
_ARC1_CORRECTED_WORK/M3A_THREE_SCALE_MOVING_DIRECTION_ARC1/EXPECTED/independent_c.json,.json,312,ddadde63ba7dee5fbcd067b295d5c10f7fcd272ccc11db11ab06a4673fc749f8,False,,True
_ARC1_CORRECTED_WORK/M3A_THREE_SCALE_MOVING_DIRECTION_ARC1/EXPECTED/integrity.json,.json,296,5c2fc519c8e3be0ac2386e1b7a26b79396d8bded0ebff796192ecb3a76b6b3c8,False,,True
_ARC1_CORRECTED_WORK/M3A_THREE_SCALE_MOVING_DIRECTION_ARC1/EXPECTED/np1_controls.json,.json,479,7515c4397347c3831f43001dc634624c36018acce48ea0569c2a6d7bbdad00e1,False,,True
_ARC1_CORRECTED_WORK/M3A_THREE_SCALE_MOVING_DIRECTION_ARC1/EXPECTED/primary.json,.json,5578,9ef468be3121689a8f5ba63981725a007ca4b2fde0aa48bd0b550cc718c10f15,False,,True
_ARC1_CORRECTED_WORK/M3A_THREE_SCALE_MOVING_DIRECTION_ARC1/EXPECTED_CANONICAL.sha256,.sha256,731,eb76d505292c47a34de698b136f5f11a4fa4908946572787cd37f8ce3b0386d9,False,,False
_ARC1_CORRECTED_WORK/M3A_THREE_SCALE_MOVING_DIRECTION_ARC1/FAILURE_LEDGER.md,.md,1200,62e7b0e9ab1ccf99ebd1d36f520874ea189e844fb160eee7be811ab87e9ad551,False,,True
_ARC1_CORRECTED_WORK/M3A_THREE_SCALE_MOVING_DIRECTION_ARC1/FALSIFIER_CERTIFICATE.md,.md,1171,45ea19a0dab49acacead15aa746ac4de092fee5c73f0625c739ec5123a027712,False,,True
_ARC1_CORRECTED_WORK/M3A_THREE_SCALE_MOVING_DIRECTION_ARC1/FINAL_ARC1_ASSESSMENT.md,.md,1468,10cfaa501f2daa2b63b9cf8c2b209098cc1cd57277db83f79ed3ac4357151193,False,,True
_ARC1_CORRECTED_WORK/M3A_THREE_SCALE_MOVING_DIRECTION_ARC1/FIXED_FIBRE_CITATION_AND_SCOPE_AUDIT.md,.md,630,72c4a819e3e9de2a97829b36e218b5ee309d045aa9b4d033ad3ded498a48d871,False,,True
_ARC1_CORRECTED_WORK/M3A_THREE_SCALE_MOVING_DIRECTION_ARC1/INPUT_ARCHIVES.sha256,.sha256,1489,c269d35619c81216c11a6a7e0d83c3650614ef8c8aa36a5abf70872e346666dd,False,,False
_ARC1_CORRECTED_WORK/M3A_THREE_SCALE_MOVING_DIRECTION_ARC1/INPUTS/ARC1_HANDOFF.md,.md,687,dc906e353dd4a358b03a782b8c25c356a11e158ef0f209f49c488944fbe90ab3,False,,True
_ARC1_CORRECTED_WORK/M3A_THREE_SCALE_MOVING_DIRECTION_ARC1/INPUTS/CLAIM_AND_NOVELTY_LEDGER.md,.md,1333,bdd1213684a2b1606c6d224422fab0f9031968627077276a5c0b2ccb919837d3,False,,True
_ARC1_CORRECTED_WORK/M3A_THREE_SCALE_MOVING_DIRECTION_ARC1/INPUTS/FIBREWISE_ARC1_FIREWALL.md,.md,900,a6057270c50267a27d502041483fa12788c9b2d8e634b586cb0bbf9ecdd49cd6,False,,True
_ARC1_CORRECTED_WORK/M3A_THREE_SCALE_MOVING_DIRECTION_ARC1/INPUTS/FINAL_NP1_ASSESSMENT.md,.md,1201,6948379a877b50804428c9e90283bf4df9102bf21c206470d9d6fcab2c203995,False,,True
_ARC1_CORRECTED_WORK/M3A_THREE_SCALE_MOVING_DIRECTION_ARC1/INPUTS/M3A_ARC1_FALSIFIER_AND_COLLEAGUE_REQUESTS_AUDIT_2026-08-01.md,.md,17601,a855e845cd1a278e8b16c16a63b44d0e7738eca8df80d4b48fa8acd925e244d5,False,,True
_ARC1_CORRECTED_WORK/M3A_THREE_SCALE_MOVING_DIRECTION_ARC1/INPUTS/M3A_NEWTON_PROTOCOL_ATLAS_NP1_R1_0.zip,.zip,23801570,,False,,False
_ARC1_CORRECTED_WORK/M3A_THREE_SCALE_MOVING_DIRECTION_ARC1/INPUTS/M3A_NEWTON_PROTOCOL_ATLAS_NP1_R1_0.zip.sha256,.sha256,105,dc8afe50cffae339cb51d040472f2f7755af22cf709b719b718031289072d4d2,False,,False
_ARC1_CORRECTED_WORK/M3A_THREE_SCALE_MOVING_DIRECTION_ARC1/INPUTS/MOMENT_SUPPORT_CERTIFICATE.md,.md,1487,e13775cb015cf073a79f728178a8215db625d74c7a546f664525734ef685c889,False,,True
_ARC1_CORRECTED_WORK/M3A_THREE_SCALE_MOVING_DIRECTION_ARC1/INPUTS/NEWTON_FIBRE_TRICHOTOMY_THEOREM.tex,.tex,1372,09a875c2c1e39d205d503351d0bed6ebff6a3645f319cbb32b167ee16aa720b8,False,,True
_ARC1_CORRECTED_WORK/M3A_THREE_SCALE_MOVING_DIRECTION_ARC1/INPUTS/NP1_MANIFEST.sha256,.sha256,5252,e0b97616a89f871286c106391f1f92032f4b38e86fe101b46e77ee09f77e81db,False,,False
_ARC1_CORRECTED_WORK/M3A_THREE_SCALE_MOVING_DIRECTION_ARC1/INPUTS/POSITIVE_PROTOCOL_FACE_THEOREM.tex,.tex,1245,161755513a6780be0be79abcbcd2c445537d68fd6b263821e0d0602bdc127bcb,False,,True
_ARC1_CORRECTED_WORK/M3A_THREE_SCALE_MOVING_DIRECTION_ARC1/INPUTS/REPRODUCE.sh,.sh,1303,921f9df39fbca405c3770ae66425268a56b701e11911da5922c00a525a226a94,False,,True
_ARC1_CORRECTED_WORK/M3A_THREE_SCALE_MOVING_DIRECTION_ARC1/INPUTS/TRANSFORMED_RESOLVENT_THEOREM.tex,.tex,1670,db838785f01eb0225777d54b1aa99ead3f340479bea193f6f5dda0aa03aa4328,False,,True
_ARC1_CORRECTED_WORK/M3A_THREE_SCALE_MOVING_DIRECTION_ARC1/INPUTS/WORKSTATION_ARC1_ANALYTIC_ARC_VALUATION_MASTER_PROMPT.md,.md,25185,af56237f2e8644037e6f51cd63b33ca26bc222febc4a88d31f6773da791bfd00,False,,True
_ARC1_CORRECTED_WORK/M3A_THREE_SCALE_MOVING_DIRECTION_ARC1/MANIFEST.sha256,.sha256,6573,f975d2739c0c101524861dc85230fa39fb87fb0d3250e7ecb17f9a5145893c3d,False,,False
_ARC1_CORRECTED_WORK/M3A_THREE_SCALE_MOVING_DIRECTION_ARC1/MANIFEST_POLICY.md,.md,1030,fb088ebff921cee9eb337dde2b2080094f61924c8e913462467e918dbccb2fc3,False,,True
_ARC1_CORRECTED_WORK/M3A_THREE_SCALE_MOVING_DIRECTION_ARC1/NEXT_STAGE_HANDOFF.md,.md,748,962bcc0eddeff7f7f86c66c613bd5f0ff5d35a9544b7dce300dd6e2b42729f3d,False,,True
_ARC1_CORRECTED_WORK/M3A_THREE_SCALE_MOVING_DIRECTION_ARC1/NP1_CONTROL_EVIDENCE_MAP.md,.md,1049,34364d94757763e4d082beb8ca61296cdc1201e8ca9cca1f04d1b9fd8c969665,False,,True
_ARC1_CORRECTED_WORK/M3A_THREE_SCALE_MOVING_DIRECTION_ARC1/PAPER_REVISION_RECOMMENDATION.md,.md,715,77ae6f41e3a62389d1d753350dead2ed51756a56b3f244582d42094d654a28d5,False,,True
_ARC1_CORRECTED_WORK/M3A_THREE_SCALE_MOVING_DIRECTION_ARC1/PRIOR_ART_AUDIT.md,.md,2217,e4952cd2561b839aceb30491d7e11831584079aeb9ab62759dcb2105489da1ce,False,,True
_ARC1_CORRECTED_WORK/M3A_THREE_SCALE_MOVING_DIRECTION_ARC1/R1_1_SCOPE_AND_INTERPRETATION_PATCH.tex,.tex,1066,c63a76a8b25abe99ec7872149461a8b84b272ab04629fe9ab7958766d59e91ca,False,,True
_ARC1_CORRECTED_WORK/M3A_THREE_SCALE_MOVING_DIRECTION_ARC1/REPARAMETERISATION_LAWS.md,.md,800,64d83cc9118c29dd718669f3d19b2b67240a9bf6a5fe0c1f74658d6dfc1fdc0a,False,,True
_ARC1_CORRECTED_WORK/M3A_THREE_SCALE_MOVING_DIRECTION_ARC1/REPRODUCE.sh,.sh,1483,b8bfa5c313b9d10cc6c4452a73a4e1ca017e875dbe5b56d0469acde6f669d9ad,False,,True
_ARC1_CORRECTED_WORK/M3A_THREE_SCALE_MOVING_DIRECTION_ARC1/REPRODUCIBILITY_PROTOCOL.md,.md,1110,c42b288a704808493c47d7a43034769c6ad9f7fd166bc500d3e39f908fb4b393,False,,True
_ARC1_CORRECTED_WORK/M3A_THREE_SCALE_MOVING_DIRECTION_ARC1/SIGNED_GRAPH_COLLEAGUE_HANDOFF.md,.md,1327,3a6004e291c068f7809aada2b2578e2b879a62b9901558444cbd60eacad3a824,False,,True
_ARC1_CORRECTED_WORK/M3A_THREE_SCALE_MOVING_DIRECTION_ARC1/SMOOTH_FLAT_FAILURE.md,.md,600,0025e62b2ef2f451fdbf43698a8518674927f6399dd1c0b86225e2253f98ad12,False,,True
_ARC1_CORRECTED_WORK/M3A_THREE_SCALE_MOVING_DIRECTION_ARC1/SUPERSESSION_AND_PARAMETERISATION_FIREWALL.md,.md,996,249173c8ea55f05424d4416bcb05561a5f77db3c95d1b8adf7463a4ac80229f2,False,,True
_ARC1_CORRECTED_WORK/M3A_THREE_SCALE_MOVING_DIRECTION_ARC1/THREE_SCALE_SUPPORT_THEOREM.tex,.tex,2247,24e53623715f08b0f2c1ab577c17d77983d915c98dcb311ec1ec0e54d401c539,False,,True
_ARC1_CORRECTED_WORK/M3A_THREE_SCALE_MOVING_DIRECTION_ARC1/TIE_FACE_CANCELLATION_AND_NEXT_ORDER.tex,.tex,1104,a5c3400e7906e56b00c51628b531e2bf8f9835a2e51fc12c14b9b109916a5e81,False,,True
_ARC1_CORRECTED_WORK/M3A_THREE_SCALE_MOVING_DIRECTION_ARC1/TRANSFORMED_RESOLVENT_THREE_SCALE_THEOREM.tex,.tex,1055,761f0419f8772c1924c4c58975af433fb84d9275bcbc6a2d8ee330a78468db6b,False,,True
_EA1_R1_1_REPAIR_WORK/before_audit.py,.py,5134,2d7632d440133bf1a1adf71f42957555620eca96c038e24d2521e5b7a64965f8,True,utf-8-sig,False
_EA1_R1_1_REPAIR_WORK/BEFORE_CAPTURE/BEFORE_REPAIR_HASHES.sha256,.sha256,5079,d54bf81c40975ae941717da833d60d1b886f8db7f28814c9e40f99fd1b8fdffd,False,,False
_EA1_R1_1_REPAIR_WORK/BEFORE_CAPTURE/BEFORE_REPAIR_NEWLINES.json,.json,23861,2feffc96158b373226926fec8cbb8d3d59fd9428aba51a600703e1cccc1bec13,True,utf-8-sig,False
_EA1_R1_1_REPAIR_WORK/build_repair_evidence.py,.py,7170,559dd7c40d737495d83babb0b4733657982ce1ec6641b9ae83b01d0ca938492a,True,utf-8-sig,False
_EA1_R1_1_REPAIR_WORK/EXTRACTED_BEFORE/M3A_ENDPOINT_ACCESS_WORD_SUPPORT_EA1/ASSUMPTIONS_AND_SCOPE_LOCK.md,.md,2407,1d88e3039b9f4c0daa1819facd79e4405e90eba4952664a03649d900c242c33e,True,utf-8-sig,False
_EA1_R1_1_REPAIR_WORK/EXTRACTED_BEFORE/M3A_ENDPOINT_ACCESS_WORD_SUPPORT_EA1/BASELINE_ORDER_ZERO_FIREWALL.md,.md,718,113df4631f378926907045b13110f8c51bd5be4163df2c770eacf9938d2de0f3,True,utf-8-sig,False
_EA1_R1_1_REPAIR_WORK/EXTRACTED_BEFORE/M3A_ENDPOINT_ACCESS_WORD_SUPPORT_EA1/CLAIM_AND_NOVELTY_LEDGER.md,.md,2082,09937b0dafa419639df930be5ba84bbf4b04fc6e041bce31f50b5cef7fc5f2e5,True,utf-8-sig,False
_EA1_R1_1_REPAIR_WORK/EXTRACTED_BEFORE/M3A_ENDPOINT_ACCESS_WORD_SUPPORT_EA1/CODE_INDEPENDENT_A/formal_automaton.py,.py,3113,ca6ada0c3fd24962e524b88c5e2d2cb349eca25ed1acb2729377d20c131f9fea,True,utf-8-sig,False
_EA1_R1_1_REPAIR_WORK/EXTRACTED_BEFORE/M3A_ENDPOINT_ACCESS_WORD_SUPPORT_EA1/CODE_INDEPENDENT_B/polynomial_matrix.py,.py,3307,5ca5112c1d370c9a9ea98c8dbad73ae77b76d18241984600039a2ff64a522895,True,utf-8-sig,False
_EA1_R1_1_REPAIR_WORK/EXTRACTED_BEFORE/M3A_ENDPOINT_ACCESS_WORD_SUPPORT_EA1/CODE_PRIMARY/ea1_primary.py,.py,17911,66bf90341bcec402ba32cfe002030e9a9d0b82a073279e7a90384cbe3e6c994d,True,utf-8-sig,False
_EA1_R1_1_REPAIR_WORK/EXTRACTED_BEFORE/M3A_ENDPOINT_ACCESS_WORD_SUPPORT_EA1/CODE_PRIMARY/krylov_depths.py,.py,3503,2057fcf1505377ff4153c7c9bef8a6b55ce80edc09133e09daa5b5d627bc46d6,True,utf-8-sig,False
_EA1_R1_1_REPAIR_WORK/EXTRACTED_BEFORE/M3A_ENDPOINT_ACCESS_WORD_SUPPORT_EA1/CODE_PRIMARY/seal_package.py,.py,2074,97bb7bd7c157c19b633a39d2739eec8eccfc49409352458f67f6df76e0b65803,True,utf-8-sig,False
_EA1_R1_1_REPAIR_WORK/EXTRACTED_BEFORE/M3A_ENDPOINT_ACCESS_WORD_SUPPORT_EA1/CODE_PRIMARY/verify_package.py,.py,4940,8430203902e788a69d71f28849de0815655bb4e33e4a3a21f0e6e3a147e596de,True,utf-8-sig,False
_EA1_R1_1_REPAIR_WORK/EXTRACTED_BEFORE/M3A_ENDPOINT_ACCESS_WORD_SUPPORT_EA1/COMPARISON_POLICY.json,.json,628,74b821e45077da9524857e7cbbc7800ab62eeaef91d466994afe33ce52a8873b,True,utf-8-sig,False
_EA1_R1_1_REPAIR_WORK/EXTRACTED_BEFORE/M3A_ENDPOINT_ACCESS_WORD_SUPPORT_EA1/COUNTEREXAMPLES_AND_CONTROLS.md,.md,9345,b60b85360e0741a66a0eee0a1e9afa754fa068c69c239cbfb335a6848f09651a,True,utf-8-sig,False
_EA1_R1_1_REPAIR_WORK/EXTRACTED_BEFORE/M3A_ENDPOINT_ACCESS_WORD_SUPPORT_EA1/DATA/independent_automaton.json,.json,573,db96ac832698fb7bfb1a6837ab44f83a2131aa56c944d929209de953f06125be,True,utf-8-sig,False
_EA1_R1_1_REPAIR_WORK/EXTRACTED_BEFORE/M3A_ENDPOINT_ACCESS_WORD_SUPPORT_EA1/DATA/independent_javascript.json,.json,1442,bc81dffff29d5d797ee4626a1ba8ba33db281105ccf40c6a70caac1de6dc72de,True,utf-8-sig,False
_EA1_R1_1_REPAIR_WORK/EXTRACTED_BEFORE/M3A_ENDPOINT_ACCESS_WORD_SUPPORT_EA1/DATA/independent_polynomial.json,.json,567,8db6e25211fca7fbd9ac77a8947697f2463b51fb08dc449f110631856fc5316f,True,utf-8-sig,False
_EA1_R1_1_REPAIR_WORK/EXTRACTED_BEFORE/M3A_ENDPOINT_ACCESS_WORD_SUPPORT_EA1/DATA/krylov_certificate.json,.json,2525,93742538e8b58ba7b59c118cc17a093a3a8c97f6969dd9cf62615469a63b7a1d,True,utf-8-sig,False
_EA1_R1_1_REPAIR_WORK/EXTRACTED_BEFORE/M3A_ENDPOINT_ACCESS_WORD_SUPPORT_EA1/DATA/primary_exact.json,.json,26282,0073a4533e3941fead9418ae1249827dcdbbd347f777cf397b9405ea2f28cf14,True,utf-8-sig,False
_EA1_R1_1_REPAIR_WORK/EXTRACTED_BEFORE/M3A_ENDPOINT_ACCESS_WORD_SUPPORT_EA1/DATA/random_census.json,.json,1071116,f8c60de02e1ba1567fd8a9da43b5d39148deebb7a79ab5b499475d82af127c4e,True,utf-8-sig,False
_EA1_R1_1_REPAIR_WORK/EXTRACTED_BEFORE/M3A_ENDPOINT_ACCESS_WORD_SUPPORT_EA1/DEFINITIONS_AND_INDEXING.md,.md,1359,81f621b5a15389c934a90f03b6b693acbced645c9109791d476963fd6a1bcf13,True,utf-8-sig,False
_EA1_R1_1_REPAIR_WORK/EXTRACTED_BEFORE/M3A_ENDPOINT_ACCESS_WORD_SUPPORT_EA1/EA1_EXACT_CERTIFICATES.json,.json,26282,0073a4533e3941fead9418ae1249827dcdbbd347f777cf397b9405ea2f28cf14,False,,True
_EA1_R1_1_REPAIR_WORK/EXTRACTED_BEFORE/M3A_ENDPOINT_ACCESS_WORD_SUPPORT_EA1/EA1_RANDOM_CENSUS.json,.json,1071116,f8c60de02e1ba1567fd8a9da43b5d39148deebb7a79ab5b499475d82af127c4e,False,,True
_EA1_R1_1_REPAIR_WORK/EXTRACTED_BEFORE/M3A_ENDPOINT_ACCESS_WORD_SUPPORT_EA1/ENDPOINT_ACCESS_DEPTHS.md,.md,1951,41473f2216e712a3e7ab98044913bce0be7aad8af779e158eed5518b8e7db96c,True,utf-8-sig,False
_EA1_R1_1_REPAIR_WORK/EXTRACTED_BEFORE/M3A_ENDPOINT_ACCESS_WORD_SUPPORT_EA1/ENVIRONMENT_SPECIFICATION.txt,.txt,616,7ba5cf3c8f735cafd698b0882426e3d3c15de369241810326501141da30acdb6,True,utf-8-sig,False
_EA1_R1_1_REPAIR_WORK/EXTRACTED_BEFORE/M3A_ENDPOINT_ACCESS_WORD_SUPPORT_EA1/EQUALITY_SHARPNESS_AND_CANCELLATION_THEOREM.tex,.tex,2357,8c8c1e68bc354f67342cb1c4b73099418391372ad135010a18344e10de2ce8d1,True,utf-8-sig,False
_EA1_R1_1_REPAIR_WORK/EXTRACTED_BEFORE/M3A_ENDPOINT_ACCESS_WORD_SUPPORT_EA1/EXPECTED/independent_automaton.json,.json,573,db96ac832698fb7bfb1a6837ab44f83a2131aa56c944d929209de953f06125be,False,,True
_EA1_R1_1_REPAIR_WORK/EXTRACTED_BEFORE/M3A_ENDPOINT_ACCESS_WORD_SUPPORT_EA1/EXPECTED/independent_javascript.json,.json,1442,bc81dffff29d5d797ee4626a1ba8ba33db281105ccf40c6a70caac1de6dc72de,False,,True
_EA1_R1_1_REPAIR_WORK/EXTRACTED_BEFORE/M3A_ENDPOINT_ACCESS_WORD_SUPPORT_EA1/EXPECTED/independent_polynomial.json,.json,567,8db6e25211fca7fbd9ac77a8947697f2463b51fb08dc449f110631856fc5316f,False,,True
_EA1_R1_1_REPAIR_WORK/EXTRACTED_BEFORE/M3A_ENDPOINT_ACCESS_WORD_SUPPORT_EA1/EXPECTED/krylov_certificate.json,.json,2525,93742538e8b58ba7b59c118cc17a093a3a8c97f6969dd9cf62615469a63b7a1d,False,,True
_EA1_R1_1_REPAIR_WORK/EXTRACTED_BEFORE/M3A_ENDPOINT_ACCESS_WORD_SUPPORT_EA1/EXPECTED/primary_exact.json,.json,26282,0073a4533e3941fead9418ae1249827dcdbbd347f777cf397b9405ea2f28cf14,False,,True
_EA1_R1_1_REPAIR_WORK/EXTRACTED_BEFORE/M3A_ENDPOINT_ACCESS_WORD_SUPPORT_EA1/EXPECTED/random_census.json,.json,1071116,f8c60de02e1ba1567fd8a9da43b5d39148deebb7a79ab5b499475d82af127c4e,False,,True
_EA1_R1_1_REPAIR_WORK/EXTRACTED_BEFORE/M3A_ENDPOINT_ACCESS_WORD_SUPPORT_EA1/EXPECTED_CANONICAL.sha256,.sha256,778,c4d9c86159982485e86bd758427137a4c89859f2bb15c4ec785200972c690d0b,False,,False
_EA1_R1_1_REPAIR_WORK/EXTRACTED_BEFORE/M3A_ENDPOINT_ACCESS_WORD_SUPPORT_EA1/FAILURE_LEDGER.md,.md,1269,920bc90e2255e74096e340ad450713f24da67f565cf3afcc79accba88a9fe8fc,True,utf-8-sig,False
_EA1_R1_1_REPAIR_WORK/EXTRACTED_BEFORE/M3A_ENDPOINT_ACCESS_WORD_SUPPORT_EA1/FINAL_EA1_REPORT.md,.md,8530,7bd37b5808f34196b2458e91cfb0d6235e126c0ced59e085630fe87bee887034,True,utf-8-sig,False
_EA1_R1_1_REPAIR_WORK/EXTRACTED_BEFORE/M3A_ENDPOINT_ACCESS_WORD_SUPPORT_EA1/FINITE_ENDPOINT_DEPTH_CERTIFICATE.tex,.tex,2667,c17f2799a643017cb883b1d13851ff341a0019335cac782a912b1624b9d042e2,True,utf-8-sig,False
_EA1_R1_1_REPAIR_WORK/EXTRACTED_BEFORE/M3A_ENDPOINT_ACCESS_WORD_SUPPORT_EA1/INPUT_ARCHIVES.sha256,.sha256,558,ca6e8ca0aeb530980b4883817f4ac99a7f2306ed6e726aee4e1778790979a638,False,,False
_EA1_R1_1_REPAIR_WORK/EXTRACTED_BEFORE/M3A_ENDPOINT_ACCESS_WORD_SUPPORT_EA1/INPUTS/_ARC1_CORRECTED_WORK.zip,.zip,71692325,,False,,False
_EA1_R1_1_REPAIR_WORK/EXTRACTED_BEFORE/M3A_ENDPOINT_ACCESS_WORD_SUPPORT_EA1/INPUTS/_NP1_WORK.zip,.zip,71007853,,False,,False
_EA1_R1_1_REPAIR_WORK/EXTRACTED_BEFORE/M3A_ENDPOINT_ACCESS_WORD_SUPPORT_EA1/INPUTS/M3A_Diagonal_Family_Trichotomy_Paper_R1_2.pdf,.pdf,374126,4135498db2f973d8c3dbd4f77b8ebc94c2f3ea8bfc11e9dd710ef694b65d3222,False,,False
_EA1_R1_1_REPAIR_WORK/EXTRACTED_BEFORE/M3A_ENDPOINT_ACCESS_WORD_SUPPORT_EA1/INPUTS/M3A_Diagonal_Family_Trichotomy_Paper_R1_2.tex,.tex,36123,c5e1d29848307e0b3852d962a6af843499524377ff72c97b647af03052e35009,True,utf-8-sig,False
_EA1_R1_1_REPAIR_WORK/EXTRACTED_BEFORE/M3A_ENDPOINT_ACCESS_WORD_SUPPORT_EA1/INPUTS/WORKSTATION_EA1_ENDPOINT_ACCESS_WORD_SUPPORT_MASTER_PROMPT.md,.md,21411,45de20c3e12cd0526195fb009f0b0fa6baa3a0071b15292950d726bb61b871a3,True,utf-8-sig,False
_EA1_R1_1_REPAIR_WORK/EXTRACTED_BEFORE/M3A_ENDPOINT_ACCESS_WORD_SUPPORT_EA1/LABEL_SENSITIVE_ENDPOINT_SUPPORT_THEOREM.tex,.tex,1248,f489bb9f784d1ac2404ebf2c6c8d7cff92dad21acac6f410c75558cc1c9e94f2,True,utf-8-sig,False
_EA1_R1_1_REPAIR_WORK/EXTRACTED_BEFORE/M3A_ENDPOINT_ACCESS_WORD_SUPPORT_EA1/MANIFEST.sha256,.sha256,4997,b063675a29e32a940e1a83cb40d6a7f06244a522e661907b0972767c493646cf,False,,False
_EA1_R1_1_REPAIR_WORK/EXTRACTED_BEFORE/M3A_ENDPOINT_ACCESS_WORD_SUPPORT_EA1/MANIFEST_POLICY.md,.md,769,4bfded78ac86ba6e86aed30a7d407cb7e9266b74da5f0b85122aab226d703cc3,True,utf-8-sig,False
_EA1_R1_1_REPAIR_WORK/EXTRACTED_BEFORE/M3A_ENDPOINT_ACCESS_WORD_SUPPORT_EA1/MATRIX_PORT_AND_ENTRYWISE_EXTENSION.tex,.tex,2141,30bc863586874ed1beb9192c23c8b2ff9faf41a3f6561d693d57d2ef51890c4f,True,utf-8-sig,False
_EA1_R1_1_REPAIR_WORK/EXTRACTED_BEFORE/M3A_ENDPOINT_ACCESS_WORD_SUPPORT_EA1/MULTIINDEX_ENDPOINT_SUPPORT_COROLLARY.tex,.tex,1839,321de218834706c6931563b1e1237d3048d2dcf44c549461fc4069181ceaf3ac,True,utf-8-sig,False
_EA1_R1_1_REPAIR_WORK/EXTRACTED_BEFORE/M3A_ENDPOINT_ACCESS_WORD_SUPPORT_EA1/NONCOMMUTATIVE_WORD_COEFFICIENT_FORMULA.tex,.tex,2603,41dd8129becc2a0b9e43682b6e7a09983ac121290e16e0346271b4f0861ddd92,True,utf-8-sig,False
_EA1_R1_1_REPAIR_WORK/EXTRACTED_BEFORE/M3A_ENDPOINT_ACCESS_WORD_SUPPORT_EA1/PB1_HANDOFF.md,.md,727,9a2a1e223cdf720e66f0a350e8ccd4ac40541345961f2df6929fac4ab6d895d0,True,utf-8-sig,False
_EA1_R1_1_REPAIR_WORK/EXTRACTED_BEFORE/M3A_ENDPOINT_ACCESS_WORD_SUPPORT_EA1/PRIOR_ART_AUDIT.md,.md,4397,bcb26ecc3588320d95e91b19ecab71401a40feda041f60d61d622b6babb6a998,True,utf-8-sig,False
_EA1_R1_1_REPAIR_WORK/EXTRACTED_BEFORE/M3A_ENDPOINT_ACCESS_WORD_SUPPORT_EA1/R1_2_ENDPOINT_LEMMA_RECOVERY.md,.md,1032,1ba8d8985288ee0704004f2fa8b2b08b4d0fee166e299662142dc446848ceff3,True,utf-8-sig,False
_EA1_R1_1_REPAIR_WORK/EXTRACTED_BEFORE/M3A_ENDPOINT_ACCESS_WORD_SUPPORT_EA1/REPRODUCE.sh,.sh,849,a6987d3bfd3f1b89140e02b6b403b00312a7b84dcfa882b123cfc1076b9910d2,True,utf-8-sig,False
_EA1_R1_1_REPAIR_WORK/EXTRACTED_BEFORE/M3A_ENDPOINT_ACCESS_WORD_SUPPORT_EA1/REPRODUCIBILITY_PROTOCOL.md,.md,997,bd3077b23f6cec019fe25af804a105db015ae97c814ca15170ac5218640454ca,True,utf-8-sig,False
_EA1_R1_1_REPAIR_WORK/EXTRACTED_BEFORE/M3A_ENDPOINT_ACCESS_WORD_SUPPORT_EA1/TIME_AND_TRANSFORMED_RESOLVENT_COROLLARY.tex,.tex,1416,83323b47834abed818f1f4646871b6d89a92a6cb041867595ae03a6d67227848,True,utf-8-sig,False
_EA1_R1_1_REPAIR_WORK/fresh_verify.py,.py,2648,fda8b30a8c82e1a6d8568148424a360d7c20fd0447d0c8bb61a4aded7b910ca5,True,utf-8-sig,False
_EA1_R1_1_REPAIR_WORK/REPAIR_TREE/M3A_ENDPOINT_ACCESS_WORD_SUPPORT_EA1_R1_1.zip,.zip,143146908,,False,,False
_EA1_R1_1_REPAIR_WORK/REPAIR_TREE/M3A_ENDPOINT_ACCESS_WORD_SUPPORT_EA1_R1_1.zip.sha256,.sha256,112,34d649d59d30f1eee4a0640a48b354fb0b7ba698578660fefd484fe2df54caad,False,,False
_EA1_R1_1_REPAIR_WORK/REPAIR_TREE/M3A_ENDPOINT_ACCESS_WORD_SUPPORT_EA1_R1_1/ASSUMPTIONS_AND_SCOPE_LOCK.md,.md,2407,1d88e3039b9f4c0daa1819facd79e4405e90eba4952664a03649d900c242c33e,False,,True
_EA1_R1_1_REPAIR_WORK/REPAIR_TREE/M3A_ENDPOINT_ACCESS_WORD_SUPPORT_EA1_R1_1/BASELINE_ORDER_ZERO_FIREWALL.md,.md,718,113df4631f378926907045b13110f8c51bd5be4163df2c770eacf9938d2de0f3,False,,True
_EA1_R1_1_REPAIR_WORK/REPAIR_TREE/M3A_ENDPOINT_ACCESS_WORD_SUPPORT_EA1_R1_1/CLAIM_AND_NOVELTY_LEDGER.md,.md,2082,09937b0dafa419639df930be5ba84bbf4b04fc6e041bce31f50b5cef7fc5f2e5,False,,True
_EA1_R1_1_REPAIR_WORK/REPAIR_TREE/M3A_ENDPOINT_ACCESS_WORD_SUPPORT_EA1_R1_1/CODE_INDEPENDENT_A/formal_automaton.py,.py,3211,9aa9940828a541365668e70917b67e4d962816d6e1a6e0fb0faaad1144bb09a8,True,utf-8-sig,False
_EA1_R1_1_REPAIR_WORK/REPAIR_TREE/M3A_ENDPOINT_ACCESS_WORD_SUPPORT_EA1_R1_1/CODE_INDEPENDENT_B/polynomial_matrix.py,.py,3405,0d85f4b1add61ddc9cb98be09ed791de23810c185b2e79c2acbe111a2cbf3159,True,utf-8-sig,False
_EA1_R1_1_REPAIR_WORK/REPAIR_TREE/M3A_ENDPOINT_ACCESS_WORD_SUPPORT_EA1_R1_1/CODE_PRIMARY/canonical_io.py,.py,1435,efd0d73d61fcebcd78a73498d11a9f48d0f74ddffc9e768e580f765961baa34b,True,utf-8-sig,False
_EA1_R1_1_REPAIR_WORK/REPAIR_TREE/M3A_ENDPOINT_ACCESS_WORD_SUPPORT_EA1_R1_1/CODE_PRIMARY/ea1_primary.py,.py,17884,35fa0b719e0dfa8bb7ca34cf68539b3c9dd577dee79f2132e8d5185ca5da7edc,True,utf-8-sig,False
_EA1_R1_1_REPAIR_WORK/REPAIR_TREE/M3A_ENDPOINT_ACCESS_WORD_SUPPORT_EA1_R1_1/CODE_PRIMARY/krylov_depths.py,.py,3512,9c9a970f8c5317cab43bf5155f47661a2936ee5c26e68560f47a2634644ae8a5,True,utf-8-sig,False
_EA1_R1_1_REPAIR_WORK/REPAIR_TREE/M3A_ENDPOINT_ACCESS_WORD_SUPPORT_EA1_R1_1/CODE_PRIMARY/seal_package.py,.py,3690,1385e67c838bb044597f64440afeb3db5a387aebe4de5ceec50b62e782cb9d2e,True,utf-8-sig,False
_EA1_R1_1_REPAIR_WORK/REPAIR_TREE/M3A_ENDPOINT_ACCESS_WORD_SUPPORT_EA1_R1_1/CODE_PRIMARY/verify_package.py,.py,8625,0631d5f33f086ec613fa6c550831a5161ff6457bc6874a6fdcabf47308ab80e5,True,utf-8-sig,False
_EA1_R1_1_REPAIR_WORK/REPAIR_TREE/M3A_ENDPOINT_ACCESS_WORD_SUPPORT_EA1_R1_1/CODE_PRIMARY/verify_release.py,.py,4080,93dd86d3d01fa27eed0a2161b09c965effc4a608624873595ce92bae7b712697,True,utf-8-sig,False
_EA1_R1_1_REPAIR_WORK/REPAIR_TREE/M3A_ENDPOINT_ACCESS_WORD_SUPPORT_EA1_R1_1/COMPARISON_POLICY.json,.json,1046,4e9ddb583625b6aaf579d362e097598e187162a914c1a3f5f0d8e9d6eb90348d,True,utf-8-sig,False
_EA1_R1_1_REPAIR_WORK/REPAIR_TREE/M3A_ENDPOINT_ACCESS_WORD_SUPPORT_EA1_R1_1/COUNTEREXAMPLES_AND_CONTROLS.md,.md,9345,b60b85360e0741a66a0eee0a1e9afa754fa068c69c239cbfb335a6848f09651a,False,,True
_EA1_R1_1_REPAIR_WORK/REPAIR_TREE/M3A_ENDPOINT_ACCESS_WORD_SUPPORT_EA1_R1_1/DATA/independent_automaton.json,.json,538,7bd3181b77f79d61d43ae545394d876da5bd185a213651fb1a030bd6be3c69b7,True,utf-8-sig,False
_EA1_R1_1_REPAIR_WORK/REPAIR_TREE/M3A_ENDPOINT_ACCESS_WORD_SUPPORT_EA1_R1_1/DATA/independent_javascript.json,.json,1442,bc81dffff29d5d797ee4626a1ba8ba33db281105ccf40c6a70caac1de6dc72de,False,,True
_EA1_R1_1_REPAIR_WORK/REPAIR_TREE/M3A_ENDPOINT_ACCESS_WORD_SUPPORT_EA1_R1_1/DATA/independent_polynomial.json,.json,523,5b17e3d942fc9c10ea37ef6de504e2e08f9e25795e60a9cec1b8017300e783b1,True,utf-8-sig,False
_EA1_R1_1_REPAIR_WORK/REPAIR_TREE/M3A_ENDPOINT_ACCESS_WORD_SUPPORT_EA1_R1_1/DATA/krylov_certificate.json,.json,2391,6c81051167fc1b329409f08aece47b837448c43ec1d3d5f16a30e261a16615a4,True,utf-8-sig,False
_EA1_R1_1_REPAIR_WORK/REPAIR_TREE/M3A_ENDPOINT_ACCESS_WORD_SUPPORT_EA1_R1_1/DATA/primary_exact.json,.json,24567,c444bf5a2b3e24456c8b9bdb4a496d5893097017aca9b6738b84ebe91a78d575,True,utf-8-sig,False
_EA1_R1_1_REPAIR_WORK/REPAIR_TREE/M3A_ENDPOINT_ACCESS_WORD_SUPPORT_EA1_R1_1/DATA/random_census.json,.json,1015128,497c876e14257d5724bbb5649080c8a163c72d2106c9e909b56e2b6c5e1320a0,True,utf-8-sig,False
_EA1_R1_1_REPAIR_WORK/REPAIR_TREE/M3A_ENDPOINT_ACCESS_WORD_SUPPORT_EA1_R1_1/DEFINITIONS_AND_INDEXING.md,.md,1359,81f621b5a15389c934a90f03b6b693acbced645c9109791d476963fd6a1bcf13,False,,True
_EA1_R1_1_REPAIR_WORK/REPAIR_TREE/M3A_ENDPOINT_ACCESS_WORD_SUPPORT_EA1_R1_1/EA1_EXACT_CERTIFICATES.json,.json,24567,c444bf5a2b3e24456c8b9bdb4a496d5893097017aca9b6738b84ebe91a78d575,False,,True
_EA1_R1_1_REPAIR_WORK/REPAIR_TREE/M3A_ENDPOINT_ACCESS_WORD_SUPPORT_EA1_R1_1/EA1_R1_1_RELEASE_REPAIR_REPORT.md,.md,2274,bd322f69710fab8439607081a3556ff69d10c9606684602eade82704659f7f1a,True,utf-8-sig,False
_EA1_R1_1_REPAIR_WORK/REPAIR_TREE/M3A_ENDPOINT_ACCESS_WORD_SUPPORT_EA1_R1_1/EA1_RANDOM_CENSUS.json,.json,1015128,497c876e14257d5724bbb5649080c8a163c72d2106c9e909b56e2b6c5e1320a0,False,,True
_EA1_R1_1_REPAIR_WORK/REPAIR_TREE/M3A_ENDPOINT_ACCESS_WORD_SUPPORT_EA1_R1_1/ENDPOINT_ACCESS_DEPTHS.md,.md,1951,41473f2216e712a3e7ab98044913bce0be7aad8af779e158eed5518b8e7db96c,False,,True
_EA1_R1_1_REPAIR_WORK/REPAIR_TREE/M3A_ENDPOINT_ACCESS_WORD_SUPPORT_EA1_R1_1/ENVIRONMENT_SPECIFICATION.txt,.txt,966,5bb3e6901f6b15f2fbac49a75e55c982ef5766cbac9be89328463701401135e0,True,utf-8-sig,False
_EA1_R1_1_REPAIR_WORK/REPAIR_TREE/M3A_ENDPOINT_ACCESS_WORD_SUPPORT_EA1_R1_1/EQUALITY_SHARPNESS_AND_CANCELLATION_THEOREM.tex,.tex,2357,8c8c1e68bc354f67342cb1c4b73099418391372ad135010a18344e10de2ce8d1,False,,True
_EA1_R1_1_REPAIR_WORK/REPAIR_TREE/M3A_ENDPOINT_ACCESS_WORD_SUPPORT_EA1_R1_1/EXPECTED/independent_automaton.json,.json,538,7bd3181b77f79d61d43ae545394d876da5bd185a213651fb1a030bd6be3c69b7,False,,True
_EA1_R1_1_REPAIR_WORK/REPAIR_TREE/M3A_ENDPOINT_ACCESS_WORD_SUPPORT_EA1_R1_1/EXPECTED/independent_javascript.json,.json,1442,bc81dffff29d5d797ee4626a1ba8ba33db281105ccf40c6a70caac1de6dc72de,False,,True
_EA1_R1_1_REPAIR_WORK/REPAIR_TREE/M3A_ENDPOINT_ACCESS_WORD_SUPPORT_EA1_R1_1/EXPECTED/independent_polynomial.json,.json,523,5b17e3d942fc9c10ea37ef6de504e2e08f9e25795e60a9cec1b8017300e783b1,False,,True
_EA1_R1_1_REPAIR_WORK/REPAIR_TREE/M3A_ENDPOINT_ACCESS_WORD_SUPPORT_EA1_R1_1/EXPECTED/krylov_certificate.json,.json,2391,6c81051167fc1b329409f08aece47b837448c43ec1d3d5f16a30e261a16615a4,False,,True
_EA1_R1_1_REPAIR_WORK/REPAIR_TREE/M3A_ENDPOINT_ACCESS_WORD_SUPPORT_EA1_R1_1/EXPECTED/primary_exact.json,.json,24567,c444bf5a2b3e24456c8b9bdb4a496d5893097017aca9b6738b84ebe91a78d575,False,,True
_EA1_R1_1_REPAIR_WORK/REPAIR_TREE/M3A_ENDPOINT_ACCESS_WORD_SUPPORT_EA1_R1_1/EXPECTED/random_census.json,.json,1015128,497c876e14257d5724bbb5649080c8a163c72d2106c9e909b56e2b6c5e1320a0,False,,True
_EA1_R1_1_REPAIR_WORK/REPAIR_TREE/M3A_ENDPOINT_ACCESS_WORD_SUPPORT_EA1_R1_1/EXPECTED_CANONICAL.sha256,.sha256,778,ee950ed4b4cb0ba3a510c4b463b55b3d9529d4bcb94a3288cec1d1a05ab5852d,False,,False
_EA1_R1_1_REPAIR_WORK/REPAIR_TREE/M3A_ENDPOINT_ACCESS_WORD_SUPPORT_EA1_R1_1/FAILURE_LEDGER.md,.md,1269,920bc90e2255e74096e340ad450713f24da67f565cf3afcc79accba88a9fe8fc,False,,True
_EA1_R1_1_REPAIR_WORK/REPAIR_TREE/M3A_ENDPOINT_ACCESS_WORD_SUPPORT_EA1_R1_1/FINAL_EA1_REPORT.md,.md,8530,7bd37b5808f34196b2458e91cfb0d6235e126c0ced59e085630fe87bee887034,False,,True
_EA1_R1_1_REPAIR_WORK/REPAIR_TREE/M3A_ENDPOINT_ACCESS_WORD_SUPPORT_EA1_R1_1/FINITE_ENDPOINT_DEPTH_CERTIFICATE.tex,.tex,2667,c17f2799a643017cb883b1d13851ff341a0019335cac782a912b1624b9d042e2,False,,True
_EA1_R1_1_REPAIR_WORK/REPAIR_TREE/M3A_ENDPOINT_ACCESS_WORD_SUPPORT_EA1_R1_1/INPUT_ARCHIVES.sha256,.sha256,558,ca6e8ca0aeb530980b4883817f4ac99a7f2306ed6e726aee4e1778790979a638,False,,False
_EA1_R1_1_REPAIR_WORK/REPAIR_TREE/M3A_ENDPOINT_ACCESS_WORD_SUPPORT_EA1_R1_1/INPUTS/_ARC1_CORRECTED_WORK.zip,.zip,71692325,,False,,False
_EA1_R1_1_REPAIR_WORK/REPAIR_TREE/M3A_ENDPOINT_ACCESS_WORD_SUPPORT_EA1_R1_1/INPUTS/_NP1_WORK.zip,.zip,71007853,,False,,False
_EA1_R1_1_REPAIR_WORK/REPAIR_TREE/M3A_ENDPOINT_ACCESS_WORD_SUPPORT_EA1_R1_1/INPUTS/M3A_Diagonal_Family_Trichotomy_Paper_R1_2.pdf,.pdf,374126,4135498db2f973d8c3dbd4f77b8ebc94c2f3ea8bfc11e9dd710ef694b65d3222,False,,False
_EA1_R1_1_REPAIR_WORK/REPAIR_TREE/M3A_ENDPOINT_ACCESS_WORD_SUPPORT_EA1_R1_1/INPUTS/M3A_Diagonal_Family_Trichotomy_Paper_R1_2.tex,.tex,36123,c5e1d29848307e0b3852d962a6af843499524377ff72c97b647af03052e35009,False,,True
_EA1_R1_1_REPAIR_WORK/REPAIR_TREE/M3A_ENDPOINT_ACCESS_WORD_SUPPORT_EA1_R1_1/INPUTS/WORKSTATION_EA1_ENDPOINT_ACCESS_WORD_SUPPORT_MASTER_PROMPT.md,.md,21411,45de20c3e12cd0526195fb009f0b0fa6baa3a0071b15292950d726bb61b871a3,False,,True
_EA1_R1_1_REPAIR_WORK/REPAIR_TREE/M3A_ENDPOINT_ACCESS_WORD_SUPPORT_EA1_R1_1/LABEL_SENSITIVE_ENDPOINT_SUPPORT_THEOREM.tex,.tex,1248,f489bb9f784d1ac2404ebf2c6c8d7cff92dad21acac6f410c75558cc1c9e94f2,False,,True
_EA1_R1_1_REPAIR_WORK/REPAIR_TREE/M3A_ENDPOINT_ACCESS_WORD_SUPPORT_EA1_R1_1/MANIFEST.sha256,.sha256,6573,e87ba52c1a77d4dcad1ae1be79c1cc26043be1cd4c4fb9840c9104a74d12d8c6,False,,False
_EA1_R1_1_REPAIR_WORK/REPAIR_TREE/M3A_ENDPOINT_ACCESS_WORD_SUPPORT_EA1_R1_1/MANIFEST_POLICY.md,.md,1111,d471c373d4783895c8f08b908e41f1e1a36b37bd3935cd3ca5ce3f57f1151d8b,True,utf-8-sig,False
_EA1_R1_1_REPAIR_WORK/REPAIR_TREE/M3A_ENDPOINT_ACCESS_WORD_SUPPORT_EA1_R1_1/MATRIX_PORT_AND_ENTRYWISE_EXTENSION.tex,.tex,2141,30bc863586874ed1beb9192c23c8b2ff9faf41a3f6561d693d57d2ef51890c4f,False,,True
_EA1_R1_1_REPAIR_WORK/REPAIR_TREE/M3A_ENDPOINT_ACCESS_WORD_SUPPORT_EA1_R1_1/MULTIINDEX_ENDPOINT_SUPPORT_COROLLARY.tex,.tex,1839,321de218834706c6931563b1e1237d3048d2dcf44c549461fc4069181ceaf3ac,False,,True
_EA1_R1_1_REPAIR_WORK/REPAIR_TREE/M3A_ENDPOINT_ACCESS_WORD_SUPPORT_EA1_R1_1/NONCOMMUTATIVE_WORD_COEFFICIENT_FORMULA.tex,.tex,2603,41dd8129becc2a0b9e43682b6e7a09983ac121290e16e0346271b4f0861ddd92,False,,True
_EA1_R1_1_REPAIR_WORK/REPAIR_TREE/M3A_ENDPOINT_ACCESS_WORD_SUPPORT_EA1_R1_1/PB1_HANDOFF.md,.md,727,9a2a1e223cdf720e66f0a350e8ccd4ac40541345961f2df6929fac4ab6d895d0,False,,True
_EA1_R1_1_REPAIR_WORK/REPAIR_TREE/M3A_ENDPOINT_ACCESS_WORD_SUPPORT_EA1_R1_1/PRIOR_ART_AUDIT.md,.md,4397,bcb26ecc3588320d95e91b19ecab71401a40feda041f60d61d622b6babb6a998,False,,True
_EA1_R1_1_REPAIR_WORK/REPAIR_TREE/M3A_ENDPOINT_ACCESS_WORD_SUPPORT_EA1_R1_1/R1_2_ENDPOINT_LEMMA_RECOVERY.md,.md,1032,1ba8d8985288ee0704004f2fa8b2b08b4d0fee166e299662142dc446848ceff3,False,,True
_EA1_R1_1_REPAIR_WORK/REPAIR_TREE/M3A_ENDPOINT_ACCESS_WORD_SUPPORT_EA1_R1_1/RELEASE_PROVENANCE.json,.json,1655,6f1cdee77dfff1e5cb347efbad47697fa7070857f0110a616fd1933f780b32d7,True,utf-8-sig,False
_EA1_R1_1_REPAIR_WORK/REPAIR_TREE/M3A_ENDPOINT_ACCESS_WORD_SUPPORT_EA1_R1_1/REPAIR_EVIDENCE/ALLOWED_CHANGE_LIST.md,.md,1736,2254840983994d5dfa677b7e12c8220dedb34b0340b28531f0bb497f6d4bf748,True,utf-8-sig,False
_EA1_R1_1_REPAIR_WORK/REPAIR_TREE/M3A_ENDPOINT_ACCESS_WORD_SUPPORT_EA1_R1_1/REPAIR_EVIDENCE/BEFORE_AFTER_FILE_DIFF.json,.json,22261,c61c0b7d005600b145658fadccaf35c52d281256a7179806e5b9e8cc3c4ffdbb,True,utf-8-sig,False
_EA1_R1_1_REPAIR_WORK/REPAIR_TREE/M3A_ENDPOINT_ACCESS_WORD_SUPPORT_EA1_R1_1/REPAIR_EVIDENCE/BEFORE_REPAIR_AUDIT.md,.md,2918,82709e13a0ff3c087021bd3b2e955f5bcbe987861261a39b9a91fb0f6fc77550,True,utf-8-sig,False
_EA1_R1_1_REPAIR_WORK/REPAIR_TREE/M3A_ENDPOINT_ACCESS_WORD_SUPPORT_EA1_R1_1/REPAIR_EVIDENCE/BEFORE_REPAIR_HASHES.sha256,.sha256,5079,d54bf81c40975ae941717da833d60d1b886f8db7f28814c9e40f99fd1b8fdffd,False,,False
_EA1_R1_1_REPAIR_WORK/REPAIR_TREE/M3A_ENDPOINT_ACCESS_WORD_SUPPORT_EA1_R1_1/REPAIR_EVIDENCE/BEFORE_REPAIR_NEWLINES.json,.json,23861,2feffc96158b373226926fec8cbb8d3d59fd9428aba51a600703e1cccc1bec13,False,,True
_EA1_R1_1_REPAIR_WORK/REPAIR_TREE/M3A_ENDPOINT_ACCESS_WORD_SUPPORT_EA1_R1_1/REPAIR_EVIDENCE/DETERMINISM_TESTS.md,.md,1579,6b94903b1a2653bb5c53f3f407d0b873646034653ff5d85f18cf28aa5db3e1c8,True,utf-8-sig,False
_EA1_R1_1_REPAIR_WORK/REPAIR_TREE/M3A_ENDPOINT_ACCESS_WORD_SUPPORT_EA1_R1_1/REPAIR_EVIDENCE/DETERMINISTIC_ZIP_HASHES.json,.json,2072,c05b521069f8303aec8e4c3c99b425d419322f6e8e6a58fda80d8dcf828138c3,True,utf-8-sig,False
_EA1_R1_1_REPAIR_WORK/REPAIR_TREE/M3A_ENDPOINT_ACCESS_WORD_SUPPORT_EA1_R1_1/REPAIR_EVIDENCE/JSON_SEMANTIC_EQUIVALENCE.json,.json,5698,0cb2a7ae750f88253ace0339e23e8417416d25849dea5f2a27b5c293dcf51690,True,utf-8-sig,False
_EA1_R1_1_REPAIR_WORK/REPAIR_TREE/M3A_ENDPOINT_ACCESS_WORD_SUPPORT_EA1_R1_1/REPAIR_EVIDENCE/REPAIR_CHANGELOG.md,.md,637,2dc29998bcaafb3d9b855d9f7091be7ca519fc0e7edca76e3c30e746d3de5f4e,True,utf-8-sig,False
_EA1_R1_1_REPAIR_WORK/REPAIR_TREE/M3A_ENDPOINT_ACCESS_WORD_SUPPORT_EA1_R1_1/REPAIR_EVIDENCE/SIDECAR_VERIFICATION.json,.json,789,b73b3218d862f10d22c857296c26a2b33d1802112e1feeb0dc0dd55c78342e75,True,utf-8-sig,False
_EA1_R1_1_REPAIR_WORK/REPAIR_TREE/M3A_ENDPOINT_ACCESS_WORD_SUPPORT_EA1_R1_1/REPAIR_EVIDENCE/UNCHANGED_SCIENTIFIC_FILES.sha256,.sha256,2328,404b3fa2d7ba846fb0db2784f99116731bf6f1c68e78f4c63d9cc20e0a0f87f7,False,,False
_EA1_R1_1_REPAIR_WORK/REPAIR_TREE/M3A_ENDPOINT_ACCESS_WORD_SUPPORT_EA1_R1_1/REPRODUCE.sh,.sh,882,75abfbabe747ec2cf360eb67599f2b87ed4958b29d19256b0333baa603293d3d,True,utf-8-sig,False
_EA1_R1_1_REPAIR_WORK/REPAIR_TREE/M3A_ENDPOINT_ACCESS_WORD_SUPPORT_EA1_R1_1/REPRODUCIBILITY_PROTOCOL.md,.md,1130,cf15120636f6c5ca0bab3c698bad5ea53b1435d16d11761f4a6a04cb0b5d1ab8,True,utf-8-sig,False
_EA1_R1_1_REPAIR_WORK/REPAIR_TREE/M3A_ENDPOINT_ACCESS_WORD_SUPPORT_EA1_R1_1/TIME_AND_TRANSFORMED_RESOLVENT_COROLLARY.tex,.tex,1416,83323b47834abed818f1f4646871b6d89a92a6cb041867595ae03a6d67227848,False,,True
_EA1_R1_1_REPAIR_WORK/run_determinism.py,.py,4842,e80ae901138f19c3237a3644f34b128368df7bbe7f73c1228f2ab2b21dda85e5,True,utf-8-sig,False
_EA1_R1_1_REPAIR_WORK/SOURCE_UNTOUCHED/M3A_ENDPOINT_ACCESS_WORD_SUPPORT_EA1.zip,.zip,143146283,,False,,False
_EA1_R1_1_REPAIR_WORK/SOURCE_UNTOUCHED/OBSERVED_LOCAL_M3A_ENDPOINT_ACCESS_WORD_SUPPORT_EA1_R1_0.zip.sha256,.sha256,112,29a666c6c890343fc605b53e9bf5a13464956c53d276c4ec716349f2e7fab373,False,,False
_EA1_R1_1_REPAIR_WORK/TEST_CAPTURE/DETERMINISTIC_ZIP_HASHES.json,.json,2072,c05b521069f8303aec8e4c3c99b425d419322f6e8e6a58fda80d8dcf828138c3,False,,True
_EA1_R1_1_REPAIR_WORK/TEST_CAPTURE/FRESH_REPRODUCTIONS.json,.json,2825,0495a46f0908a9a7b9587d9b46ca9729a844eda09276024b7c1ef41c6843fc7b,True,utf-8-sig,False
_GF1_WORK/FRESH/ARC1/_ARC1_CORRECTED_WORK/FRESH_VERIFY_R1_0/M3A_THREE_SCALE_MOVING_DIRECTION_ARC1/ARC1_CERTIFICATES.json,.json,1822,a4194b5be2f8bcc3309dd4d2089a5b6e828f6637ca2105b4aa364f8aacd0c4a1,False,,True
_GF1_WORK/FRESH/ARC1/_ARC1_CORRECTED_WORK/FRESH_VERIFY_R1_0/M3A_THREE_SCALE_MOVING_DIRECTION_ARC1/ARC1_RANDOM_CENSUS.json,.json,21866,0143a610daef8d90c07df9f0a8a8ba9ba79f46ec7108472ea5338ead9dcca6ae,False,,True
_GF1_WORK/FRESH/ARC1/_ARC1_CORRECTED_WORK/FRESH_VERIFY_R1_0/M3A_THREE_SCALE_MOVING_DIRECTION_ARC1/ASSUMPTIONS_LOCK.md,.md,1444,56d218e51b3efdb328970653f730899c23ab6968df4765720500002d7181187c,False,,True
_GF1_WORK/FRESH/ARC1/_ARC1_CORRECTED_WORK/FRESH_VERIFY_R1_0/M3A_THREE_SCALE_MOVING_DIRECTION_ARC1/CLAIM_AND_NOVELTY_LEDGER.md,.md,1327,0de3033295e06312cb9cba2f277d104ad794794a184868f9e62111b708564980,False,,True
_GF1_WORK/FRESH/ARC1/_ARC1_CORRECTED_WORK/FRESH_VERIFY_R1_0/M3A_THREE_SCALE_MOVING_DIRECTION_ARC1/CODE_INDEPENDENT_C/support_geometry.py,.py,1463,124f9c41f167a18f21380b94480cb5d7fc8e75a44b03ee1bfc9be065fec643f8,False,,True
_GF1_WORK/FRESH/ARC1/_ARC1_CORRECTED_WORK/FRESH_VERIFY_R1_0/M3A_THREE_SCALE_MOVING_DIRECTION_ARC1/CODE_PRIMARY/compare_and_controls.py,.py,2972,ab2d8ca050aa21c091725064ac5bab336028118670b2a224f48f043dc1716a60,False,,True
_GF1_WORK/FRESH/ARC1/_ARC1_CORRECTED_WORK/FRESH_VERIFY_R1_0/M3A_THREE_SCALE_MOVING_DIRECTION_ARC1/CODE_PRIMARY/integrity_gate.py,.py,4050,747236df3f961c61e7c07b369ff1f8f04010b1a143c223faba0ec587369b3ac4,False,,True
_GF1_WORK/FRESH/ARC1/_ARC1_CORRECTED_WORK/FRESH_VERIFY_R1_0/M3A_THREE_SCALE_MOVING_DIRECTION_ARC1/CODE_PRIMARY/moving_direction_series.py,.py,5556,be49fd7cb0dccdf198a2b25e3152e780b53ab628fcc33ac5eded6314fd39b5f2,False,,True
_GF1_WORK/FRESH/ARC1/_ARC1_CORRECTED_WORK/FRESH_VERIFY_R1_0/M3A_THREE_SCALE_MOVING_DIRECTION_ARC1/CODE_PRIMARY/polynomial_arc_census.py,.py,2681,5071e761661aa0ea832d86d2f8a37d741b36a3746d578f3266e9813857d12261,False,,True
_GF1_WORK/FRESH/ARC1/_ARC1_CORRECTED_WORK/FRESH_VERIFY_R1_0/M3A_THREE_SCALE_MOVING_DIRECTION_ARC1/CODE_PRIMARY/verify_package.py,.py,1717,2fb6e06e7d81179ea241f73e6b254d64209e4cf73ff70c536f49d4fa1d65e2e4,False,,True
_GF1_WORK/FRESH/ARC1/_ARC1_CORRECTED_WORK/FRESH_VERIFY_R1_0/M3A_THREE_SCALE_MOVING_DIRECTION_ARC1/COMPARISON_POLICY.json,.json,1049,6200b013bd63f12c6c095aba4c7c3b18e490910847a06172cc5961303f5c551d,False,,True
_GF1_WORK/FRESH/ARC1/_ARC1_CORRECTED_WORK/FRESH_VERIFY_R1_0/M3A_THREE_SCALE_MOVING_DIRECTION_ARC1/COUNTEREXAMPLES_AND_CONTROLS.md,.md,2059,eb0d0afeac3d54e04f5fc05d60f089341d26cefc7433448678cdc2d69b43fec6,False,,True
_GF1_WORK/FRESH/ARC1/_ARC1_CORRECTED_WORK/FRESH_VERIFY_R1_0/M3A_THREE_SCALE_MOVING_DIRECTION_ARC1/DATA/census.json,.json,21866,0143a610daef8d90c07df9f0a8a8ba9ba79f46ec7108472ea5338ead9dcca6ae,False,,True
_GF1_WORK/FRESH/ARC1/_ARC1_CORRECTED_WORK/FRESH_VERIFY_R1_0/M3A_THREE_SCALE_MOVING_DIRECTION_ARC1/DATA/comparison.json,.json,1822,a4194b5be2f8bcc3309dd4d2089a5b6e828f6637ca2105b4aa364f8aacd0c4a1,False,,True
_GF1_WORK/FRESH/ARC1/_ARC1_CORRECTED_WORK/FRESH_VERIFY_R1_0/M3A_THREE_SCALE_MOVING_DIRECTION_ARC1/DATA/independent_a.json,.json,5597,ccc91f31100870643892afa8c5287e772c7a3d4af3bfb45f2f88907d47453065,False,,True
_GF1_WORK/FRESH/ARC1/_ARC1_CORRECTED_WORK/FRESH_VERIFY_R1_0/M3A_THREE_SCALE_MOVING_DIRECTION_ARC1/DATA/independent_b.json,.json,5589,cac5685909558efd3e6a50e46880c9c55b747d7ca50724c8a2884742b71748bb,False,,True
_GF1_WORK/FRESH/ARC1/_ARC1_CORRECTED_WORK/FRESH_VERIFY_R1_0/M3A_THREE_SCALE_MOVING_DIRECTION_ARC1/DATA/independent_c.json,.json,312,ddadde63ba7dee5fbcd067b295d5c10f7fcd272ccc11db11ab06a4673fc749f8,False,,True
_GF1_WORK/FRESH/ARC1/_ARC1_CORRECTED_WORK/FRESH_VERIFY_R1_0/M3A_THREE_SCALE_MOVING_DIRECTION_ARC1/DATA/integrity.json,.json,296,5c2fc519c8e3be0ac2386e1b7a26b79396d8bded0ebff796192ecb3a76b6b3c8,False,,True
_GF1_WORK/FRESH/ARC1/_ARC1_CORRECTED_WORK/FRESH_VERIFY_R1_0/M3A_THREE_SCALE_MOVING_DIRECTION_ARC1/DATA/np1_controls.json,.json,479,7515c4397347c3831f43001dc634624c36018acce48ea0569c2a6d7bbdad00e1,False,,True
_GF1_WORK/FRESH/ARC1/_ARC1_CORRECTED_WORK/FRESH_VERIFY_R1_0/M3A_THREE_SCALE_MOVING_DIRECTION_ARC1/DATA/primary.json,.json,5578,9ef468be3121689a8f5ba63981725a007ca4b2fde0aa48bd0b550cc718c10f15,False,,True
_GF1_WORK/FRESH/ARC1/_ARC1_CORRECTED_WORK/FRESH_VERIFY_R1_0/M3A_THREE_SCALE_MOVING_DIRECTION_ARC1/DECLARED_PROTOCOL_COROLLARY.tex,.tex,1017,79d1bb0d6a52d427436b811232413a6493ec2c1dafc604ce78aa6e0f95550273,False,,True
_GF1_WORK/FRESH/ARC1/_ARC1_CORRECTED_WORK/FRESH_VERIFY_R1_0/M3A_THREE_SCALE_MOVING_DIRECTION_ARC1/ENVIRONMENT_SPECIFICATION.txt,.txt,800,574c2fb44c315c186bff5b21cf3e08bed38e84230ace132c87aee3d8aa0c81d7,False,,True
_GF1_WORK/FRESH/ARC1/_ARC1_CORRECTED_WORK/FRESH_VERIFY_R1_0/M3A_THREE_SCALE_MOVING_DIRECTION_ARC1/EXACT_DARK_MOVING_ARC_THEOREM.tex,.tex,844,064cee0ce1899943b1cc4b7ce4df74099e2970c00255a173fd9371dbf05b734c,False,,True
_GF1_WORK/FRESH/ARC1/_ARC1_CORRECTED_WORK/FRESH_VERIFY_R1_0/M3A_THREE_SCALE_MOVING_DIRECTION_ARC1/EXPECTED/census.json,.json,21866,0143a610daef8d90c07df9f0a8a8ba9ba79f46ec7108472ea5338ead9dcca6ae,False,,True
_GF1_WORK/FRESH/ARC1/_ARC1_CORRECTED_WORK/FRESH_VERIFY_R1_0/M3A_THREE_SCALE_MOVING_DIRECTION_ARC1/EXPECTED/comparison.json,.json,1822,a4194b5be2f8bcc3309dd4d2089a5b6e828f6637ca2105b4aa364f8aacd0c4a1,False,,True
_GF1_WORK/FRESH/ARC1/_ARC1_CORRECTED_WORK/FRESH_VERIFY_R1_0/M3A_THREE_SCALE_MOVING_DIRECTION_ARC1/EXPECTED/independent_a.json,.json,5597,ccc91f31100870643892afa8c5287e772c7a3d4af3bfb45f2f88907d47453065,False,,True
_GF1_WORK/FRESH/ARC1/_ARC1_CORRECTED_WORK/FRESH_VERIFY_R1_0/M3A_THREE_SCALE_MOVING_DIRECTION_ARC1/EXPECTED/independent_b.json,.json,5589,cac5685909558efd3e6a50e46880c9c55b747d7ca50724c8a2884742b71748bb,False,,True
_GF1_WORK/FRESH/ARC1/_ARC1_CORRECTED_WORK/FRESH_VERIFY_R1_0/M3A_THREE_SCALE_MOVING_DIRECTION_ARC1/EXPECTED/independent_c.json,.json,312,ddadde63ba7dee5fbcd067b295d5c10f7fcd272ccc11db11ab06a4673fc749f8,False,,True
_GF1_WORK/FRESH/ARC1/_ARC1_CORRECTED_WORK/FRESH_VERIFY_R1_0/M3A_THREE_SCALE_MOVING_DIRECTION_ARC1/EXPECTED/integrity.json,.json,296,5c2fc519c8e3be0ac2386e1b7a26b79396d8bded0ebff796192ecb3a76b6b3c8,False,,True
_GF1_WORK/FRESH/ARC1/_ARC1_CORRECTED_WORK/FRESH_VERIFY_R1_0/M3A_THREE_SCALE_MOVING_DIRECTION_ARC1/EXPECTED/np1_controls.json,.json,479,7515c4397347c3831f43001dc634624c36018acce48ea0569c2a6d7bbdad00e1,False,,True
_GF1_WORK/FRESH/ARC1/_ARC1_CORRECTED_WORK/FRESH_VERIFY_R1_0/M3A_THREE_SCALE_MOVING_DIRECTION_ARC1/EXPECTED/primary.json,.json,5578,9ef468be3121689a8f5ba63981725a007ca4b2fde0aa48bd0b550cc718c10f15,False,,True
_GF1_WORK/FRESH/ARC1/_ARC1_CORRECTED_WORK/FRESH_VERIFY_R1_0/M3A_THREE_SCALE_MOVING_DIRECTION_ARC1/EXPECTED_CANONICAL.sha256,.sha256,731,eb76d505292c47a34de698b136f5f11a4fa4908946572787cd37f8ce3b0386d9,False,,False
_GF1_WORK/FRESH/ARC1/_ARC1_CORRECTED_WORK/FRESH_VERIFY_R1_0/M3A_THREE_SCALE_MOVING_DIRECTION_ARC1/FAILURE_LEDGER.md,.md,1200,62e7b0e9ab1ccf99ebd1d36f520874ea189e844fb160eee7be811ab87e9ad551,False,,True
_GF1_WORK/FRESH/ARC1/_ARC1_CORRECTED_WORK/FRESH_VERIFY_R1_0/M3A_THREE_SCALE_MOVING_DIRECTION_ARC1/FALSIFIER_CERTIFICATE.md,.md,1171,45ea19a0dab49acacead15aa746ac4de092fee5c73f0625c739ec5123a027712,False,,True
_GF1_WORK/FRESH/ARC1/_ARC1_CORRECTED_WORK/FRESH_VERIFY_R1_0/M3A_THREE_SCALE_MOVING_DIRECTION_ARC1/FINAL_ARC1_ASSESSMENT.md,.md,1468,10cfaa501f2daa2b63b9cf8c2b209098cc1cd57277db83f79ed3ac4357151193,False,,True
_GF1_WORK/FRESH/ARC1/_ARC1_CORRECTED_WORK/FRESH_VERIFY_R1_0/M3A_THREE_SCALE_MOVING_DIRECTION_ARC1/FIXED_FIBRE_CITATION_AND_SCOPE_AUDIT.md,.md,630,72c4a819e3e9de2a97829b36e218b5ee309d045aa9b4d033ad3ded498a48d871,False,,True
_GF1_WORK/FRESH/ARC1/_ARC1_CORRECTED_WORK/FRESH_VERIFY_R1_0/M3A_THREE_SCALE_MOVING_DIRECTION_ARC1/INPUT_ARCHIVES.sha256,.sha256,1485,9ddaae07f264a135566d68e4e2e2e22df22814728220855720188417cea2328a,False,,False
_GF1_WORK/FRESH/ARC1/_ARC1_CORRECTED_WORK/FRESH_VERIFY_R1_0/M3A_THREE_SCALE_MOVING_DIRECTION_ARC1/INPUTS/ARC1_HANDOFF.md,.md,687,dc906e353dd4a358b03a782b8c25c356a11e158ef0f209f49c488944fbe90ab3,False,,True
_GF1_WORK/FRESH/ARC1/_ARC1_CORRECTED_WORK/FRESH_VERIFY_R1_0/M3A_THREE_SCALE_MOVING_DIRECTION_ARC1/INPUTS/CLAIM_AND_NOVELTY_LEDGER.md,.md,1333,bdd1213684a2b1606c6d224422fab0f9031968627077276a5c0b2ccb919837d3,False,,True
_GF1_WORK/FRESH/ARC1/_ARC1_CORRECTED_WORK/FRESH_VERIFY_R1_0/M3A_THREE_SCALE_MOVING_DIRECTION_ARC1/INPUTS/FIBREWISE_ARC1_FIREWALL.md,.md,900,a6057270c50267a27d502041483fa12788c9b2d8e634b586cb0bbf9ecdd49cd6,False,,True
_GF1_WORK/FRESH/ARC1/_ARC1_CORRECTED_WORK/FRESH_VERIFY_R1_0/M3A_THREE_SCALE_MOVING_DIRECTION_ARC1/INPUTS/FINAL_NP1_ASSESSMENT.md,.md,1201,6948379a877b50804428c9e90283bf4df9102bf21c206470d9d6fcab2c203995,False,,True
_GF1_WORK/FRESH/ARC1/_ARC1_CORRECTED_WORK/FRESH_VERIFY_R1_0/M3A_THREE_SCALE_MOVING_DIRECTION_ARC1/INPUTS/M3A_ARC1_FALSIFIER_AND_COLLEAGUE_REQUESTS_AUDIT_2026-08-01.md,.md,17601,a855e845cd1a278e8b16c16a63b44d0e7738eca8df80d4b48fa8acd925e244d5,False,,True
_GF1_WORK/FRESH/ARC1/_ARC1_CORRECTED_WORK/FRESH_VERIFY_R1_0/M3A_THREE_SCALE_MOVING_DIRECTION_ARC1/INPUTS/M3A_NEWTON_PROTOCOL_ATLAS_NP1_R1_0.zip,.zip,23801570,,False,,False
_GF1_WORK/FRESH/ARC1/_ARC1_CORRECTED_WORK/FRESH_VERIFY_R1_0/M3A_THREE_SCALE_MOVING_DIRECTION_ARC1/INPUTS/M3A_NEWTON_PROTOCOL_ATLAS_NP1_R1_0.zip.sha256,.sha256,105,dc8afe50cffae339cb51d040472f2f7755af22cf709b719b718031289072d4d2,False,,False
_GF1_WORK/FRESH/ARC1/_ARC1_CORRECTED_WORK/FRESH_VERIFY_R1_0/M3A_THREE_SCALE_MOVING_DIRECTION_ARC1/INPUTS/MANIFEST.sha256,.sha256,5252,e0b97616a89f871286c106391f1f92032f4b38e86fe101b46e77ee09f77e81db,False,,False
_GF1_WORK/FRESH/ARC1/_ARC1_CORRECTED_WORK/FRESH_VERIFY_R1_0/M3A_THREE_SCALE_MOVING_DIRECTION_ARC1/INPUTS/MOMENT_SUPPORT_CERTIFICATE.md,.md,1487,e13775cb015cf073a79f728178a8215db625d74c7a546f664525734ef685c889,False,,True
_GF1_WORK/FRESH/ARC1/_ARC1_CORRECTED_WORK/FRESH_VERIFY_R1_0/M3A_THREE_SCALE_MOVING_DIRECTION_ARC1/INPUTS/NEWTON_FIBRE_TRICHOTOMY_THEOREM.tex,.tex,1372,09a875c2c1e39d205d503351d0bed6ebff6a3645f319cbb32b167ee16aa720b8,False,,True
_GF1_WORK/FRESH/ARC1/_ARC1_CORRECTED_WORK/FRESH_VERIFY_R1_0/M3A_THREE_SCALE_MOVING_DIRECTION_ARC1/INPUTS/POSITIVE_PROTOCOL_FACE_THEOREM.tex,.tex,1245,161755513a6780be0be79abcbcd2c445537d68fd6b263821e0d0602bdc127bcb,False,,True
_GF1_WORK/FRESH/ARC1/_ARC1_CORRECTED_WORK/FRESH_VERIFY_R1_0/M3A_THREE_SCALE_MOVING_DIRECTION_ARC1/INPUTS/REPRODUCE.sh,.sh,1303,921f9df39fbca405c3770ae66425268a56b701e11911da5922c00a525a226a94,False,,True
_GF1_WORK/FRESH/ARC1/_ARC1_CORRECTED_WORK/FRESH_VERIFY_R1_0/M3A_THREE_SCALE_MOVING_DIRECTION_ARC1/INPUTS/TRANSFORMED_RESOLVENT_THEOREM.tex,.tex,1670,db838785f01eb0225777d54b1aa99ead3f340479bea193f6f5dda0aa03aa4328,False,,True
_GF1_WORK/FRESH/ARC1/_ARC1_CORRECTED_WORK/FRESH_VERIFY_R1_0/M3A_THREE_SCALE_MOVING_DIRECTION_ARC1/INPUTS/WORKSTATION_ARC1_ANALYTIC_ARC_VALUATION_MASTER_PROMPT.md,.md,25185,af56237f2e8644037e6f51cd63b33ca26bc222febc4a88d31f6773da791bfd00,False,,True
_GF1_WORK/FRESH/ARC1/_ARC1_CORRECTED_WORK/FRESH_VERIFY_R1_0/M3A_THREE_SCALE_MOVING_DIRECTION_ARC1/MANIFEST.sha256,.sha256,6569,a145679127db6abbdd727ee8564b39ce32a2c9402385591975d80340c50e9129,False,,False
_GF1_WORK/FRESH/ARC1/_ARC1_CORRECTED_WORK/FRESH_VERIFY_R1_0/M3A_THREE_SCALE_MOVING_DIRECTION_ARC1/MANIFEST_POLICY.md,.md,1030,fb088ebff921cee9eb337dde2b2080094f61924c8e913462467e918dbccb2fc3,False,,True
_GF1_WORK/FRESH/ARC1/_ARC1_CORRECTED_WORK/FRESH_VERIFY_R1_0/M3A_THREE_SCALE_MOVING_DIRECTION_ARC1/NEXT_STAGE_HANDOFF.md,.md,748,962bcc0eddeff7f7f86c66c613bd5f0ff5d35a9544b7dce300dd6e2b42729f3d,False,,True
_GF1_WORK/FRESH/ARC1/_ARC1_CORRECTED_WORK/FRESH_VERIFY_R1_0/M3A_THREE_SCALE_MOVING_DIRECTION_ARC1/NP1_CONTROL_EVIDENCE_MAP.md,.md,1049,34364d94757763e4d082beb8ca61296cdc1201e8ca9cca1f04d1b9fd8c969665,False,,True
_GF1_WORK/FRESH/ARC1/_ARC1_CORRECTED_WORK/FRESH_VERIFY_R1_0/M3A_THREE_SCALE_MOVING_DIRECTION_ARC1/PAPER_REVISION_RECOMMENDATION.md,.md,715,77ae6f41e3a62389d1d753350dead2ed51756a56b3f244582d42094d654a28d5,False,,True
_GF1_WORK/FRESH/ARC1/_ARC1_CORRECTED_WORK/FRESH_VERIFY_R1_0/M3A_THREE_SCALE_MOVING_DIRECTION_ARC1/PRIOR_ART_AUDIT.md,.md,2217,e4952cd2561b839aceb30491d7e11831584079aeb9ab62759dcb2105489da1ce,False,,True
_GF1_WORK/FRESH/ARC1/_ARC1_CORRECTED_WORK/FRESH_VERIFY_R1_0/M3A_THREE_SCALE_MOVING_DIRECTION_ARC1/R1_1_SCOPE_AND_INTERPRETATION_PATCH.tex,.tex,1066,c63a76a8b25abe99ec7872149461a8b84b272ab04629fe9ab7958766d59e91ca,False,,True
_GF1_WORK/FRESH/ARC1/_ARC1_CORRECTED_WORK/FRESH_VERIFY_R1_0/M3A_THREE_SCALE_MOVING_DIRECTION_ARC1/REPARAMETERISATION_LAWS.md,.md,800,64d83cc9118c29dd718669f3d19b2b67240a9bf6a5fe0c1f74658d6dfc1fdc0a,False,,True
_GF1_WORK/FRESH/ARC1/_ARC1_CORRECTED_WORK/FRESH_VERIFY_R1_0/M3A_THREE_SCALE_MOVING_DIRECTION_ARC1/REPRODUCE.sh,.sh,1483,b8bfa5c313b9d10cc6c4452a73a4e1ca017e875dbe5b56d0469acde6f669d9ad,False,,True
_GF1_WORK/FRESH/ARC1/_ARC1_CORRECTED_WORK/FRESH_VERIFY_R1_0/M3A_THREE_SCALE_MOVING_DIRECTION_ARC1/REPRODUCIBILITY_PROTOCOL.md,.md,1110,c42b288a704808493c47d7a43034769c6ad9f7fd166bc500d3e39f908fb4b393,False,,True
_GF1_WORK/FRESH/ARC1/_ARC1_CORRECTED_WORK/FRESH_VERIFY_R1_0/M3A_THREE_SCALE_MOVING_DIRECTION_ARC1/SIGNED_GRAPH_COLLEAGUE_HANDOFF.md,.md,1327,3a6004e291c068f7809aada2b2578e2b879a62b9901558444cbd60eacad3a824,False,,True
_GF1_WORK/FRESH/ARC1/_ARC1_CORRECTED_WORK/FRESH_VERIFY_R1_0/M3A_THREE_SCALE_MOVING_DIRECTION_ARC1/SMOOTH_FLAT_FAILURE.md,.md,600,0025e62b2ef2f451fdbf43698a8518674927f6399dd1c0b86225e2253f98ad12,False,,True
_GF1_WORK/FRESH/ARC1/_ARC1_CORRECTED_WORK/FRESH_VERIFY_R1_0/M3A_THREE_SCALE_MOVING_DIRECTION_ARC1/SUPERSESSION_AND_PARAMETERISATION_FIREWALL.md,.md,996,249173c8ea55f05424d4416bcb05561a5f77db3c95d1b8adf7463a4ac80229f2,False,,True
_GF1_WORK/FRESH/ARC1/_ARC1_CORRECTED_WORK/FRESH_VERIFY_R1_0/M3A_THREE_SCALE_MOVING_DIRECTION_ARC1/THREE_SCALE_SUPPORT_THEOREM.tex,.tex,2247,24e53623715f08b0f2c1ab577c17d77983d915c98dcb311ec1ec0e54d401c539,False,,True
_GF1_WORK/FRESH/ARC1/_ARC1_CORRECTED_WORK/FRESH_VERIFY_R1_0/M3A_THREE_SCALE_MOVING_DIRECTION_ARC1/TIE_FACE_CANCELLATION_AND_NEXT_ORDER.tex,.tex,1104,a5c3400e7906e56b00c51628b531e2bf8f9835a2e51fc12c14b9b109916a5e81,False,,True
_GF1_WORK/FRESH/ARC1/_ARC1_CORRECTED_WORK/FRESH_VERIFY_R1_0/M3A_THREE_SCALE_MOVING_DIRECTION_ARC1/TRANSFORMED_RESOLVENT_THREE_SCALE_THEOREM.tex,.tex,1055,761f0419f8772c1924c4c58975af433fb84d9275bcbc6a2d8ee330a78468db6b,False,,True
_GF1_WORK/FRESH/ARC1/_ARC1_CORRECTED_WORK/FRESH_VERIFY_R1_0_FINAL/M3A_THREE_SCALE_MOVING_DIRECTION_ARC1/ARC1_CERTIFICATES.json,.json,1822,a4194b5be2f8bcc3309dd4d2089a5b6e828f6637ca2105b4aa364f8aacd0c4a1,False,,True
_GF1_WORK/FRESH/ARC1/_ARC1_CORRECTED_WORK/FRESH_VERIFY_R1_0_FINAL/M3A_THREE_SCALE_MOVING_DIRECTION_ARC1/ARC1_RANDOM_CENSUS.json,.json,21866,0143a610daef8d90c07df9f0a8a8ba9ba79f46ec7108472ea5338ead9dcca6ae,False,,True
_GF1_WORK/FRESH/ARC1/_ARC1_CORRECTED_WORK/FRESH_VERIFY_R1_0_FINAL/M3A_THREE_SCALE_MOVING_DIRECTION_ARC1/ASSUMPTIONS_LOCK.md,.md,1444,56d218e51b3efdb328970653f730899c23ab6968df4765720500002d7181187c,False,,True
_GF1_WORK/FRESH/ARC1/_ARC1_CORRECTED_WORK/FRESH_VERIFY_R1_0_FINAL/M3A_THREE_SCALE_MOVING_DIRECTION_ARC1/CLAIM_AND_NOVELTY_LEDGER.md,.md,1327,0de3033295e06312cb9cba2f277d104ad794794a184868f9e62111b708564980,False,,True
_GF1_WORK/FRESH/ARC1/_ARC1_CORRECTED_WORK/FRESH_VERIFY_R1_0_FINAL/M3A_THREE_SCALE_MOVING_DIRECTION_ARC1/CODE_INDEPENDENT_C/support_geometry.py,.py,1463,124f9c41f167a18f21380b94480cb5d7fc8e75a44b03ee1bfc9be065fec643f8,False,,True
_GF1_WORK/FRESH/ARC1/_ARC1_CORRECTED_WORK/FRESH_VERIFY_R1_0_FINAL/M3A_THREE_SCALE_MOVING_DIRECTION_ARC1/CODE_PRIMARY/compare_and_controls.py,.py,2972,ab2d8ca050aa21c091725064ac5bab336028118670b2a224f48f043dc1716a60,False,,True
_GF1_WORK/FRESH/ARC1/_ARC1_CORRECTED_WORK/FRESH_VERIFY_R1_0_FINAL/M3A_THREE_SCALE_MOVING_DIRECTION_ARC1/CODE_PRIMARY/integrity_gate.py,.py,4379,7cce7fe3d44897fa1aeee5f70f5d6e66a782edcbd28adc653cb578196ccf8c3d,False,,True
_GF1_WORK/FRESH/ARC1/_ARC1_CORRECTED_WORK/FRESH_VERIFY_R1_0_FINAL/M3A_THREE_SCALE_MOVING_DIRECTION_ARC1/CODE_PRIMARY/moving_direction_series.py,.py,5556,be49fd7cb0dccdf198a2b25e3152e780b53ab628fcc33ac5eded6314fd39b5f2,False,,True
_GF1_WORK/FRESH/ARC1/_ARC1_CORRECTED_WORK/FRESH_VERIFY_R1_0_FINAL/M3A_THREE_SCALE_MOVING_DIRECTION_ARC1/CODE_PRIMARY/polynomial_arc_census.py,.py,2681,5071e761661aa0ea832d86d2f8a37d741b36a3746d578f3266e9813857d12261,False,,True
_GF1_WORK/FRESH/ARC1/_ARC1_CORRECTED_WORK/FRESH_VERIFY_R1_0_FINAL/M3A_THREE_SCALE_MOVING_DIRECTION_ARC1/CODE_PRIMARY/verify_package.py,.py,1717,2fb6e06e7d81179ea241f73e6b254d64209e4cf73ff70c536f49d4fa1d65e2e4,False,,True
_GF1_WORK/FRESH/ARC1/_ARC1_CORRECTED_WORK/FRESH_VERIFY_R1_0_FINAL/M3A_THREE_SCALE_MOVING_DIRECTION_ARC1/COMPARISON_POLICY.json,.json,1049,6200b013bd63f12c6c095aba4c7c3b18e490910847a06172cc5961303f5c551d,False,,True
_GF1_WORK/FRESH/ARC1/_ARC1_CORRECTED_WORK/FRESH_VERIFY_R1_0_FINAL/M3A_THREE_SCALE_MOVING_DIRECTION_ARC1/COUNTEREXAMPLES_AND_CONTROLS.md,.md,2059,eb0d0afeac3d54e04f5fc05d60f089341d26cefc7433448678cdc2d69b43fec6,False,,True
_GF1_WORK/FRESH/ARC1/_ARC1_CORRECTED_WORK/FRESH_VERIFY_R1_0_FINAL/M3A_THREE_SCALE_MOVING_DIRECTION_ARC1/DATA/census.json,.json,21866,0143a610daef8d90c07df9f0a8a8ba9ba79f46ec7108472ea5338ead9dcca6ae,False,,True
_GF1_WORK/FRESH/ARC1/_ARC1_CORRECTED_WORK/FRESH_VERIFY_R1_0_FINAL/M3A_THREE_SCALE_MOVING_DIRECTION_ARC1/DATA/comparison.json,.json,1822,a4194b5be2f8bcc3309dd4d2089a5b6e828f6637ca2105b4aa364f8aacd0c4a1,False,,True
_GF1_WORK/FRESH/ARC1/_ARC1_CORRECTED_WORK/FRESH_VERIFY_R1_0_FINAL/M3A_THREE_SCALE_MOVING_DIRECTION_ARC1/DATA/independent_a.json,.json,5597,ccc91f31100870643892afa8c5287e772c7a3d4af3bfb45f2f88907d47453065,False,,True
_GF1_WORK/FRESH/ARC1/_ARC1_CORRECTED_WORK/FRESH_VERIFY_R1_0_FINAL/M3A_THREE_SCALE_MOVING_DIRECTION_ARC1/DATA/independent_b.json,.json,5589,cac5685909558efd3e6a50e46880c9c55b747d7ca50724c8a2884742b71748bb,False,,True
_GF1_WORK/FRESH/ARC1/_ARC1_CORRECTED_WORK/FRESH_VERIFY_R1_0_FINAL/M3A_THREE_SCALE_MOVING_DIRECTION_ARC1/DATA/independent_c.json,.json,312,ddadde63ba7dee5fbcd067b295d5c10f7fcd272ccc11db11ab06a4673fc749f8,False,,True
_GF1_WORK/FRESH/ARC1/_ARC1_CORRECTED_WORK/FRESH_VERIFY_R1_0_FINAL/M3A_THREE_SCALE_MOVING_DIRECTION_ARC1/DATA/integrity.json,.json,296,5c2fc519c8e3be0ac2386e1b7a26b79396d8bded0ebff796192ecb3a76b6b3c8,False,,True
_GF1_WORK/FRESH/ARC1/_ARC1_CORRECTED_WORK/FRESH_VERIFY_R1_0_FINAL/M3A_THREE_SCALE_MOVING_DIRECTION_ARC1/DATA/np1_controls.json,.json,479,7515c4397347c3831f43001dc634624c36018acce48ea0569c2a6d7bbdad00e1,False,,True
_GF1_WORK/FRESH/ARC1/_ARC1_CORRECTED_WORK/FRESH_VERIFY_R1_0_FINAL/M3A_THREE_SCALE_MOVING_DIRECTION_ARC1/DATA/primary.json,.json,5578,9ef468be3121689a8f5ba63981725a007ca4b2fde0aa48bd0b550cc718c10f15,False,,True
_GF1_WORK/FRESH/ARC1/_ARC1_CORRECTED_WORK/FRESH_VERIFY_R1_0_FINAL/M3A_THREE_SCALE_MOVING_DIRECTION_ARC1/DECLARED_PROTOCOL_COROLLARY.tex,.tex,1017,79d1bb0d6a52d427436b811232413a6493ec2c1dafc604ce78aa6e0f95550273,False,,True
_GF1_WORK/FRESH/ARC1/_ARC1_CORRECTED_WORK/FRESH_VERIFY_R1_0_FINAL/M3A_THREE_SCALE_MOVING_DIRECTION_ARC1/ENVIRONMENT_SPECIFICATION.txt,.txt,800,574c2fb44c315c186bff5b21cf3e08bed38e84230ace132c87aee3d8aa0c81d7,False,,True
_GF1_WORK/FRESH/ARC1/_ARC1_CORRECTED_WORK/FRESH_VERIFY_R1_0_FINAL/M3A_THREE_SCALE_MOVING_DIRECTION_ARC1/EXACT_DARK_MOVING_ARC_THEOREM.tex,.tex,844,064cee0ce1899943b1cc4b7ce4df74099e2970c00255a173fd9371dbf05b734c,False,,True
_GF1_WORK/FRESH/ARC1/_ARC1_CORRECTED_WORK/FRESH_VERIFY_R1_0_FINAL/M3A_THREE_SCALE_MOVING_DIRECTION_ARC1/EXPECTED/census.json,.json,21866,0143a610daef8d90c07df9f0a8a8ba9ba79f46ec7108472ea5338ead9dcca6ae,False,,True
_GF1_WORK/FRESH/ARC1/_ARC1_CORRECTED_WORK/FRESH_VERIFY_R1_0_FINAL/M3A_THREE_SCALE_MOVING_DIRECTION_ARC1/EXPECTED/comparison.json,.json,1822,a4194b5be2f8bcc3309dd4d2089a5b6e828f6637ca2105b4aa364f8aacd0c4a1,False,,True
_GF1_WORK/FRESH/ARC1/_ARC1_CORRECTED_WORK/FRESH_VERIFY_R1_0_FINAL/M3A_THREE_SCALE_MOVING_DIRECTION_ARC1/EXPECTED/independent_a.json,.json,5597,ccc91f31100870643892afa8c5287e772c7a3d4af3bfb45f2f88907d47453065,False,,True
_GF1_WORK/FRESH/ARC1/_ARC1_CORRECTED_WORK/FRESH_VERIFY_R1_0_FINAL/M3A_THREE_SCALE_MOVING_DIRECTION_ARC1/EXPECTED/independent_b.json,.json,5589,cac5685909558efd3e6a50e46880c9c55b747d7ca50724c8a2884742b71748bb,False,,True
_GF1_WORK/FRESH/ARC1/_ARC1_CORRECTED_WORK/FRESH_VERIFY_R1_0_FINAL/M3A_THREE_SCALE_MOVING_DIRECTION_ARC1/EXPECTED/independent_c.json,.json,312,ddadde63ba7dee5fbcd067b295d5c10f7fcd272ccc11db11ab06a4673fc749f8,False,,True
_GF1_WORK/FRESH/ARC1/_ARC1_CORRECTED_WORK/FRESH_VERIFY_R1_0_FINAL/M3A_THREE_SCALE_MOVING_DIRECTION_ARC1/EXPECTED/integrity.json,.json,296,5c2fc519c8e3be0ac2386e1b7a26b79396d8bded0ebff796192ecb3a76b6b3c8,False,,True
_GF1_WORK/FRESH/ARC1/_ARC1_CORRECTED_WORK/FRESH_VERIFY_R1_0_FINAL/M3A_THREE_SCALE_MOVING_DIRECTION_ARC1/EXPECTED/np1_controls.json,.json,479,7515c4397347c3831f43001dc634624c36018acce48ea0569c2a6d7bbdad00e1,False,,True
_GF1_WORK/FRESH/ARC1/_ARC1_CORRECTED_WORK/FRESH_VERIFY_R1_0_FINAL/M3A_THREE_SCALE_MOVING_DIRECTION_ARC1/EXPECTED/primary.json,.json,5578,9ef468be3121689a8f5ba63981725a007ca4b2fde0aa48bd0b550cc718c10f15,False,,True
_GF1_WORK/FRESH/ARC1/_ARC1_CORRECTED_WORK/FRESH_VERIFY_R1_0_FINAL/M3A_THREE_SCALE_MOVING_DIRECTION_ARC1/EXPECTED_CANONICAL.sha256,.sha256,731,eb76d505292c47a34de698b136f5f11a4fa4908946572787cd37f8ce3b0386d9,False,,False
_GF1_WORK/FRESH/ARC1/_ARC1_CORRECTED_WORK/FRESH_VERIFY_R1_0_FINAL/M3A_THREE_SCALE_MOVING_DIRECTION_ARC1/FAILURE_LEDGER.md,.md,1200,62e7b0e9ab1ccf99ebd1d36f520874ea189e844fb160eee7be811ab87e9ad551,False,,True
_GF1_WORK/FRESH/ARC1/_ARC1_CORRECTED_WORK/FRESH_VERIFY_R1_0_FINAL/M3A_THREE_SCALE_MOVING_DIRECTION_ARC1/FALSIFIER_CERTIFICATE.md,.md,1171,45ea19a0dab49acacead15aa746ac4de092fee5c73f0625c739ec5123a027712,False,,True
_GF1_WORK/FRESH/ARC1/_ARC1_CORRECTED_WORK/FRESH_VERIFY_R1_0_FINAL/M3A_THREE_SCALE_MOVING_DIRECTION_ARC1/FINAL_ARC1_ASSESSMENT.md,.md,1468,10cfaa501f2daa2b63b9cf8c2b209098cc1cd57277db83f79ed3ac4357151193,False,,True
_GF1_WORK/FRESH/ARC1/_ARC1_CORRECTED_WORK/FRESH_VERIFY_R1_0_FINAL/M3A_THREE_SCALE_MOVING_DIRECTION_ARC1/FIXED_FIBRE_CITATION_AND_SCOPE_AUDIT.md,.md,630,72c4a819e3e9de2a97829b36e218b5ee309d045aa9b4d033ad3ded498a48d871,False,,True
_GF1_WORK/FRESH/ARC1/_ARC1_CORRECTED_WORK/FRESH_VERIFY_R1_0_FINAL/M3A_THREE_SCALE_MOVING_DIRECTION_ARC1/INPUT_ARCHIVES.sha256,.sha256,1489,c269d35619c81216c11a6a7e0d83c3650614ef8c8aa36a5abf70872e346666dd,False,,False
_GF1_WORK/FRESH/ARC1/_ARC1_CORRECTED_WORK/FRESH_VERIFY_R1_0_FINAL/M3A_THREE_SCALE_MOVING_DIRECTION_ARC1/INPUTS/ARC1_HANDOFF.md,.md,687,dc906e353dd4a358b03a782b8c25c356a11e158ef0f209f49c488944fbe90ab3,False,,True
_GF1_WORK/FRESH/ARC1/_ARC1_CORRECTED_WORK/FRESH_VERIFY_R1_0_FINAL/M3A_THREE_SCALE_MOVING_DIRECTION_ARC1/INPUTS/CLAIM_AND_NOVELTY_LEDGER.md,.md,1333,bdd1213684a2b1606c6d224422fab0f9031968627077276a5c0b2ccb919837d3,False,,True
_GF1_WORK/FRESH/ARC1/_ARC1_CORRECTED_WORK/FRESH_VERIFY_R1_0_FINAL/M3A_THREE_SCALE_MOVING_DIRECTION_ARC1/INPUTS/FIBREWISE_ARC1_FIREWALL.md,.md,900,a6057270c50267a27d502041483fa12788c9b2d8e634b586cb0bbf9ecdd49cd6,False,,True
_GF1_WORK/FRESH/ARC1/_ARC1_CORRECTED_WORK/FRESH_VERIFY_R1_0_FINAL/M3A_THREE_SCALE_MOVING_DIRECTION_ARC1/INPUTS/FINAL_NP1_ASSESSMENT.md,.md,1201,6948379a877b50804428c9e90283bf4df9102bf21c206470d9d6fcab2c203995,False,,True
_GF1_WORK/FRESH/ARC1/_ARC1_CORRECTED_WORK/FRESH_VERIFY_R1_0_FINAL/M3A_THREE_SCALE_MOVING_DIRECTION_ARC1/INPUTS/M3A_ARC1_FALSIFIER_AND_COLLEAGUE_REQUESTS_AUDIT_2026-08-01.md,.md,17601,a855e845cd1a278e8b16c16a63b44d0e7738eca8df80d4b48fa8acd925e244d5,False,,True
_GF1_WORK/FRESH/ARC1/_ARC1_CORRECTED_WORK/FRESH_VERIFY_R1_0_FINAL/M3A_THREE_SCALE_MOVING_DIRECTION_ARC1/INPUTS/M3A_NEWTON_PROTOCOL_ATLAS_NP1_R1_0.zip,.zip,23801570,,False,,False
_GF1_WORK/FRESH/ARC1/_ARC1_CORRECTED_WORK/FRESH_VERIFY_R1_0_FINAL/M3A_THREE_SCALE_MOVING_DIRECTION_ARC1/INPUTS/M3A_NEWTON_PROTOCOL_ATLAS_NP1_R1_0.zip.sha256,.sha256,105,dc8afe50cffae339cb51d040472f2f7755af22cf709b719b718031289072d4d2,False,,False
_GF1_WORK/FRESH/ARC1/_ARC1_CORRECTED_WORK/FRESH_VERIFY_R1_0_FINAL/M3A_THREE_SCALE_MOVING_DIRECTION_ARC1/INPUTS/MOMENT_SUPPORT_CERTIFICATE.md,.md,1487,e13775cb015cf073a79f728178a8215db625d74c7a546f664525734ef685c889,False,,True
_GF1_WORK/FRESH/ARC1/_ARC1_CORRECTED_WORK/FRESH_VERIFY_R1_0_FINAL/M3A_THREE_SCALE_MOVING_DIRECTION_ARC1/INPUTS/NEWTON_FIBRE_TRICHOTOMY_THEOREM.tex,.tex,1372,09a875c2c1e39d205d503351d0bed6ebff6a3645f319cbb32b167ee16aa720b8,False,,True
_GF1_WORK/FRESH/ARC1/_ARC1_CORRECTED_WORK/FRESH_VERIFY_R1_0_FINAL/M3A_THREE_SCALE_MOVING_DIRECTION_ARC1/INPUTS/NP1_MANIFEST.sha256,.sha256,5252,e0b97616a89f871286c106391f1f92032f4b38e86fe101b46e77ee09f77e81db,False,,False
_GF1_WORK/FRESH/ARC1/_ARC1_CORRECTED_WORK/FRESH_VERIFY_R1_0_FINAL/M3A_THREE_SCALE_MOVING_DIRECTION_ARC1/INPUTS/POSITIVE_PROTOCOL_FACE_THEOREM.tex,.tex,1245,161755513a6780be0be79abcbcd2c445537d68fd6b263821e0d0602bdc127bcb,False,,True
_GF1_WORK/FRESH/ARC1/_ARC1_CORRECTED_WORK/FRESH_VERIFY_R1_0_FINAL/M3A_THREE_SCALE_MOVING_DIRECTION_ARC1/INPUTS/REPRODUCE.sh,.sh,1303,921f9df39fbca405c3770ae66425268a56b701e11911da5922c00a525a226a94,False,,True
_GF1_WORK/FRESH/ARC1/_ARC1_CORRECTED_WORK/FRESH_VERIFY_R1_0_FINAL/M3A_THREE_SCALE_MOVING_DIRECTION_ARC1/INPUTS/TRANSFORMED_RESOLVENT_THEOREM.tex,.tex,1670,db838785f01eb0225777d54b1aa99ead3f340479bea193f6f5dda0aa03aa4328,False,,True
_GF1_WORK/FRESH/ARC1/_ARC1_CORRECTED_WORK/FRESH_VERIFY_R1_0_FINAL/M3A_THREE_SCALE_MOVING_DIRECTION_ARC1/INPUTS/WORKSTATION_ARC1_ANALYTIC_ARC_VALUATION_MASTER_PROMPT.md,.md,25185,af56237f2e8644037e6f51cd63b33ca26bc222febc4a88d31f6773da791bfd00,False,,True
_GF1_WORK/FRESH/ARC1/_ARC1_CORRECTED_WORK/FRESH_VERIFY_R1_0_FINAL/M3A_THREE_SCALE_MOVING_DIRECTION_ARC1/MANIFEST.sha256,.sha256,6573,f975d2739c0c101524861dc85230fa39fb87fb0d3250e7ecb17f9a5145893c3d,False,,False
_GF1_WORK/FRESH/ARC1/_ARC1_CORRECTED_WORK/FRESH_VERIFY_R1_0_FINAL/M3A_THREE_SCALE_MOVING_DIRECTION_ARC1/MANIFEST_POLICY.md,.md,1030,fb088ebff921cee9eb337dde2b2080094f61924c8e913462467e918dbccb2fc3,False,,True
_GF1_WORK/FRESH/ARC1/_ARC1_CORRECTED_WORK/FRESH_VERIFY_R1_0_FINAL/M3A_THREE_SCALE_MOVING_DIRECTION_ARC1/NEXT_STAGE_HANDOFF.md,.md,748,962bcc0eddeff7f7f86c66c613bd5f0ff5d35a9544b7dce300dd6e2b42729f3d,False,,True
_GF1_WORK/FRESH/ARC1/_ARC1_CORRECTED_WORK/FRESH_VERIFY_R1_0_FINAL/M3A_THREE_SCALE_MOVING_DIRECTION_ARC1/NP1_CONTROL_EVIDENCE_MAP.md,.md,1049,34364d94757763e4d082beb8ca61296cdc1201e8ca9cca1f04d1b9fd8c969665,False,,True
_GF1_WORK/FRESH/ARC1/_ARC1_CORRECTED_WORK/FRESH_VERIFY_R1_0_FINAL/M3A_THREE_SCALE_MOVING_DIRECTION_ARC1/PAPER_REVISION_RECOMMENDATION.md,.md,715,77ae6f41e3a62389d1d753350dead2ed51756a56b3f244582d42094d654a28d5,False,,True
_GF1_WORK/FRESH/ARC1/_ARC1_CORRECTED_WORK/FRESH_VERIFY_R1_0_FINAL/M3A_THREE_SCALE_MOVING_DIRECTION_ARC1/PRIOR_ART_AUDIT.md,.md,2217,e4952cd2561b839aceb30491d7e11831584079aeb9ab62759dcb2105489da1ce,False,,True
_GF1_WORK/FRESH/ARC1/_ARC1_CORRECTED_WORK/FRESH_VERIFY_R1_0_FINAL/M3A_THREE_SCALE_MOVING_DIRECTION_ARC1/R1_1_SCOPE_AND_INTERPRETATION_PATCH.tex,.tex,1066,c63a76a8b25abe99ec7872149461a8b84b272ab04629fe9ab7958766d59e91ca,False,,True
_GF1_WORK/FRESH/ARC1/_ARC1_CORRECTED_WORK/FRESH_VERIFY_R1_0_FINAL/M3A_THREE_SCALE_MOVING_DIRECTION_ARC1/REPARAMETERISATION_LAWS.md,.md,800,64d83cc9118c29dd718669f3d19b2b67240a9bf6a5fe0c1f74658d6dfc1fdc0a,False,,True
_GF1_WORK/FRESH/ARC1/_ARC1_CORRECTED_WORK/FRESH_VERIFY_R1_0_FINAL/M3A_THREE_SCALE_MOVING_DIRECTION_ARC1/REPRODUCE.sh,.sh,1483,b8bfa5c313b9d10cc6c4452a73a4e1ca017e875dbe5b56d0469acde6f669d9ad,False,,True
_GF1_WORK/FRESH/ARC1/_ARC1_CORRECTED_WORK/FRESH_VERIFY_R1_0_FINAL/M3A_THREE_SCALE_MOVING_DIRECTION_ARC1/REPRODUCIBILITY_PROTOCOL.md,.md,1110,c42b288a704808493c47d7a43034769c6ad9f7fd166bc500d3e39f908fb4b393,False,,True
_GF1_WORK/FRESH/ARC1/_ARC1_CORRECTED_WORK/FRESH_VERIFY_R1_0_FINAL/M3A_THREE_SCALE_MOVING_DIRECTION_ARC1/SIGNED_GRAPH_COLLEAGUE_HANDOFF.md,.md,1327,3a6004e291c068f7809aada2b2578e2b879a62b9901558444cbd60eacad3a824,False,,True
_GF1_WORK/FRESH/ARC1/_ARC1_CORRECTED_WORK/FRESH_VERIFY_R1_0_FINAL/M3A_THREE_SCALE_MOVING_DIRECTION_ARC1/SMOOTH_FLAT_FAILURE.md,.md,600,0025e62b2ef2f451fdbf43698a8518674927f6399dd1c0b86225e2253f98ad12,False,,True
_GF1_WORK/FRESH/ARC1/_ARC1_CORRECTED_WORK/FRESH_VERIFY_R1_0_FINAL/M3A_THREE_SCALE_MOVING_DIRECTION_ARC1/SUPERSESSION_AND_PARAMETERISATION_FIREWALL.md,.md,996,249173c8ea55f05424d4416bcb05561a5f77db3c95d1b8adf7463a4ac80229f2,False,,True
_GF1_WORK/FRESH/ARC1/_ARC1_CORRECTED_WORK/FRESH_VERIFY_R1_0_FINAL/M3A_THREE_SCALE_MOVING_DIRECTION_ARC1/THREE_SCALE_SUPPORT_THEOREM.tex,.tex,2247,24e53623715f08b0f2c1ab577c17d77983d915c98dcb311ec1ec0e54d401c539,False,,True
_GF1_WORK/FRESH/ARC1/_ARC1_CORRECTED_WORK/FRESH_VERIFY_R1_0_FINAL/M3A_THREE_SCALE_MOVING_DIRECTION_ARC1/TIE_FACE_CANCELLATION_AND_NEXT_ORDER.tex,.tex,1104,a5c3400e7906e56b00c51628b531e2bf8f9835a2e51fc12c14b9b109916a5e81,False,,True
_GF1_WORK/FRESH/ARC1/_ARC1_CORRECTED_WORK/FRESH_VERIFY_R1_0_FINAL/M3A_THREE_SCALE_MOVING_DIRECTION_ARC1/TRANSFORMED_RESOLVENT_THREE_SCALE_THEOREM.tex,.tex,1055,761f0419f8772c1924c4c58975af433fb84d9275bcbc6a2d8ee330a78468db6b,False,,True
_GF1_WORK/FRESH/ARC1/_ARC1_CORRECTED_WORK/M3A_THREE_SCALE_MOVING_DIRECTION_ARC1/ARC1_CERTIFICATES.json,.json,1822,a4194b5be2f8bcc3309dd4d2089a5b6e828f6637ca2105b4aa364f8aacd0c4a1,False,,True
_GF1_WORK/FRESH/ARC1/_ARC1_CORRECTED_WORK/M3A_THREE_SCALE_MOVING_DIRECTION_ARC1/ARC1_RANDOM_CENSUS.json,.json,21866,0143a610daef8d90c07df9f0a8a8ba9ba79f46ec7108472ea5338ead9dcca6ae,False,,True
_GF1_WORK/FRESH/ARC1/_ARC1_CORRECTED_WORK/M3A_THREE_SCALE_MOVING_DIRECTION_ARC1/ASSUMPTIONS_LOCK.md,.md,1444,56d218e51b3efdb328970653f730899c23ab6968df4765720500002d7181187c,False,,True
_GF1_WORK/FRESH/ARC1/_ARC1_CORRECTED_WORK/M3A_THREE_SCALE_MOVING_DIRECTION_ARC1/CLAIM_AND_NOVELTY_LEDGER.md,.md,1327,0de3033295e06312cb9cba2f277d104ad794794a184868f9e62111b708564980,False,,True
_GF1_WORK/FRESH/ARC1/_ARC1_CORRECTED_WORK/M3A_THREE_SCALE_MOVING_DIRECTION_ARC1/CODE_INDEPENDENT_C/support_geometry.py,.py,1463,124f9c41f167a18f21380b94480cb5d7fc8e75a44b03ee1bfc9be065fec643f8,False,,True
_GF1_WORK/FRESH/ARC1/_ARC1_CORRECTED_WORK/M3A_THREE_SCALE_MOVING_DIRECTION_ARC1/CODE_PRIMARY/compare_and_controls.py,.py,2972,ab2d8ca050aa21c091725064ac5bab336028118670b2a224f48f043dc1716a60,False,,True
_GF1_WORK/FRESH/ARC1/_ARC1_CORRECTED_WORK/M3A_THREE_SCALE_MOVING_DIRECTION_ARC1/CODE_PRIMARY/integrity_gate.py,.py,4379,7cce7fe3d44897fa1aeee5f70f5d6e66a782edcbd28adc653cb578196ccf8c3d,False,,True
_GF1_WORK/FRESH/ARC1/_ARC1_CORRECTED_WORK/M3A_THREE_SCALE_MOVING_DIRECTION_ARC1/CODE_PRIMARY/moving_direction_series.py,.py,5556,be49fd7cb0dccdf198a2b25e3152e780b53ab628fcc33ac5eded6314fd39b5f2,False,,True
_GF1_WORK/FRESH/ARC1/_ARC1_CORRECTED_WORK/M3A_THREE_SCALE_MOVING_DIRECTION_ARC1/CODE_PRIMARY/polynomial_arc_census.py,.py,2681,5071e761661aa0ea832d86d2f8a37d741b36a3746d578f3266e9813857d12261,False,,True
_GF1_WORK/FRESH/ARC1/_ARC1_CORRECTED_WORK/M3A_THREE_SCALE_MOVING_DIRECTION_ARC1/CODE_PRIMARY/verify_package.py,.py,1717,2fb6e06e7d81179ea241f73e6b254d64209e4cf73ff70c536f49d4fa1d65e2e4,False,,True
_GF1_WORK/FRESH/ARC1/_ARC1_CORRECTED_WORK/M3A_THREE_SCALE_MOVING_DIRECTION_ARC1/COMPARISON_POLICY.json,.json,1049,6200b013bd63f12c6c095aba4c7c3b18e490910847a06172cc5961303f5c551d,False,,True
_GF1_WORK/FRESH/ARC1/_ARC1_CORRECTED_WORK/M3A_THREE_SCALE_MOVING_DIRECTION_ARC1/COUNTEREXAMPLES_AND_CONTROLS.md,.md,2059,eb0d0afeac3d54e04f5fc05d60f089341d26cefc7433448678cdc2d69b43fec6,False,,True
_GF1_WORK/FRESH/ARC1/_ARC1_CORRECTED_WORK/M3A_THREE_SCALE_MOVING_DIRECTION_ARC1/DATA/census.json,.json,21866,0143a610daef8d90c07df9f0a8a8ba9ba79f46ec7108472ea5338ead9dcca6ae,False,,True
_GF1_WORK/FRESH/ARC1/_ARC1_CORRECTED_WORK/M3A_THREE_SCALE_MOVING_DIRECTION_ARC1/DATA/comparison.json,.json,1822,a4194b5be2f8bcc3309dd4d2089a5b6e828f6637ca2105b4aa364f8aacd0c4a1,False,,True
_GF1_WORK/FRESH/ARC1/_ARC1_CORRECTED_WORK/M3A_THREE_SCALE_MOVING_DIRECTION_ARC1/DATA/independent_a.json,.json,5597,ccc91f31100870643892afa8c5287e772c7a3d4af3bfb45f2f88907d47453065,False,,True
_GF1_WORK/FRESH/ARC1/_ARC1_CORRECTED_WORK/M3A_THREE_SCALE_MOVING_DIRECTION_ARC1/DATA/independent_b.json,.json,5589,cac5685909558efd3e6a50e46880c9c55b747d7ca50724c8a2884742b71748bb,False,,True
_GF1_WORK/FRESH/ARC1/_ARC1_CORRECTED_WORK/M3A_THREE_SCALE_MOVING_DIRECTION_ARC1/DATA/independent_c.json,.json,312,ddadde63ba7dee5fbcd067b295d5c10f7fcd272ccc11db11ab06a4673fc749f8,False,,True
_GF1_WORK/FRESH/ARC1/_ARC1_CORRECTED_WORK/M3A_THREE_SCALE_MOVING_DIRECTION_ARC1/DATA/integrity.json,.json,296,5c2fc519c8e3be0ac2386e1b7a26b79396d8bded0ebff796192ecb3a76b6b3c8,False,,True
_GF1_WORK/FRESH/ARC1/_ARC1_CORRECTED_WORK/M3A_THREE_SCALE_MOVING_DIRECTION_ARC1/DATA/np1_controls.json,.json,479,7515c4397347c3831f43001dc634624c36018acce48ea0569c2a6d7bbdad00e1,False,,True
_GF1_WORK/FRESH/ARC1/_ARC1_CORRECTED_WORK/M3A_THREE_SCALE_MOVING_DIRECTION_ARC1/DATA/primary.json,.json,5578,9ef468be3121689a8f5ba63981725a007ca4b2fde0aa48bd0b550cc718c10f15,False,,True
_GF1_WORK/FRESH/ARC1/_ARC1_CORRECTED_WORK/M3A_THREE_SCALE_MOVING_DIRECTION_ARC1/DECLARED_PROTOCOL_COROLLARY.tex,.tex,1017,79d1bb0d6a52d427436b811232413a6493ec2c1dafc604ce78aa6e0f95550273,False,,True
_GF1_WORK/FRESH/ARC1/_ARC1_CORRECTED_WORK/M3A_THREE_SCALE_MOVING_DIRECTION_ARC1/ENVIRONMENT_SPECIFICATION.txt,.txt,800,574c2fb44c315c186bff5b21cf3e08bed38e84230ace132c87aee3d8aa0c81d7,False,,True
_GF1_WORK/FRESH/ARC1/_ARC1_CORRECTED_WORK/M3A_THREE_SCALE_MOVING_DIRECTION_ARC1/EXACT_DARK_MOVING_ARC_THEOREM.tex,.tex,844,064cee0ce1899943b1cc4b7ce4df74099e2970c00255a173fd9371dbf05b734c,False,,True
_GF1_WORK/FRESH/ARC1/_ARC1_CORRECTED_WORK/M3A_THREE_SCALE_MOVING_DIRECTION_ARC1/EXPECTED/census.json,.json,21866,0143a610daef8d90c07df9f0a8a8ba9ba79f46ec7108472ea5338ead9dcca6ae,False,,True
_GF1_WORK/FRESH/ARC1/_ARC1_CORRECTED_WORK/M3A_THREE_SCALE_MOVING_DIRECTION_ARC1/EXPECTED/comparison.json,.json,1822,a4194b5be2f8bcc3309dd4d2089a5b6e828f6637ca2105b4aa364f8aacd0c4a1,False,,True
_GF1_WORK/FRESH/ARC1/_ARC1_CORRECTED_WORK/M3A_THREE_SCALE_MOVING_DIRECTION_ARC1/EXPECTED/independent_a.json,.json,5597,ccc91f31100870643892afa8c5287e772c7a3d4af3bfb45f2f88907d47453065,False,,True
_GF1_WORK/FRESH/ARC1/_ARC1_CORRECTED_WORK/M3A_THREE_SCALE_MOVING_DIRECTION_ARC1/EXPECTED/independent_b.json,.json,5589,cac5685909558efd3e6a50e46880c9c55b747d7ca50724c8a2884742b71748bb,False,,True
_GF1_WORK/FRESH/ARC1/_ARC1_CORRECTED_WORK/M3A_THREE_SCALE_MOVING_DIRECTION_ARC1/EXPECTED/independent_c.json,.json,312,ddadde63ba7dee5fbcd067b295d5c10f7fcd272ccc11db11ab06a4673fc749f8,False,,True
_GF1_WORK/FRESH/ARC1/_ARC1_CORRECTED_WORK/M3A_THREE_SCALE_MOVING_DIRECTION_ARC1/EXPECTED/integrity.json,.json,296,5c2fc519c8e3be0ac2386e1b7a26b79396d8bded0ebff796192ecb3a76b6b3c8,False,,True
_GF1_WORK/FRESH/ARC1/_ARC1_CORRECTED_WORK/M3A_THREE_SCALE_MOVING_DIRECTION_ARC1/EXPECTED/np1_controls.json,.json,479,7515c4397347c3831f43001dc634624c36018acce48ea0569c2a6d7bbdad00e1,False,,True
_GF1_WORK/FRESH/ARC1/_ARC1_CORRECTED_WORK/M3A_THREE_SCALE_MOVING_DIRECTION_ARC1/EXPECTED/primary.json,.json,5578,9ef468be3121689a8f5ba63981725a007ca4b2fde0aa48bd0b550cc718c10f15,False,,True
_GF1_WORK/FRESH/ARC1/_ARC1_CORRECTED_WORK/M3A_THREE_SCALE_MOVING_DIRECTION_ARC1/EXPECTED_CANONICAL.sha256,.sha256,731,eb76d505292c47a34de698b136f5f11a4fa4908946572787cd37f8ce3b0386d9,False,,False
_GF1_WORK/FRESH/ARC1/_ARC1_CORRECTED_WORK/M3A_THREE_SCALE_MOVING_DIRECTION_ARC1/FAILURE_LEDGER.md,.md,1200,62e7b0e9ab1ccf99ebd1d36f520874ea189e844fb160eee7be811ab87e9ad551,False,,True
_GF1_WORK/FRESH/ARC1/_ARC1_CORRECTED_WORK/M3A_THREE_SCALE_MOVING_DIRECTION_ARC1/FALSIFIER_CERTIFICATE.md,.md,1171,45ea19a0dab49acacead15aa746ac4de092fee5c73f0625c739ec5123a027712,False,,True
_GF1_WORK/FRESH/ARC1/_ARC1_CORRECTED_WORK/M3A_THREE_SCALE_MOVING_DIRECTION_ARC1/FINAL_ARC1_ASSESSMENT.md,.md,1468,10cfaa501f2daa2b63b9cf8c2b209098cc1cd57277db83f79ed3ac4357151193,False,,True
_GF1_WORK/FRESH/ARC1/_ARC1_CORRECTED_WORK/M3A_THREE_SCALE_MOVING_DIRECTION_ARC1/FIXED_FIBRE_CITATION_AND_SCOPE_AUDIT.md,.md,630,72c4a819e3e9de2a97829b36e218b5ee309d045aa9b4d033ad3ded498a48d871,False,,True
_GF1_WORK/FRESH/ARC1/_ARC1_CORRECTED_WORK/M3A_THREE_SCALE_MOVING_DIRECTION_ARC1/INPUT_ARCHIVES.sha256,.sha256,1489,c269d35619c81216c11a6a7e0d83c3650614ef8c8aa36a5abf70872e346666dd,False,,False
_GF1_WORK/FRESH/ARC1/_ARC1_CORRECTED_WORK/M3A_THREE_SCALE_MOVING_DIRECTION_ARC1/INPUTS/ARC1_HANDOFF.md,.md,687,dc906e353dd4a358b03a782b8c25c356a11e158ef0f209f49c488944fbe90ab3,False,,True
_GF1_WORK/FRESH/ARC1/_ARC1_CORRECTED_WORK/M3A_THREE_SCALE_MOVING_DIRECTION_ARC1/INPUTS/CLAIM_AND_NOVELTY_LEDGER.md,.md,1333,bdd1213684a2b1606c6d224422fab0f9031968627077276a5c0b2ccb919837d3,False,,True
_GF1_WORK/FRESH/ARC1/_ARC1_CORRECTED_WORK/M3A_THREE_SCALE_MOVING_DIRECTION_ARC1/INPUTS/FIBREWISE_ARC1_FIREWALL.md,.md,900,a6057270c50267a27d502041483fa12788c9b2d8e634b586cb0bbf9ecdd49cd6,False,,True
_GF1_WORK/FRESH/ARC1/_ARC1_CORRECTED_WORK/M3A_THREE_SCALE_MOVING_DIRECTION_ARC1/INPUTS/FINAL_NP1_ASSESSMENT.md,.md,1201,6948379a877b50804428c9e90283bf4df9102bf21c206470d9d6fcab2c203995,False,,True
_GF1_WORK/FRESH/ARC1/_ARC1_CORRECTED_WORK/M3A_THREE_SCALE_MOVING_DIRECTION_ARC1/INPUTS/M3A_ARC1_FALSIFIER_AND_COLLEAGUE_REQUESTS_AUDIT_2026-08-01.md,.md,17601,a855e845cd1a278e8b16c16a63b44d0e7738eca8df80d4b48fa8acd925e244d5,False,,True
_GF1_WORK/FRESH/ARC1/_ARC1_CORRECTED_WORK/M3A_THREE_SCALE_MOVING_DIRECTION_ARC1/INPUTS/M3A_NEWTON_PROTOCOL_ATLAS_NP1_R1_0.zip,.zip,23801570,,False,,False
_GF1_WORK/FRESH/ARC1/_ARC1_CORRECTED_WORK/M3A_THREE_SCALE_MOVING_DIRECTION_ARC1/INPUTS/M3A_NEWTON_PROTOCOL_ATLAS_NP1_R1_0.zip.sha256,.sha256,105,dc8afe50cffae339cb51d040472f2f7755af22cf709b719b718031289072d4d2,False,,False
_GF1_WORK/FRESH/ARC1/_ARC1_CORRECTED_WORK/M3A_THREE_SCALE_MOVING_DIRECTION_ARC1/INPUTS/MOMENT_SUPPORT_CERTIFICATE.md,.md,1487,e13775cb015cf073a79f728178a8215db625d74c7a546f664525734ef685c889,False,,True
_GF1_WORK/FRESH/ARC1/_ARC1_CORRECTED_WORK/M3A_THREE_SCALE_MOVING_DIRECTION_ARC1/INPUTS/NEWTON_FIBRE_TRICHOTOMY_THEOREM.tex,.tex,1372,09a875c2c1e39d205d503351d0bed6ebff6a3645f319cbb32b167ee16aa720b8,False,,True
_GF1_WORK/FRESH/ARC1/_ARC1_CORRECTED_WORK/M3A_THREE_SCALE_MOVING_DIRECTION_ARC1/INPUTS/NP1_MANIFEST.sha256,.sha256,5252,e0b97616a89f871286c106391f1f92032f4b38e86fe101b46e77ee09f77e81db,False,,False
_GF1_WORK/FRESH/ARC1/_ARC1_CORRECTED_WORK/M3A_THREE_SCALE_MOVING_DIRECTION_ARC1/INPUTS/POSITIVE_PROTOCOL_FACE_THEOREM.tex,.tex,1245,161755513a6780be0be79abcbcd2c445537d68fd6b263821e0d0602bdc127bcb,False,,True
_GF1_WORK/FRESH/ARC1/_ARC1_CORRECTED_WORK/M3A_THREE_SCALE_MOVING_DIRECTION_ARC1/INPUTS/REPRODUCE.sh,.sh,1303,921f9df39fbca405c3770ae66425268a56b701e11911da5922c00a525a226a94,False,,True
_GF1_WORK/FRESH/ARC1/_ARC1_CORRECTED_WORK/M3A_THREE_SCALE_MOVING_DIRECTION_ARC1/INPUTS/TRANSFORMED_RESOLVENT_THEOREM.tex,.tex,1670,db838785f01eb0225777d54b1aa99ead3f340479bea193f6f5dda0aa03aa4328,False,,True
_GF1_WORK/FRESH/ARC1/_ARC1_CORRECTED_WORK/M3A_THREE_SCALE_MOVING_DIRECTION_ARC1/INPUTS/WORKSTATION_ARC1_ANALYTIC_ARC_VALUATION_MASTER_PROMPT.md,.md,25185,af56237f2e8644037e6f51cd63b33ca26bc222febc4a88d31f6773da791bfd00,False,,True
_GF1_WORK/FRESH/ARC1/_ARC1_CORRECTED_WORK/M3A_THREE_SCALE_MOVING_DIRECTION_ARC1/MANIFEST.sha256,.sha256,6573,f975d2739c0c101524861dc85230fa39fb87fb0d3250e7ecb17f9a5145893c3d,False,,False
_GF1_WORK/FRESH/ARC1/_ARC1_CORRECTED_WORK/M3A_THREE_SCALE_MOVING_DIRECTION_ARC1/MANIFEST_POLICY.md,.md,1030,fb088ebff921cee9eb337dde2b2080094f61924c8e913462467e918dbccb2fc3,False,,True
_GF1_WORK/FRESH/ARC1/_ARC1_CORRECTED_WORK/M3A_THREE_SCALE_MOVING_DIRECTION_ARC1/NEXT_STAGE_HANDOFF.md,.md,748,962bcc0eddeff7f7f86c66c613bd5f0ff5d35a9544b7dce300dd6e2b42729f3d,False,,True
_GF1_WORK/FRESH/ARC1/_ARC1_CORRECTED_WORK/M3A_THREE_SCALE_MOVING_DIRECTION_ARC1/NP1_CONTROL_EVIDENCE_MAP.md,.md,1049,34364d94757763e4d082beb8ca61296cdc1201e8ca9cca1f04d1b9fd8c969665,False,,True
_GF1_WORK/FRESH/ARC1/_ARC1_CORRECTED_WORK/M3A_THREE_SCALE_MOVING_DIRECTION_ARC1/PAPER_REVISION_RECOMMENDATION.md,.md,715,77ae6f41e3a62389d1d753350dead2ed51756a56b3f244582d42094d654a28d5,False,,True
_GF1_WORK/FRESH/ARC1/_ARC1_CORRECTED_WORK/M3A_THREE_SCALE_MOVING_DIRECTION_ARC1/PRIOR_ART_AUDIT.md,.md,2217,e4952cd2561b839aceb30491d7e11831584079aeb9ab62759dcb2105489da1ce,False,,True
_GF1_WORK/FRESH/ARC1/_ARC1_CORRECTED_WORK/M3A_THREE_SCALE_MOVING_DIRECTION_ARC1/R1_1_SCOPE_AND_INTERPRETATION_PATCH.tex,.tex,1066,c63a76a8b25abe99ec7872149461a8b84b272ab04629fe9ab7958766d59e91ca,False,,True
_GF1_WORK/FRESH/ARC1/_ARC1_CORRECTED_WORK/M3A_THREE_SCALE_MOVING_DIRECTION_ARC1/REPARAMETERISATION_LAWS.md,.md,800,64d83cc9118c29dd718669f3d19b2b67240a9bf6a5fe0c1f74658d6dfc1fdc0a,False,,True
_GF1_WORK/FRESH/ARC1/_ARC1_CORRECTED_WORK/M3A_THREE_SCALE_MOVING_DIRECTION_ARC1/REPRODUCE.sh,.sh,1483,b8bfa5c313b9d10cc6c4452a73a4e1ca017e875dbe5b56d0469acde6f669d9ad,False,,True
_GF1_WORK/FRESH/ARC1/_ARC1_CORRECTED_WORK/M3A_THREE_SCALE_MOVING_DIRECTION_ARC1/REPRODUCIBILITY_PROTOCOL.md,.md,1110,c42b288a704808493c47d7a43034769c6ad9f7fd166bc500d3e39f908fb4b393,False,,True
_GF1_WORK/FRESH/ARC1/_ARC1_CORRECTED_WORK/M3A_THREE_SCALE_MOVING_DIRECTION_ARC1/SIGNED_GRAPH_COLLEAGUE_HANDOFF.md,.md,1327,3a6004e291c068f7809aada2b2578e2b879a62b9901558444cbd60eacad3a824,False,,True
_GF1_WORK/FRESH/ARC1/_ARC1_CORRECTED_WORK/M3A_THREE_SCALE_MOVING_DIRECTION_ARC1/SMOOTH_FLAT_FAILURE.md,.md,600,0025e62b2ef2f451fdbf43698a8518674927f6399dd1c0b86225e2253f98ad12,False,,True
_GF1_WORK/FRESH/ARC1/_ARC1_CORRECTED_WORK/M3A_THREE_SCALE_MOVING_DIRECTION_ARC1/SUPERSESSION_AND_PARAMETERISATION_FIREWALL.md,.md,996,249173c8ea55f05424d4416bcb05561a5f77db3c95d1b8adf7463a4ac80229f2,False,,True
_GF1_WORK/FRESH/ARC1/_ARC1_CORRECTED_WORK/M3A_THREE_SCALE_MOVING_DIRECTION_ARC1/THREE_SCALE_SUPPORT_THEOREM.tex,.tex,2247,24e53623715f08b0f2c1ab577c17d77983d915c98dcb311ec1ec0e54d401c539,False,,True
_GF1_WORK/FRESH/ARC1/_ARC1_CORRECTED_WORK/M3A_THREE_SCALE_MOVING_DIRECTION_ARC1/TIE_FACE_CANCELLATION_AND_NEXT_ORDER.tex,.tex,1104,a5c3400e7906e56b00c51628b531e2bf8f9835a2e51fc12c14b9b109916a5e81,False,,True
_GF1_WORK/FRESH/ARC1/_ARC1_CORRECTED_WORK/M3A_THREE_SCALE_MOVING_DIRECTION_ARC1/TRANSFORMED_RESOLVENT_THREE_SCALE_THEOREM.tex,.tex,1055,761f0419f8772c1924c4c58975af433fb84d9275bcbc6a2d8ee330a78468db6b,False,,True
_GF1_WORK/FRESH/ARC1_LOCK/M3A_ARC1_COLLEAGUE_LOCKED_DEFINITIONS_R1_0/00_START_HERE.md,.md,3744,b4a8c99f768edde0cff0d92bae0cfd51354f25b0b9dccebb9facba6e15f1ce9a,False,,True
_GF1_WORK/FRESH/ARC1_LOCK/M3A_ARC1_COLLEAGUE_LOCKED_DEFINITIONS_R1_0/01_LOCKED_DYNAMICAL_MODEL.md,.md,3184,e03e399046249bdddcd8c4556c8440a6836fb6b55dbff275f347399234a9d8de,False,,True
_GF1_WORK/FRESH/ARC1_LOCK/M3A_ARC1_COLLEAGUE_LOCKED_DEFINITIONS_R1_0/02_LOCKED_NOTATION_AND_ZERO_CONVENTIONS.md,.md,2766,37ca254b40c7b8b6b62874fa4aede2e16b7347633533705754e3a2ca062ccaaa,True,utf-8-sig,False
_GF1_WORK/FRESH/ARC1_LOCK/M3A_ARC1_COLLEAGUE_LOCKED_DEFINITIONS_R1_0/03_LOCKED_THEOREM_AND_QUANTIFIER_MAP.md,.md,2578,8cde2dbfa8bff5e12d28db2422ccd1e3d2cba9c21d1edf678c526e1c06de1de3,True,utf-8-sig,False
_GF1_WORK/FRESH/ARC1_LOCK/M3A_ARC1_COLLEAGUE_LOCKED_DEFINITIONS_R1_0/04_SUPPORT_AND_ENDPOINT_FIREWALL.md,.md,1910,869aa7a24af07260b1f438bfcbab47a7e98b075a5541b4ab2c52d756a15040cd,True,utf-8-sig,False
_GF1_WORK/FRESH/ARC1_LOCK/M3A_ARC1_COLLEAGUE_LOCKED_DEFINITIONS_R1_0/05_EXACT_DARK_GEOMETRY.md,.md,2092,828053974543741f5aeee7e3b055751d36e42637c8991ca61fdaa4b6630d32a8,True,utf-8-sig,False
_GF1_WORK/FRESH/ARC1_LOCK/M3A_ARC1_COLLEAGUE_LOCKED_DEFINITIONS_R1_0/06_THREE_SCALE_FACE_CLASSIFICATION.md,.md,3309,42e1d08c1cc995869918e7126644acbaa996bce61519ac69eb4c842699d73efa,True,utf-8-sig,False
_GF1_WORK/FRESH/ARC1_LOCK/M3A_ARC1_COLLEAGUE_LOCKED_DEFINITIONS_R1_0/07_REPRODUCTION_QUICKSTART.md,.md,2767,0bcb2bc0636da00f8b192163cb25f81a4f18ac5c7c14c6e468df41191e81026f,True,utf-8-sig,False
_GF1_WORK/FRESH/ARC1_LOCK/M3A_ARC1_COLLEAGUE_LOCKED_DEFINITIONS_R1_0/08_SOURCE_PROVENANCE_AND_HASHES.md,.md,3707,5eb661e5a9e8454be4763598a59cec3c280f58c66402b64ba7be907f396c8ab2,True,utf-8-sig,False
_GF1_WORK/FRESH/ARC1_LOCK/M3A_ARC1_COLLEAGUE_LOCKED_DEFINITIONS_R1_0/09_CLAIM_STATUS_AND_OPEN_GAPS.md,.md,4129,128956390ad62bbf1578eb050d18dd9b58392e1f2f0f9f496ff96686b0f198c9,True,utf-8-sig,False
_GF1_WORK/FRESH/ARC1_LOCK/M3A_ARC1_COLLEAGUE_LOCKED_DEFINITIONS_R1_0/10_GLOSSARY.md,.md,2394,4ddfb67f69de603d8964847c8e3af5e58ccd81b10de498d711bef89b78fa2b16,True,utf-8-sig,False
_GF1_WORK/FRESH/ARC1_LOCK/M3A_ARC1_COLLEAGUE_LOCKED_DEFINITIONS_R1_0/11_QUESTION_TO_SOURCE_INDEX.md,.md,2229,12b535b256e9d6ba5bcf8b84c8763feee2d5e0baca4d755d78f4258c17675f4a,True,utf-8-sig,False
_GF1_WORK/FRESH/ARC1_LOCK/M3A_ARC1_COLLEAGUE_LOCKED_DEFINITIONS_R1_0/12_PRIOR_ART_CONTEXT.md,.md,2845,f864a615a5b03452bf0a51b587a5596bbf3b785c989b65f4cb879c180829d6ed,True,utf-8-sig,False
_GF1_WORK/FRESH/ARC1_LOCK/M3A_ARC1_COLLEAGUE_LOCKED_DEFINITIONS_R1_0/ARC1_LOCKED_DEFINITIONS_REFERENCE.pdf,.pdf,15578,07948d0d9b606db20874eed5941ade3dbc423782d96a94fafd199e8ccdc03444,False,,False
_GF1_WORK/FRESH/ARC1_LOCK/M3A_ARC1_COLLEAGUE_LOCKED_DEFINITIONS_R1_0/ARC1_LOCKED_DEFINITIONS_REFERENCE.tex,.tex,4184,bf2cea917307982c52845cba39a2dcd134aa2a95da2a18ecb6535c9e380aeb3d,True,utf-8-sig,False
_GF1_WORK/FRESH/ARC1_LOCK/M3A_ARC1_COLLEAGUE_LOCKED_DEFINITIONS_R1_0/BUILD_REFERENCE_PDF.py,.py,9516,37edd089a63e9ba265fa90cbe8e4bf18e39646e5ae9f3277b273320933f7439d,True,utf-8-sig,False
_GF1_WORK/FRESH/ARC1_LOCK/M3A_ARC1_COLLEAGUE_LOCKED_DEFINITIONS_R1_0/LOCKED_DEFINITIONS.json,.json,9710,6b12ac4b38476f6e83164580c35a8c75606a62c5c88463e7ae0797aaf1e36ab5,True,utf-8-sig,False
_GF1_WORK/FRESH/ARC1_LOCK/M3A_ARC1_COLLEAGUE_LOCKED_DEFINITIONS_R1_0/MANIFEST.sha256,.sha256,3785,1928b1c58da3d5d24f31edf91b21ecd33f1afcb38c9fdeb50ec44144b27eab19,False,,False
_GF1_WORK/FRESH/ARC1_LOCK/M3A_ARC1_COLLEAGUE_LOCKED_DEFINITIONS_R1_0/MINIMAL_REPRO/EXPECTED_OUTPUT.txt,.txt,263,0535cc9fe3bcf8d0513ed6880564b9a8f951068210c2e9b0da7ffc96d7cfd939,True,utf-8-sig,False
_GF1_WORK/FRESH/ARC1_LOCK/M3A_ARC1_COLLEAGUE_LOCKED_DEFINITIONS_R1_0/MINIMAL_REPRO/README.md,.md,839,3d8525f139d642ec7faa986f1249771effa4eab2097be942521a62ba6c688317,True,utf-8-sig,False
_GF1_WORK/FRESH/ARC1_LOCK/M3A_ARC1_COLLEAGUE_LOCKED_DEFINITIONS_R1_0/MINIMAL_REPRO/reproduce_key_claims.py,.py,3957,6241f2dadaab880bcf66a1db231013dce58adc0d9781efd81b91895d5bbadf7a,True,utf-8-sig,False
_GF1_WORK/FRESH/ARC1_LOCK/M3A_ARC1_COLLEAGUE_LOCKED_DEFINITIONS_R1_0/REPRODUCE.sh,.sh,111,a42c52b9bc8d290248093b736add0a571a053dfa66f5cf39263f90b6e4e8b949,True,utf-8-sig,False
_GF1_WORK/FRESH/ARC1_LOCK/M3A_ARC1_COLLEAGUE_LOCKED_DEFINITIONS_R1_0/SOURCES/ARC1/CLAIM_AND_NOVELTY_LEDGER.md,.md,1327,0de3033295e06312cb9cba2f277d104ad794794a184868f9e62111b708564980,False,,True
_GF1_WORK/FRESH/ARC1_LOCK/M3A_ARC1_COLLEAGUE_LOCKED_DEFINITIONS_R1_0/SOURCES/ARC1/EXACT_DARK_MOVING_ARC_THEOREM.tex,.tex,844,064cee0ce1899943b1cc4b7ce4df74099e2970c00255a173fd9371dbf05b734c,False,,True
_GF1_WORK/FRESH/ARC1_LOCK/M3A_ARC1_COLLEAGUE_LOCKED_DEFINITIONS_R1_0/SOURCES/ARC1/FALSIFIER_CERTIFICATE.md,.md,1171,45ea19a0dab49acacead15aa746ac4de092fee5c73f0625c739ec5123a027712,False,,True
_GF1_WORK/FRESH/ARC1_LOCK/M3A_ARC1_COLLEAGUE_LOCKED_DEFINITIONS_R1_0/SOURCES/ARC1/REPARAMETERISATION_LAWS.md,.md,800,64d83cc9118c29dd718669f3d19b2b67240a9bf6a5fe0c1f74658d6dfc1fdc0a,False,,True
_GF1_WORK/FRESH/ARC1_LOCK/M3A_ARC1_COLLEAGUE_LOCKED_DEFINITIONS_R1_0/SOURCES/ARC1/THREE_SCALE_SUPPORT_THEOREM.tex,.tex,2247,24e53623715f08b0f2c1ab577c17d77983d915c98dcb311ec1ec0e54d401c539,False,,True
_GF1_WORK/FRESH/ARC1_LOCK/M3A_ARC1_COLLEAGUE_LOCKED_DEFINITIONS_R1_0/SOURCES/ARC1/TIE_FACE_CANCELLATION_AND_NEXT_ORDER.tex,.tex,1104,a5c3400e7906e56b00c51628b531e2bf8f9835a2e51fc12c14b9b109916a5e81,False,,True
_GF1_WORK/FRESH/ARC1_LOCK/M3A_ARC1_COLLEAGUE_LOCKED_DEFINITIONS_R1_0/SOURCES/ARC1/TRANSFORMED_RESOLVENT_THREE_SCALE_THEOREM.tex,.tex,1055,761f0419f8772c1924c4c58975af433fb84d9275bcbc6a2d8ee330a78468db6b,False,,True
_GF1_WORK/FRESH/ARC1_LOCK/M3A_ARC1_COLLEAGUE_LOCKED_DEFINITIONS_R1_0/SOURCES/AUDITS/M3A_ARC1_FALSIFIER_AND_COLLEAGUE_REQUESTS_AUDIT_2026-08-01.md,.md,17601,a855e845cd1a278e8b16c16a63b44d0e7738eca8df80d4b48fa8acd925e244d5,False,,True
_GF1_WORK/FRESH/ARC1_LOCK/M3A_ARC1_COLLEAGUE_LOCKED_DEFINITIONS_R1_0/SOURCES/PROMPTS/WORKSTATION_ARC1_COLLEAGUE_CLARIFICATION_PATCH_PROMPT_R1_1.md,.md,17405,70bd48d7b21eb82f1c5db1f69ad47ea357f11c008b45a6df6656300ff5c64e9a,True,utf-8-sig,False
_GF1_WORK/FRESH/ARC1_LOCK/M3A_ARC1_COLLEAGUE_LOCKED_DEFINITIONS_R1_0/SOURCES/R1_2/M3A_Diagonal_Family_Trichotomy_Paper_R1_2.pdf,.pdf,374126,4135498db2f973d8c3dbd4f77b8ebc94c2f3ea8bfc11e9dd710ef694b65d3222,False,,False
_GF1_WORK/FRESH/ARC1_LOCK/M3A_ARC1_COLLEAGUE_LOCKED_DEFINITIONS_R1_0/SOURCES/R1_2/M3A_Diagonal_Family_Trichotomy_Paper_R1_2.tex,.tex,36123,c5e1d29848307e0b3852d962a6af843499524377ff72c97b647af03052e35009,False,,True
_GF1_WORK/FRESH/ARC1_LOCK/M3A_ARC1_COLLEAGUE_LOCKED_DEFINITIONS_R1_0/SOURCES/SCRIPTS/CODE_PRIMARY/moving_direction_series.py,.py,5556,be49fd7cb0dccdf198a2b25e3152e780b53ab628fcc33ac5eded6314fd39b5f2,False,,True
_GF1_WORK/FRESH/ARC1_LOCK/M3A_ARC1_COLLEAGUE_LOCKED_DEFINITIONS_R1_0/VERIFY_PACKAGE.py,.py,4490,631f6e6e0063d5f411a8f38d2f604679c21d24e4223b0d0fa0031d5c829123a7,True,utf-8-sig,False
_GF1_WORK/FRESH/EA1/M3A_ENDPOINT_ACCESS_WORD_SUPPORT_EA1_R1_1/ASSUMPTIONS_AND_SCOPE_LOCK.md,.md,2407,1d88e3039b9f4c0daa1819facd79e4405e90eba4952664a03649d900c242c33e,False,,True
_GF1_WORK/FRESH/EA1/M3A_ENDPOINT_ACCESS_WORD_SUPPORT_EA1_R1_1/BASELINE_ORDER_ZERO_FIREWALL.md,.md,718,113df4631f378926907045b13110f8c51bd5be4163df2c770eacf9938d2de0f3,False,,True
_GF1_WORK/FRESH/EA1/M3A_ENDPOINT_ACCESS_WORD_SUPPORT_EA1_R1_1/CLAIM_AND_NOVELTY_LEDGER.md,.md,2082,09937b0dafa419639df930be5ba84bbf4b04fc6e041bce31f50b5cef7fc5f2e5,False,,True
_GF1_WORK/FRESH/EA1/M3A_ENDPOINT_ACCESS_WORD_SUPPORT_EA1_R1_1/CODE_INDEPENDENT_A/formal_automaton.py,.py,3211,9aa9940828a541365668e70917b67e4d962816d6e1a6e0fb0faaad1144bb09a8,False,,True
_GF1_WORK/FRESH/EA1/M3A_ENDPOINT_ACCESS_WORD_SUPPORT_EA1_R1_1/CODE_INDEPENDENT_B/polynomial_matrix.py,.py,3405,0d85f4b1add61ddc9cb98be09ed791de23810c185b2e79c2acbe111a2cbf3159,False,,True
_GF1_WORK/FRESH/EA1/M3A_ENDPOINT_ACCESS_WORD_SUPPORT_EA1_R1_1/CODE_PRIMARY/canonical_io.py,.py,1435,efd0d73d61fcebcd78a73498d11a9f48d0f74ddffc9e768e580f765961baa34b,False,,True
_GF1_WORK/FRESH/EA1/M3A_ENDPOINT_ACCESS_WORD_SUPPORT_EA1_R1_1/CODE_PRIMARY/ea1_primary.py,.py,17884,35fa0b719e0dfa8bb7ca34cf68539b3c9dd577dee79f2132e8d5185ca5da7edc,False,,True
_GF1_WORK/FRESH/EA1/M3A_ENDPOINT_ACCESS_WORD_SUPPORT_EA1_R1_1/CODE_PRIMARY/krylov_depths.py,.py,3512,9c9a970f8c5317cab43bf5155f47661a2936ee5c26e68560f47a2634644ae8a5,False,,True
_GF1_WORK/FRESH/EA1/M3A_ENDPOINT_ACCESS_WORD_SUPPORT_EA1_R1_1/CODE_PRIMARY/seal_package.py,.py,3690,1385e67c838bb044597f64440afeb3db5a387aebe4de5ceec50b62e782cb9d2e,False,,True
_GF1_WORK/FRESH/EA1/M3A_ENDPOINT_ACCESS_WORD_SUPPORT_EA1_R1_1/CODE_PRIMARY/verify_package.py,.py,8625,0631d5f33f086ec613fa6c550831a5161ff6457bc6874a6fdcabf47308ab80e5,False,,True
_GF1_WORK/FRESH/EA1/M3A_ENDPOINT_ACCESS_WORD_SUPPORT_EA1_R1_1/CODE_PRIMARY/verify_release.py,.py,4080,93dd86d3d01fa27eed0a2161b09c965effc4a608624873595ce92bae7b712697,False,,True
_GF1_WORK/FRESH/EA1/M3A_ENDPOINT_ACCESS_WORD_SUPPORT_EA1_R1_1/COMPARISON_POLICY.json,.json,1046,4e9ddb583625b6aaf579d362e097598e187162a914c1a3f5f0d8e9d6eb90348d,False,,True
_GF1_WORK/FRESH/EA1/M3A_ENDPOINT_ACCESS_WORD_SUPPORT_EA1_R1_1/COUNTEREXAMPLES_AND_CONTROLS.md,.md,9345,b60b85360e0741a66a0eee0a1e9afa754fa068c69c239cbfb335a6848f09651a,False,,True
_GF1_WORK/FRESH/EA1/M3A_ENDPOINT_ACCESS_WORD_SUPPORT_EA1_R1_1/DATA/independent_automaton.json,.json,538,7bd3181b77f79d61d43ae545394d876da5bd185a213651fb1a030bd6be3c69b7,False,,True
_GF1_WORK/FRESH/EA1/M3A_ENDPOINT_ACCESS_WORD_SUPPORT_EA1_R1_1/DATA/independent_javascript.json,.json,1442,bc81dffff29d5d797ee4626a1ba8ba33db281105ccf40c6a70caac1de6dc72de,False,,True
_GF1_WORK/FRESH/EA1/M3A_ENDPOINT_ACCESS_WORD_SUPPORT_EA1_R1_1/DATA/independent_polynomial.json,.json,523,5b17e3d942fc9c10ea37ef6de504e2e08f9e25795e60a9cec1b8017300e783b1,False,,True
_GF1_WORK/FRESH/EA1/M3A_ENDPOINT_ACCESS_WORD_SUPPORT_EA1_R1_1/DATA/krylov_certificate.json,.json,2391,6c81051167fc1b329409f08aece47b837448c43ec1d3d5f16a30e261a16615a4,False,,True
_GF1_WORK/FRESH/EA1/M3A_ENDPOINT_ACCESS_WORD_SUPPORT_EA1_R1_1/DATA/primary_exact.json,.json,24567,c444bf5a2b3e24456c8b9bdb4a496d5893097017aca9b6738b84ebe91a78d575,False,,True
_GF1_WORK/FRESH/EA1/M3A_ENDPOINT_ACCESS_WORD_SUPPORT_EA1_R1_1/DATA/random_census.json,.json,1015128,497c876e14257d5724bbb5649080c8a163c72d2106c9e909b56e2b6c5e1320a0,False,,True
_GF1_WORK/FRESH/EA1/M3A_ENDPOINT_ACCESS_WORD_SUPPORT_EA1_R1_1/DEFINITIONS_AND_INDEXING.md,.md,1359,81f621b5a15389c934a90f03b6b693acbced645c9109791d476963fd6a1bcf13,False,,True
_GF1_WORK/FRESH/EA1/M3A_ENDPOINT_ACCESS_WORD_SUPPORT_EA1_R1_1/EA1_EXACT_CERTIFICATES.json,.json,24567,c444bf5a2b3e24456c8b9bdb4a496d5893097017aca9b6738b84ebe91a78d575,False,,True
_GF1_WORK/FRESH/EA1/M3A_ENDPOINT_ACCESS_WORD_SUPPORT_EA1_R1_1/EA1_R1_1_RELEASE_REPAIR_REPORT.md,.md,2274,bd322f69710fab8439607081a3556ff69d10c9606684602eade82704659f7f1a,False,,True
_GF1_WORK/FRESH/EA1/M3A_ENDPOINT_ACCESS_WORD_SUPPORT_EA1_R1_1/EA1_RANDOM_CENSUS.json,.json,1015128,497c876e14257d5724bbb5649080c8a163c72d2106c9e909b56e2b6c5e1320a0,False,,True
_GF1_WORK/FRESH/EA1/M3A_ENDPOINT_ACCESS_WORD_SUPPORT_EA1_R1_1/ENDPOINT_ACCESS_DEPTHS.md,.md,1951,41473f2216e712a3e7ab98044913bce0be7aad8af779e158eed5518b8e7db96c,False,,True
_GF1_WORK/FRESH/EA1/M3A_ENDPOINT_ACCESS_WORD_SUPPORT_EA1_R1_1/ENVIRONMENT_SPECIFICATION.txt,.txt,966,5bb3e6901f6b15f2fbac49a75e55c982ef5766cbac9be89328463701401135e0,False,,True
_GF1_WORK/FRESH/EA1/M3A_ENDPOINT_ACCESS_WORD_SUPPORT_EA1_R1_1/EQUALITY_SHARPNESS_AND_CANCELLATION_THEOREM.tex,.tex,2357,8c8c1e68bc354f67342cb1c4b73099418391372ad135010a18344e10de2ce8d1,False,,True
_GF1_WORK/FRESH/EA1/M3A_ENDPOINT_ACCESS_WORD_SUPPORT_EA1_R1_1/EXPECTED/independent_automaton.json,.json,538,7bd3181b77f79d61d43ae545394d876da5bd185a213651fb1a030bd6be3c69b7,False,,True
_GF1_WORK/FRESH/EA1/M3A_ENDPOINT_ACCESS_WORD_SUPPORT_EA1_R1_1/EXPECTED/independent_javascript.json,.json,1442,bc81dffff29d5d797ee4626a1ba8ba33db281105ccf40c6a70caac1de6dc72de,False,,True
_GF1_WORK/FRESH/EA1/M3A_ENDPOINT_ACCESS_WORD_SUPPORT_EA1_R1_1/EXPECTED/independent_polynomial.json,.json,523,5b17e3d942fc9c10ea37ef6de504e2e08f9e25795e60a9cec1b8017300e783b1,False,,True
_GF1_WORK/FRESH/EA1/M3A_ENDPOINT_ACCESS_WORD_SUPPORT_EA1_R1_1/EXPECTED/krylov_certificate.json,.json,2391,6c81051167fc1b329409f08aece47b837448c43ec1d3d5f16a30e261a16615a4,False,,True
_GF1_WORK/FRESH/EA1/M3A_ENDPOINT_ACCESS_WORD_SUPPORT_EA1_R1_1/EXPECTED/primary_exact.json,.json,24567,c444bf5a2b3e24456c8b9bdb4a496d5893097017aca9b6738b84ebe91a78d575,False,,True
_GF1_WORK/FRESH/EA1/M3A_ENDPOINT_ACCESS_WORD_SUPPORT_EA1_R1_1/EXPECTED/random_census.json,.json,1015128,497c876e14257d5724bbb5649080c8a163c72d2106c9e909b56e2b6c5e1320a0,False,,True
_GF1_WORK/FRESH/EA1/M3A_ENDPOINT_ACCESS_WORD_SUPPORT_EA1_R1_1/EXPECTED_CANONICAL.sha256,.sha256,778,ee950ed4b4cb0ba3a510c4b463b55b3d9529d4bcb94a3288cec1d1a05ab5852d,False,,False
_GF1_WORK/FRESH/EA1/M3A_ENDPOINT_ACCESS_WORD_SUPPORT_EA1_R1_1/FAILURE_LEDGER.md,.md,1269,920bc90e2255e74096e340ad450713f24da67f565cf3afcc79accba88a9fe8fc,False,,True
_GF1_WORK/FRESH/EA1/M3A_ENDPOINT_ACCESS_WORD_SUPPORT_EA1_R1_1/FINAL_EA1_REPORT.md,.md,8530,7bd37b5808f34196b2458e91cfb0d6235e126c0ced59e085630fe87bee887034,False,,True
_GF1_WORK/FRESH/EA1/M3A_ENDPOINT_ACCESS_WORD_SUPPORT_EA1_R1_1/FINITE_ENDPOINT_DEPTH_CERTIFICATE.tex,.tex,2667,c17f2799a643017cb883b1d13851ff341a0019335cac782a912b1624b9d042e2,False,,True
_GF1_WORK/FRESH/EA1/M3A_ENDPOINT_ACCESS_WORD_SUPPORT_EA1_R1_1/INPUT_ARCHIVES.sha256,.sha256,558,ca6e8ca0aeb530980b4883817f4ac99a7f2306ed6e726aee4e1778790979a638,False,,False
_GF1_WORK/FRESH/EA1/M3A_ENDPOINT_ACCESS_WORD_SUPPORT_EA1_R1_1/INPUTS/_ARC1_CORRECTED_WORK.zip,.zip,71692325,,False,,False
_GF1_WORK/FRESH/EA1/M3A_ENDPOINT_ACCESS_WORD_SUPPORT_EA1_R1_1/INPUTS/_NP1_WORK.zip,.zip,71007853,,False,,False
_GF1_WORK/FRESH/EA1/M3A_ENDPOINT_ACCESS_WORD_SUPPORT_EA1_R1_1/INPUTS/M3A_Diagonal_Family_Trichotomy_Paper_R1_2.pdf,.pdf,374126,4135498db2f973d8c3dbd4f77b8ebc94c2f3ea8bfc11e9dd710ef694b65d3222,False,,False
_GF1_WORK/FRESH/EA1/M3A_ENDPOINT_ACCESS_WORD_SUPPORT_EA1_R1_1/INPUTS/M3A_Diagonal_Family_Trichotomy_Paper_R1_2.tex,.tex,36123,c5e1d29848307e0b3852d962a6af843499524377ff72c97b647af03052e35009,False,,True
_GF1_WORK/FRESH/EA1/M3A_ENDPOINT_ACCESS_WORD_SUPPORT_EA1_R1_1/INPUTS/WORKSTATION_EA1_ENDPOINT_ACCESS_WORD_SUPPORT_MASTER_PROMPT.md,.md,21411,45de20c3e12cd0526195fb009f0b0fa6baa3a0071b15292950d726bb61b871a3,False,,True
_GF1_WORK/FRESH/EA1/M3A_ENDPOINT_ACCESS_WORD_SUPPORT_EA1_R1_1/LABEL_SENSITIVE_ENDPOINT_SUPPORT_THEOREM.tex,.tex,1248,f489bb9f784d1ac2404ebf2c6c8d7cff92dad21acac6f410c75558cc1c9e94f2,False,,True
_GF1_WORK/FRESH/EA1/M3A_ENDPOINT_ACCESS_WORD_SUPPORT_EA1_R1_1/MANIFEST.sha256,.sha256,6573,e87ba52c1a77d4dcad1ae1be79c1cc26043be1cd4c4fb9840c9104a74d12d8c6,False,,False
_GF1_WORK/FRESH/EA1/M3A_ENDPOINT_ACCESS_WORD_SUPPORT_EA1_R1_1/MANIFEST_POLICY.md,.md,1111,d471c373d4783895c8f08b908e41f1e1a36b37bd3935cd3ca5ce3f57f1151d8b,False,,True
_GF1_WORK/FRESH/EA1/M3A_ENDPOINT_ACCESS_WORD_SUPPORT_EA1_R1_1/MATRIX_PORT_AND_ENTRYWISE_EXTENSION.tex,.tex,2141,30bc863586874ed1beb9192c23c8b2ff9faf41a3f6561d693d57d2ef51890c4f,False,,True
_GF1_WORK/FRESH/EA1/M3A_ENDPOINT_ACCESS_WORD_SUPPORT_EA1_R1_1/MULTIINDEX_ENDPOINT_SUPPORT_COROLLARY.tex,.tex,1839,321de218834706c6931563b1e1237d3048d2dcf44c549461fc4069181ceaf3ac,False,,True
_GF1_WORK/FRESH/EA1/M3A_ENDPOINT_ACCESS_WORD_SUPPORT_EA1_R1_1/NONCOMMUTATIVE_WORD_COEFFICIENT_FORMULA.tex,.tex,2603,41dd8129becc2a0b9e43682b6e7a09983ac121290e16e0346271b4f0861ddd92,False,,True
_GF1_WORK/FRESH/EA1/M3A_ENDPOINT_ACCESS_WORD_SUPPORT_EA1_R1_1/PB1_HANDOFF.md,.md,727,9a2a1e223cdf720e66f0a350e8ccd4ac40541345961f2df6929fac4ab6d895d0,False,,True
_GF1_WORK/FRESH/EA1/M3A_ENDPOINT_ACCESS_WORD_SUPPORT_EA1_R1_1/PRIOR_ART_AUDIT.md,.md,4397,bcb26ecc3588320d95e91b19ecab71401a40feda041f60d61d622b6babb6a998,False,,True
_GF1_WORK/FRESH/EA1/M3A_ENDPOINT_ACCESS_WORD_SUPPORT_EA1_R1_1/R1_2_ENDPOINT_LEMMA_RECOVERY.md,.md,1032,1ba8d8985288ee0704004f2fa8b2b08b4d0fee166e299662142dc446848ceff3,False,,True
_GF1_WORK/FRESH/EA1/M3A_ENDPOINT_ACCESS_WORD_SUPPORT_EA1_R1_1/RELEASE_PROVENANCE.json,.json,1655,6f1cdee77dfff1e5cb347efbad47697fa7070857f0110a616fd1933f780b32d7,False,,True
_GF1_WORK/FRESH/EA1/M3A_ENDPOINT_ACCESS_WORD_SUPPORT_EA1_R1_1/REPAIR_EVIDENCE/ALLOWED_CHANGE_LIST.md,.md,1736,2254840983994d5dfa677b7e12c8220dedb34b0340b28531f0bb497f6d4bf748,False,,True
_GF1_WORK/FRESH/EA1/M3A_ENDPOINT_ACCESS_WORD_SUPPORT_EA1_R1_1/REPAIR_EVIDENCE/BEFORE_AFTER_FILE_DIFF.json,.json,22261,c61c0b7d005600b145658fadccaf35c52d281256a7179806e5b9e8cc3c4ffdbb,False,,True
_GF1_WORK/FRESH/EA1/M3A_ENDPOINT_ACCESS_WORD_SUPPORT_EA1_R1_1/REPAIR_EVIDENCE/BEFORE_REPAIR_AUDIT.md,.md,2918,82709e13a0ff3c087021bd3b2e955f5bcbe987861261a39b9a91fb0f6fc77550,False,,True
_GF1_WORK/FRESH/EA1/M3A_ENDPOINT_ACCESS_WORD_SUPPORT_EA1_R1_1/REPAIR_EVIDENCE/BEFORE_REPAIR_HASHES.sha256,.sha256,5079,d54bf81c40975ae941717da833d60d1b886f8db7f28814c9e40f99fd1b8fdffd,False,,False
_GF1_WORK/FRESH/EA1/M3A_ENDPOINT_ACCESS_WORD_SUPPORT_EA1_R1_1/REPAIR_EVIDENCE/BEFORE_REPAIR_NEWLINES.json,.json,23861,2feffc96158b373226926fec8cbb8d3d59fd9428aba51a600703e1cccc1bec13,False,,True
_GF1_WORK/FRESH/EA1/M3A_ENDPOINT_ACCESS_WORD_SUPPORT_EA1_R1_1/REPAIR_EVIDENCE/DETERMINISM_TESTS.md,.md,1579,6b94903b1a2653bb5c53f3f407d0b873646034653ff5d85f18cf28aa5db3e1c8,False,,True
_GF1_WORK/FRESH/EA1/M3A_ENDPOINT_ACCESS_WORD_SUPPORT_EA1_R1_1/REPAIR_EVIDENCE/DETERMINISTIC_ZIP_HASHES.json,.json,2072,c05b521069f8303aec8e4c3c99b425d419322f6e8e6a58fda80d8dcf828138c3,False,,True
_GF1_WORK/FRESH/EA1/M3A_ENDPOINT_ACCESS_WORD_SUPPORT_EA1_R1_1/REPAIR_EVIDENCE/JSON_SEMANTIC_EQUIVALENCE.json,.json,5698,0cb2a7ae750f88253ace0339e23e8417416d25849dea5f2a27b5c293dcf51690,False,,True
_GF1_WORK/FRESH/EA1/M3A_ENDPOINT_ACCESS_WORD_SUPPORT_EA1_R1_1/REPAIR_EVIDENCE/REPAIR_CHANGELOG.md,.md,637,2dc29998bcaafb3d9b855d9f7091be7ca519fc0e7edca76e3c30e746d3de5f4e,False,,True
_GF1_WORK/FRESH/EA1/M3A_ENDPOINT_ACCESS_WORD_SUPPORT_EA1_R1_1/REPAIR_EVIDENCE/SIDECAR_VERIFICATION.json,.json,789,b73b3218d862f10d22c857296c26a2b33d1802112e1feeb0dc0dd55c78342e75,False,,True
_GF1_WORK/FRESH/EA1/M3A_ENDPOINT_ACCESS_WORD_SUPPORT_EA1_R1_1/REPAIR_EVIDENCE/UNCHANGED_SCIENTIFIC_FILES.sha256,.sha256,2328,404b3fa2d7ba846fb0db2784f99116731bf6f1c68e78f4c63d9cc20e0a0f87f7,False,,False
_GF1_WORK/FRESH/EA1/M3A_ENDPOINT_ACCESS_WORD_SUPPORT_EA1_R1_1/REPRODUCE.sh,.sh,882,75abfbabe747ec2cf360eb67599f2b87ed4958b29d19256b0333baa603293d3d,False,,True
_GF1_WORK/FRESH/EA1/M3A_ENDPOINT_ACCESS_WORD_SUPPORT_EA1_R1_1/REPRODUCIBILITY_PROTOCOL.md,.md,1130,cf15120636f6c5ca0bab3c698bad5ea53b1435d16d11761f4a6a04cb0b5d1ab8,False,,True
_GF1_WORK/FRESH/EA1/M3A_ENDPOINT_ACCESS_WORD_SUPPORT_EA1_R1_1/TIME_AND_TRANSFORMED_RESOLVENT_COROLLARY.tex,.tex,1416,83323b47834abed818f1f4646871b6d89a92a6cb041867595ae03a6d67227848,False,,True
_GF1_WORK/FRESH/EA1_CLEAN/M3A_ENDPOINT_ACCESS_WORD_SUPPORT_EA1_R1_1/ASSUMPTIONS_AND_SCOPE_LOCK.md,.md,2407,1d88e3039b9f4c0daa1819facd79e4405e90eba4952664a03649d900c242c33e,False,,True
_GF1_WORK/FRESH/EA1_CLEAN/M3A_ENDPOINT_ACCESS_WORD_SUPPORT_EA1_R1_1/BASELINE_ORDER_ZERO_FIREWALL.md,.md,718,113df4631f378926907045b13110f8c51bd5be4163df2c770eacf9938d2de0f3,False,,True
_GF1_WORK/FRESH/EA1_CLEAN/M3A_ENDPOINT_ACCESS_WORD_SUPPORT_EA1_R1_1/CLAIM_AND_NOVELTY_LEDGER.md,.md,2082,09937b0dafa419639df930be5ba84bbf4b04fc6e041bce31f50b5cef7fc5f2e5,False,,True
_GF1_WORK/FRESH/EA1_CLEAN/M3A_ENDPOINT_ACCESS_WORD_SUPPORT_EA1_R1_1/CODE_INDEPENDENT_A/formal_automaton.py,.py,3211,9aa9940828a541365668e70917b67e4d962816d6e1a6e0fb0faaad1144bb09a8,False,,True
_GF1_WORK/FRESH/EA1_CLEAN/M3A_ENDPOINT_ACCESS_WORD_SUPPORT_EA1_R1_1/CODE_INDEPENDENT_B/polynomial_matrix.py,.py,3405,0d85f4b1add61ddc9cb98be09ed791de23810c185b2e79c2acbe111a2cbf3159,False,,True
_GF1_WORK/FRESH/EA1_CLEAN/M3A_ENDPOINT_ACCESS_WORD_SUPPORT_EA1_R1_1/CODE_PRIMARY/canonical_io.py,.py,1435,efd0d73d61fcebcd78a73498d11a9f48d0f74ddffc9e768e580f765961baa34b,False,,True
_GF1_WORK/FRESH/EA1_CLEAN/M3A_ENDPOINT_ACCESS_WORD_SUPPORT_EA1_R1_1/CODE_PRIMARY/ea1_primary.py,.py,17884,35fa0b719e0dfa8bb7ca34cf68539b3c9dd577dee79f2132e8d5185ca5da7edc,False,,True
_GF1_WORK/FRESH/EA1_CLEAN/M3A_ENDPOINT_ACCESS_WORD_SUPPORT_EA1_R1_1/CODE_PRIMARY/krylov_depths.py,.py,3512,9c9a970f8c5317cab43bf5155f47661a2936ee5c26e68560f47a2634644ae8a5,False,,True
_GF1_WORK/FRESH/EA1_CLEAN/M3A_ENDPOINT_ACCESS_WORD_SUPPORT_EA1_R1_1/CODE_PRIMARY/seal_package.py,.py,3690,1385e67c838bb044597f64440afeb3db5a387aebe4de5ceec50b62e782cb9d2e,False,,True
_GF1_WORK/FRESH/EA1_CLEAN/M3A_ENDPOINT_ACCESS_WORD_SUPPORT_EA1_R1_1/CODE_PRIMARY/verify_package.py,.py,8625,0631d5f33f086ec613fa6c550831a5161ff6457bc6874a6fdcabf47308ab80e5,False,,True
_GF1_WORK/FRESH/EA1_CLEAN/M3A_ENDPOINT_ACCESS_WORD_SUPPORT_EA1_R1_1/CODE_PRIMARY/verify_release.py,.py,4080,93dd86d3d01fa27eed0a2161b09c965effc4a608624873595ce92bae7b712697,False,,True
_GF1_WORK/FRESH/EA1_CLEAN/M3A_ENDPOINT_ACCESS_WORD_SUPPORT_EA1_R1_1/COMPARISON_POLICY.json,.json,1046,4e9ddb583625b6aaf579d362e097598e187162a914c1a3f5f0d8e9d6eb90348d,False,,True
_GF1_WORK/FRESH/EA1_CLEAN/M3A_ENDPOINT_ACCESS_WORD_SUPPORT_EA1_R1_1/COUNTEREXAMPLES_AND_CONTROLS.md,.md,9345,b60b85360e0741a66a0eee0a1e9afa754fa068c69c239cbfb335a6848f09651a,False,,True
_GF1_WORK/FRESH/EA1_CLEAN/M3A_ENDPOINT_ACCESS_WORD_SUPPORT_EA1_R1_1/DATA/independent_automaton.json,.json,538,7bd3181b77f79d61d43ae545394d876da5bd185a213651fb1a030bd6be3c69b7,False,,True
_GF1_WORK/FRESH/EA1_CLEAN/M3A_ENDPOINT_ACCESS_WORD_SUPPORT_EA1_R1_1/DATA/independent_javascript.json,.json,1442,bc81dffff29d5d797ee4626a1ba8ba33db281105ccf40c6a70caac1de6dc72de,False,,True
_GF1_WORK/FRESH/EA1_CLEAN/M3A_ENDPOINT_ACCESS_WORD_SUPPORT_EA1_R1_1/DATA/independent_polynomial.json,.json,523,5b17e3d942fc9c10ea37ef6de504e2e08f9e25795e60a9cec1b8017300e783b1,False,,True
_GF1_WORK/FRESH/EA1_CLEAN/M3A_ENDPOINT_ACCESS_WORD_SUPPORT_EA1_R1_1/DATA/krylov_certificate.json,.json,2391,6c81051167fc1b329409f08aece47b837448c43ec1d3d5f16a30e261a16615a4,False,,True
_GF1_WORK/FRESH/EA1_CLEAN/M3A_ENDPOINT_ACCESS_WORD_SUPPORT_EA1_R1_1/DATA/primary_exact.json,.json,24567,c444bf5a2b3e24456c8b9bdb4a496d5893097017aca9b6738b84ebe91a78d575,False,,True
_GF1_WORK/FRESH/EA1_CLEAN/M3A_ENDPOINT_ACCESS_WORD_SUPPORT_EA1_R1_1/DATA/random_census.json,.json,1015128,497c876e14257d5724bbb5649080c8a163c72d2106c9e909b56e2b6c5e1320a0,False,,True
_GF1_WORK/FRESH/EA1_CLEAN/M3A_ENDPOINT_ACCESS_WORD_SUPPORT_EA1_R1_1/DEFINITIONS_AND_INDEXING.md,.md,1359,81f621b5a15389c934a90f03b6b693acbced645c9109791d476963fd6a1bcf13,False,,True
_GF1_WORK/FRESH/EA1_CLEAN/M3A_ENDPOINT_ACCESS_WORD_SUPPORT_EA1_R1_1/EA1_EXACT_CERTIFICATES.json,.json,24567,c444bf5a2b3e24456c8b9bdb4a496d5893097017aca9b6738b84ebe91a78d575,False,,True
_GF1_WORK/FRESH/EA1_CLEAN/M3A_ENDPOINT_ACCESS_WORD_SUPPORT_EA1_R1_1/EA1_R1_1_RELEASE_REPAIR_REPORT.md,.md,2274,bd322f69710fab8439607081a3556ff69d10c9606684602eade82704659f7f1a,False,,True
_GF1_WORK/FRESH/EA1_CLEAN/M3A_ENDPOINT_ACCESS_WORD_SUPPORT_EA1_R1_1/EA1_RANDOM_CENSUS.json,.json,1015128,497c876e14257d5724bbb5649080c8a163c72d2106c9e909b56e2b6c5e1320a0,False,,True
_GF1_WORK/FRESH/EA1_CLEAN/M3A_ENDPOINT_ACCESS_WORD_SUPPORT_EA1_R1_1/ENDPOINT_ACCESS_DEPTHS.md,.md,1951,41473f2216e712a3e7ab98044913bce0be7aad8af779e158eed5518b8e7db96c,False,,True
_GF1_WORK/FRESH/EA1_CLEAN/M3A_ENDPOINT_ACCESS_WORD_SUPPORT_EA1_R1_1/ENVIRONMENT_SPECIFICATION.txt,.txt,966,5bb3e6901f6b15f2fbac49a75e55c982ef5766cbac9be89328463701401135e0,False,,True
_GF1_WORK/FRESH/EA1_CLEAN/M3A_ENDPOINT_ACCESS_WORD_SUPPORT_EA1_R1_1/EQUALITY_SHARPNESS_AND_CANCELLATION_THEOREM.tex,.tex,2357,8c8c1e68bc354f67342cb1c4b73099418391372ad135010a18344e10de2ce8d1,False,,True
_GF1_WORK/FRESH/EA1_CLEAN/M3A_ENDPOINT_ACCESS_WORD_SUPPORT_EA1_R1_1/EXPECTED/independent_automaton.json,.json,538,7bd3181b77f79d61d43ae545394d876da5bd185a213651fb1a030bd6be3c69b7,False,,True
_GF1_WORK/FRESH/EA1_CLEAN/M3A_ENDPOINT_ACCESS_WORD_SUPPORT_EA1_R1_1/EXPECTED/independent_javascript.json,.json,1442,bc81dffff29d5d797ee4626a1ba8ba33db281105ccf40c6a70caac1de6dc72de,False,,True
_GF1_WORK/FRESH/EA1_CLEAN/M3A_ENDPOINT_ACCESS_WORD_SUPPORT_EA1_R1_1/EXPECTED/independent_polynomial.json,.json,523,5b17e3d942fc9c10ea37ef6de504e2e08f9e25795e60a9cec1b8017300e783b1,False,,True
_GF1_WORK/FRESH/EA1_CLEAN/M3A_ENDPOINT_ACCESS_WORD_SUPPORT_EA1_R1_1/EXPECTED/krylov_certificate.json,.json,2391,6c81051167fc1b329409f08aece47b837448c43ec1d3d5f16a30e261a16615a4,False,,True
_GF1_WORK/FRESH/EA1_CLEAN/M3A_ENDPOINT_ACCESS_WORD_SUPPORT_EA1_R1_1/EXPECTED/primary_exact.json,.json,24567,c444bf5a2b3e24456c8b9bdb4a496d5893097017aca9b6738b84ebe91a78d575,False,,True
_GF1_WORK/FRESH/EA1_CLEAN/M3A_ENDPOINT_ACCESS_WORD_SUPPORT_EA1_R1_1/EXPECTED/random_census.json,.json,1015128,497c876e14257d5724bbb5649080c8a163c72d2106c9e909b56e2b6c5e1320a0,False,,True
_GF1_WORK/FRESH/EA1_CLEAN/M3A_ENDPOINT_ACCESS_WORD_SUPPORT_EA1_R1_1/EXPECTED_CANONICAL.sha256,.sha256,778,ee950ed4b4cb0ba3a510c4b463b55b3d9529d4bcb94a3288cec1d1a05ab5852d,False,,False
_GF1_WORK/FRESH/EA1_CLEAN/M3A_ENDPOINT_ACCESS_WORD_SUPPORT_EA1_R1_1/FAILURE_LEDGER.md,.md,1269,920bc90e2255e74096e340ad450713f24da67f565cf3afcc79accba88a9fe8fc,False,,True
_GF1_WORK/FRESH/EA1_CLEAN/M3A_ENDPOINT_ACCESS_WORD_SUPPORT_EA1_R1_1/FINAL_EA1_REPORT.md,.md,8530,7bd37b5808f34196b2458e91cfb0d6235e126c0ced59e085630fe87bee887034,False,,True
_GF1_WORK/FRESH/EA1_CLEAN/M3A_ENDPOINT_ACCESS_WORD_SUPPORT_EA1_R1_1/FINITE_ENDPOINT_DEPTH_CERTIFICATE.tex,.tex,2667,c17f2799a643017cb883b1d13851ff341a0019335cac782a912b1624b9d042e2,False,,True
_GF1_WORK/FRESH/EA1_CLEAN/M3A_ENDPOINT_ACCESS_WORD_SUPPORT_EA1_R1_1/INPUT_ARCHIVES.sha256,.sha256,558,ca6e8ca0aeb530980b4883817f4ac99a7f2306ed6e726aee4e1778790979a638,False,,False
_GF1_WORK/FRESH/EA1_CLEAN/M3A_ENDPOINT_ACCESS_WORD_SUPPORT_EA1_R1_1/INPUTS/_ARC1_CORRECTED_WORK.zip,.zip,71692325,,False,,False
_GF1_WORK/FRESH/EA1_CLEAN/M3A_ENDPOINT_ACCESS_WORD_SUPPORT_EA1_R1_1/INPUTS/_NP1_WORK.zip,.zip,71007853,,False,,False
_GF1_WORK/FRESH/EA1_CLEAN/M3A_ENDPOINT_ACCESS_WORD_SUPPORT_EA1_R1_1/INPUTS/M3A_Diagonal_Family_Trichotomy_Paper_R1_2.pdf,.pdf,374126,4135498db2f973d8c3dbd4f77b8ebc94c2f3ea8bfc11e9dd710ef694b65d3222,False,,False
_GF1_WORK/FRESH/EA1_CLEAN/M3A_ENDPOINT_ACCESS_WORD_SUPPORT_EA1_R1_1/INPUTS/M3A_Diagonal_Family_Trichotomy_Paper_R1_2.tex,.tex,36123,c5e1d29848307e0b3852d962a6af843499524377ff72c97b647af03052e35009,False,,True
_GF1_WORK/FRESH/EA1_CLEAN/M3A_ENDPOINT_ACCESS_WORD_SUPPORT_EA1_R1_1/INPUTS/WORKSTATION_EA1_ENDPOINT_ACCESS_WORD_SUPPORT_MASTER_PROMPT.md,.md,21411,45de20c3e12cd0526195fb009f0b0fa6baa3a0071b15292950d726bb61b871a3,False,,True
_GF1_WORK/FRESH/EA1_CLEAN/M3A_ENDPOINT_ACCESS_WORD_SUPPORT_EA1_R1_1/LABEL_SENSITIVE_ENDPOINT_SUPPORT_THEOREM.tex,.tex,1248,f489bb9f784d1ac2404ebf2c6c8d7cff92dad21acac6f410c75558cc1c9e94f2,False,,True
_GF1_WORK/FRESH/EA1_CLEAN/M3A_ENDPOINT_ACCESS_WORD_SUPPORT_EA1_R1_1/MANIFEST.sha256,.sha256,6573,e87ba52c1a77d4dcad1ae1be79c1cc26043be1cd4c4fb9840c9104a74d12d8c6,False,,False
_GF1_WORK/FRESH/EA1_CLEAN/M3A_ENDPOINT_ACCESS_WORD_SUPPORT_EA1_R1_1/MANIFEST_POLICY.md,.md,1111,d471c373d4783895c8f08b908e41f1e1a36b37bd3935cd3ca5ce3f57f1151d8b,False,,True
_GF1_WORK/FRESH/EA1_CLEAN/M3A_ENDPOINT_ACCESS_WORD_SUPPORT_EA1_R1_1/MATRIX_PORT_AND_ENTRYWISE_EXTENSION.tex,.tex,2141,30bc863586874ed1beb9192c23c8b2ff9faf41a3f6561d693d57d2ef51890c4f,False,,True
_GF1_WORK/FRESH/EA1_CLEAN/M3A_ENDPOINT_ACCESS_WORD_SUPPORT_EA1_R1_1/MULTIINDEX_ENDPOINT_SUPPORT_COROLLARY.tex,.tex,1839,321de218834706c6931563b1e1237d3048d2dcf44c549461fc4069181ceaf3ac,False,,True
_GF1_WORK/FRESH/EA1_CLEAN/M3A_ENDPOINT_ACCESS_WORD_SUPPORT_EA1_R1_1/NONCOMMUTATIVE_WORD_COEFFICIENT_FORMULA.tex,.tex,2603,41dd8129becc2a0b9e43682b6e7a09983ac121290e16e0346271b4f0861ddd92,False,,True
_GF1_WORK/FRESH/EA1_CLEAN/M3A_ENDPOINT_ACCESS_WORD_SUPPORT_EA1_R1_1/PB1_HANDOFF.md,.md,727,9a2a1e223cdf720e66f0a350e8ccd4ac40541345961f2df6929fac4ab6d895d0,False,,True
_GF1_WORK/FRESH/EA1_CLEAN/M3A_ENDPOINT_ACCESS_WORD_SUPPORT_EA1_R1_1/PRIOR_ART_AUDIT.md,.md,4397,bcb26ecc3588320d95e91b19ecab71401a40feda041f60d61d622b6babb6a998,False,,True
_GF1_WORK/FRESH/EA1_CLEAN/M3A_ENDPOINT_ACCESS_WORD_SUPPORT_EA1_R1_1/R1_2_ENDPOINT_LEMMA_RECOVERY.md,.md,1032,1ba8d8985288ee0704004f2fa8b2b08b4d0fee166e299662142dc446848ceff3,False,,True
_GF1_WORK/FRESH/EA1_CLEAN/M3A_ENDPOINT_ACCESS_WORD_SUPPORT_EA1_R1_1/RELEASE_PROVENANCE.json,.json,1655,6f1cdee77dfff1e5cb347efbad47697fa7070857f0110a616fd1933f780b32d7,False,,True
_GF1_WORK/FRESH/EA1_CLEAN/M3A_ENDPOINT_ACCESS_WORD_SUPPORT_EA1_R1_1/REPAIR_EVIDENCE/ALLOWED_CHANGE_LIST.md,.md,1736,2254840983994d5dfa677b7e12c8220dedb34b0340b28531f0bb497f6d4bf748,False,,True
_GF1_WORK/FRESH/EA1_CLEAN/M3A_ENDPOINT_ACCESS_WORD_SUPPORT_EA1_R1_1/REPAIR_EVIDENCE/BEFORE_AFTER_FILE_DIFF.json,.json,22261,c61c0b7d005600b145658fadccaf35c52d281256a7179806e5b9e8cc3c4ffdbb,False,,True
_GF1_WORK/FRESH/EA1_CLEAN/M3A_ENDPOINT_ACCESS_WORD_SUPPORT_EA1_R1_1/REPAIR_EVIDENCE/BEFORE_REPAIR_AUDIT.md,.md,2918,82709e13a0ff3c087021bd3b2e955f5bcbe987861261a39b9a91fb0f6fc77550,False,,True
_GF1_WORK/FRESH/EA1_CLEAN/M3A_ENDPOINT_ACCESS_WORD_SUPPORT_EA1_R1_1/REPAIR_EVIDENCE/BEFORE_REPAIR_HASHES.sha256,.sha256,5079,d54bf81c40975ae941717da833d60d1b886f8db7f28814c9e40f99fd1b8fdffd,False,,False
_GF1_WORK/FRESH/EA1_CLEAN/M3A_ENDPOINT_ACCESS_WORD_SUPPORT_EA1_R1_1/REPAIR_EVIDENCE/BEFORE_REPAIR_NEWLINES.json,.json,23861,2feffc96158b373226926fec8cbb8d3d59fd9428aba51a600703e1cccc1bec13,False,,True
_GF1_WORK/FRESH/EA1_CLEAN/M3A_ENDPOINT_ACCESS_WORD_SUPPORT_EA1_R1_1/REPAIR_EVIDENCE/DETERMINISM_TESTS.md,.md,1579,6b94903b1a2653bb5c53f3f407d0b873646034653ff5d85f18cf28aa5db3e1c8,False,,True
_GF1_WORK/FRESH/EA1_CLEAN/M3A_ENDPOINT_ACCESS_WORD_SUPPORT_EA1_R1_1/REPAIR_EVIDENCE/DETERMINISTIC_ZIP_HASHES.json,.json,2072,c05b521069f8303aec8e4c3c99b425d419322f6e8e6a58fda80d8dcf828138c3,False,,True
_GF1_WORK/FRESH/EA1_CLEAN/M3A_ENDPOINT_ACCESS_WORD_SUPPORT_EA1_R1_1/REPAIR_EVIDENCE/JSON_SEMANTIC_EQUIVALENCE.json,.json,5698,0cb2a7ae750f88253ace0339e23e8417416d25849dea5f2a27b5c293dcf51690,False,,True
_GF1_WORK/FRESH/EA1_CLEAN/M3A_ENDPOINT_ACCESS_WORD_SUPPORT_EA1_R1_1/REPAIR_EVIDENCE/REPAIR_CHANGELOG.md,.md,637,2dc29998bcaafb3d9b855d9f7091be7ca519fc0e7edca76e3c30e746d3de5f4e,False,,True
_GF1_WORK/FRESH/EA1_CLEAN/M3A_ENDPOINT_ACCESS_WORD_SUPPORT_EA1_R1_1/REPAIR_EVIDENCE/SIDECAR_VERIFICATION.json,.json,789,b73b3218d862f10d22c857296c26a2b33d1802112e1feeb0dc0dd55c78342e75,False,,True
_GF1_WORK/FRESH/EA1_CLEAN/M3A_ENDPOINT_ACCESS_WORD_SUPPORT_EA1_R1_1/REPAIR_EVIDENCE/UNCHANGED_SCIENTIFIC_FILES.sha256,.sha256,2328,404b3fa2d7ba846fb0db2784f99116731bf6f1c68e78f4c63d9cc20e0a0f87f7,False,,False
_GF1_WORK/FRESH/EA1_CLEAN/M3A_ENDPOINT_ACCESS_WORD_SUPPORT_EA1_R1_1/REPRODUCE.sh,.sh,882,75abfbabe747ec2cf360eb67599f2b87ed4958b29d19256b0333baa603293d3d,False,,True
_GF1_WORK/FRESH/EA1_CLEAN/M3A_ENDPOINT_ACCESS_WORD_SUPPORT_EA1_R1_1/REPRODUCIBILITY_PROTOCOL.md,.md,1130,cf15120636f6c5ca0bab3c698bad5ea53b1435d16d11761f4a6a04cb0b5d1ab8,False,,True
_GF1_WORK/FRESH/EA1_CLEAN/M3A_ENDPOINT_ACCESS_WORD_SUPPORT_EA1_R1_1/TIME_AND_TRANSFORMED_RESOLVENT_COROLLARY.tex,.tex,1416,83323b47834abed818f1f4646871b6d89a92a6cb041867595ae03a6d67227848,False,,True
_GF1_WORK/FRESH/MV1/M3A_UNIVERSAL_MULTIVARIATE_DIAGONAL_ATLAS_MV1/ACTUAL_COORDINATE_RESOLVENT_THEOREM.tex,.tex,676,12b55db2e985f53a4c0cac3c1ba6f3c253c63fc0da0bed8b1b106120976b2dc1,True,utf-8-sig,False
_GF1_WORK/FRESH/MV1/M3A_UNIVERSAL_MULTIVARIATE_DIAGONAL_ATLAS_MV1/ASSUMPTIONS_AND_SCOPE_LOCK.md,.md,1016,82acaa11a1bc2cdd1123141a40fff60a74ebf92e07d59e49841c49515559ee32,True,utf-8-sig,False
_GF1_WORK/FRESH/MV1/M3A_UNIVERSAL_MULTIVARIATE_DIAGONAL_ATLAS_MV1/ATLAS_NODE_SCHEMA.json,.json,709,13159f27b60e482e1bc3ddee856d5930d7331471bfbc13ba96cf60f9026b3b92,True,utf-8-sig,False
_GF1_WORK/FRESH/MV1/M3A_UNIVERSAL_MULTIVARIATE_DIAGONAL_ATLAS_MV1/ATLAS_TERMINATION_OR_GAP_THEOREM.tex,.tex,1104,3ea78710a52d0bee40dbe7f706d9f99a1aa8cb224754ad44a9640b7d00dfd97e,True,utf-8-sig,False
_GF1_WORK/FRESH/MV1/M3A_UNIVERSAL_MULTIVARIATE_DIAGONAL_ATLAS_MV1/AUTHORITATIVE_INPUT_MAP.md,.md,1137,f88048c79af9ced30ba979dad5e19b342714fb171040ae373196491b6813c9e6,True,utf-8-sig,False
_GF1_WORK/FRESH/MV1/M3A_UNIVERSAL_MULTIVARIATE_DIAGONAL_ATLAS_MV1/CLAIM_AND_NOVELTY_LEDGER.md,.md,1038,da6abd822c0a232cd3920dde8d4a18418fb24efb9786cedd3a3465791cab518e,True,utf-8-sig,False
_GF1_WORK/FRESH/MV1/M3A_UNIVERSAL_MULTIVARIATE_DIAGONAL_ATLAS_MV1/CLAIM_TO_REFERENCE_LEDGER.csv,.csv,1001,e7e5c2494b9f9ae0e56b06d83ba262d3918671e5940c2afb1ad6dc819af36a3f,True,utf-8-sig,False
_GF1_WORK/FRESH/MV1/M3A_UNIVERSAL_MULTIVARIATE_DIAGONAL_ATLAS_MV1/CODE_INDEPENDENT_A/word_enumeration.py,.py,1999,4453a4720b0166ca807be036fee47fd47410a6a187ff5bd7fb9c5066b65acae4,True,utf-8-sig,False
_GF1_WORK/FRESH/MV1/M3A_UNIVERSAL_MULTIVARIATE_DIAGONAL_ATLAS_MV1/CODE_INDEPENDENT_C/convex_atlas.py,.py,1622,39d63e6bc4798b8b9b58181e5733ed354423e14326b772603110c4a900762d07,True,utf-8-sig,False
_GF1_WORK/FRESH/MV1/M3A_UNIVERSAL_MULTIVARIATE_DIAGONAL_ATLAS_MV1/CODE_INDEPENDENT_C/direct_pullback.py,.py,10125,6734354d57b8fcb71762a6d0c8d59380c93109b35973b7d0f62bd95f0b2292e9,True,utf-8-sig,False
_GF1_WORK/FRESH/MV1/M3A_UNIVERSAL_MULTIVARIATE_DIAGONAL_ATLAS_MV1/CODE_PRIMARY/compare_and_verify.py,.py,2381,209563f2cf0eba76a71aff4383ac6b987091c1af6a6a82c0cc518b5914fceac3,True,utf-8-sig,False
_GF1_WORK/FRESH/MV1/M3A_UNIVERSAL_MULTIVARIATE_DIAGONAL_ATLAS_MV1/CODE_PRIMARY/deterministic_zip.py,.py,1092,d118ead5ec11cfa966fa01155daa8bac12947bf01a814db47b778a2f617db4c2,True,utf-8-sig,False
_GF1_WORK/FRESH/MV1/M3A_UNIVERSAL_MULTIVARIATE_DIAGONAL_ATLAS_MV1/CODE_PRIMARY/mv1_primary.py,.py,10015,196e0b6a89e0f94d89dd80ac692a5b8a166f0bbb6c9a2af9f4658de737757cba,True,utf-8-sig,False
_GF1_WORK/FRESH/MV1/M3A_UNIVERSAL_MULTIVARIATE_DIAGONAL_ATLAS_MV1/CODE_PRIMARY/reproduce.ps1,.ps1,878,2157464da35f049246c0262f4c542d51aaa82f27a3953952b540087912c811a0,True,utf-8-sig,False
_GF1_WORK/FRESH/MV1/M3A_UNIVERSAL_MULTIVARIATE_DIAGONAL_ATLAS_MV1/CODE_PRIMARY/seal_release.py,.py,2280,6dad88919cec26f068113ab4f49d6f5b022ae8b2c93ccbd611c5e8b99aeba3f3,True,utf-8-sig,False
_GF1_WORK/FRESH/MV1/M3A_UNIVERSAL_MULTIVARIATE_DIAGONAL_ATLAS_MV1/CODE_PRIMARY/verify_archive.py,.py,1700,aae383b39883e80e3038cd7df5e14627d1c0de6341d3fcb40471547a1276fd11,True,utf-8-sig,False
_GF1_WORK/FRESH/MV1/M3A_UNIVERSAL_MULTIVARIATE_DIAGONAL_ATLAS_MV1/CODE_PRIMARY/verify_manifest.py,.py,888,b3781e65ccda6ab39d0cf5494075e7981f3ce10c5b12170dce93372cbd24817f,True,utf-8-sig,False
_GF1_WORK/FRESH/MV1/M3A_UNIVERSAL_MULTIVARIATE_DIAGONAL_ATLAS_MV1/COMPARISON_POLICY.json,.json,550,15c1a943817a18307858545aca8f977c65a364e04d9c554952c0aedbb026fa0a,True,utf-8-sig,False
_GF1_WORK/FRESH/MV1/M3A_UNIVERSAL_MULTIVARIATE_DIAGONAL_ATLAS_MV1/COUNTEREXAMPLES_AND_CONTROLS.md,.md,1515,e0896571f53a0b9601e30867f95ac7f72645bd0dc406e6ac6d442100cea87cf0,True,utf-8-sig,False
_GF1_WORK/FRESH/MV1/M3A_UNIVERSAL_MULTIVARIATE_DIAGONAL_ATLAS_MV1/DATA/convex_atlas.json,.json,4200,6d61af8b30ff7f6235d9af87541eeea138196d7aefb250713793ef7480bab8b7,True,utf-8-sig,False
_GF1_WORK/FRESH/MV1/M3A_UNIVERSAL_MULTIVARIATE_DIAGONAL_ATLAS_MV1/DATA/denominator.json,.json,13170,5df4ac21db2b729cf0fde161b17486e89329781a7e5252e7e5fee577e7c6b7b3,True,utf-8-sig,False
_GF1_WORK/FRESH/MV1/M3A_UNIVERSAL_MULTIVARIATE_DIAGONAL_ATLAS_MV1/DATA/direct_pullback.json,.json,20786,24befa8f78b9b800079b1d2797d22abd129c48c3654793d49bd4d2a42315bd87,True,utf-8-sig,False
_GF1_WORK/FRESH/MV1/M3A_UNIVERSAL_MULTIVARIATE_DIAGONAL_ATLAS_MV1/DATA/discrepancy_detection.json,.json,357,9b85bd5e8d7a3f83945ce1fecba123b77781168e6cd6679391442ff476b319da,True,utf-8-sig,False
_GF1_WORK/FRESH/MV1/M3A_UNIVERSAL_MULTIVARIATE_DIAGONAL_ATLAS_MV1/DATA/independent_resolvent.json,.json,8432,912532031034ff3e46aeaa81eea8a8bc8bd3fbd7a68a78b25ead1ac58e28bf6b,True,utf-8-sig,False
_GF1_WORK/FRESH/MV1/M3A_UNIVERSAL_MULTIVARIATE_DIAGONAL_ATLAS_MV1/DATA/independent_words.json,.json,3190,601e4bc5136842808a5667a3406d572520cd458d74a52e60fa670f360cfb8eaa,True,utf-8-sig,False
_GF1_WORK/FRESH/MV1/M3A_UNIVERSAL_MULTIVARIATE_DIAGONAL_ATLAS_MV1/DATA/primary.json,.json,25965,6c374b193325fe50e0297d49840d11646587702cd4e50da2163b0c062e70fd8c,True,utf-8-sig,False
_GF1_WORK/FRESH/MV1/M3A_UNIVERSAL_MULTIVARIATE_DIAGONAL_ATLAS_MV1/DATA/random_census.json,.json,76910,0738289ae8d3c7d8c5c624c0a97e5a4ceb2e716568b52fa08c13450b1235ef9e,True,utf-8-sig,False
_GF1_WORK/FRESH/MV1/M3A_UNIVERSAL_MULTIVARIATE_DIAGONAL_ATLAS_MV1/ENVIRONMENT_SPECIFICATION.txt,.txt,578,cb661eca16b2461acc1d3be794ba499179e072d77cf21fa07528e2354e239da9,True,utf-8-sig,False
_GF1_WORK/FRESH/MV1/M3A_UNIVERSAL_MULTIVARIATE_DIAGONAL_ATLAS_MV1/EXACT_DENOMINATOR.json,.json,13170,5df4ac21db2b729cf0fde161b17486e89329781a7e5252e7e5fee577e7c6b7b3,False,,True
_GF1_WORK/FRESH/MV1/M3A_UNIVERSAL_MULTIVARIATE_DIAGONAL_ATLAS_MV1/EXACT_WORD_AND_ENDPOINT_SUPPORT_THEOREM.tex,.tex,1101,1976521d88846fe0a48bc8191cccd566aa63bdc596e625d0cce04d27b414e204,True,utf-8-sig,False
_GF1_WORK/FRESH/MV1/M3A_UNIVERSAL_MULTIVARIATE_DIAGONAL_ATLAS_MV1/EXPECTED/verification_summary.json,.json,216,8aff51a62d8dfa6261b5332ddde6b9224e989da9f213b5a1b41f369cbf44a2b6,True,utf-8-sig,False
_GF1_WORK/FRESH/MV1/M3A_UNIVERSAL_MULTIVARIATE_DIAGONAL_ATLAS_MV1/EXPECTED_CANONICAL.sha256,.sha256,926,b9f0c4eed9bead0b031809abbbbf9647c8a52d3cbe86438f3746045828d2a002,False,,False
_GF1_WORK/FRESH/MV1/M3A_UNIVERSAL_MULTIVARIATE_DIAGONAL_ATLAS_MV1/FAILURE_LEDGER.md,.md,1209,98e74c84a9a81d600f1d495f93ab96777e8da4655ec3f190f5ae1fb2be3dd13a,True,utf-8-sig,False
_GF1_WORK/FRESH/MV1/M3A_UNIVERSAL_MULTIVARIATE_DIAGONAL_ATLAS_MV1/FINAL_MV1_REPORT.md,.md,6599,a29d1a0e3e32be2655d5297198d9ef454c0c77ec22b994881f397ebfb5f4b20e,True,utf-8-sig,False
_GF1_WORK/FRESH/MV1/M3A_UNIVERSAL_MULTIVARIATE_DIAGONAL_ATLAS_MV1/FIXED_FIBRE_PULLBACK_RECOVERY.md,.md,538,3760e4ca4bab48234004d60c5923e4c07e26ff0a448b68c6f9a1d88b227dda0b,True,utf-8-sig,False
_GF1_WORK/FRESH/MV1/M3A_UNIVERSAL_MULTIVARIATE_DIAGONAL_ATLAS_MV1/INDEPENDENT_COORDINATE_PROTOCOLS.tex,.tex,802,5bf14382858dde87e804fd5f5fe00dc19da189eb2b09fec0ff51a0227db4a45a,True,utf-8-sig,False
_GF1_WORK/FRESH/MV1/M3A_UNIVERSAL_MULTIVARIATE_DIAGONAL_ATLAS_MV1/INPUT_HASHES.sha256,.sha256,1736,c5c521b0498055273c836a9e1b35be277445a31bdc1b8518b9edd062b03c48bd,False,,False
_GF1_WORK/FRESH/MV1/M3A_UNIVERSAL_MULTIVARIATE_DIAGONAL_ATLAS_MV1/INPUT_INTEGRITY_REPORT.md,.md,2378,7464c670d82a04b784041cee4797ee082b0354d916494b7d95e4c4e3c66b39af,True,utf-8-sig,False
_GF1_WORK/FRESH/MV1/M3A_UNIVERSAL_MULTIVARIATE_DIAGONAL_ATLAS_MV1/INPUTS/_ARC1_CORRECTED_WORK.zip,.zip,71692325,,False,,False
_GF1_WORK/FRESH/MV1/M3A_UNIVERSAL_MULTIVARIATE_DIAGONAL_ATLAS_MV1/INPUTS/M3A_000029_exact_polynomial_certificate.zip,.zip,9415,6ec4425d54a3e69a10a91fa0d56c9241b67fdbfb1bc71428664cf3752eb5e72e,False,,False
_GF1_WORK/FRESH/MV1/M3A_UNIVERSAL_MULTIVARIATE_DIAGONAL_ATLAS_MV1/INPUTS/M3A_ARC1_COLLEAGUE_LOCKED_DEFINITIONS_R1_0.zip,.zip,453182,7d3dae54eb29b9d59711cfc69cb1d6e8ca52d133c569ae99c7c46a5581adf442,False,,False
_GF1_WORK/FRESH/MV1/M3A_UNIVERSAL_MULTIVARIATE_DIAGONAL_ATLAS_MV1/INPUTS/M3A_ARC1_COLLEAGUE_LOCKED_DEFINITIONS_R1_0.zip.sha256,.sha256,113,ca9255cc4833722d3dd0a7e13a6d9b16f494fd639f2777dfb31cb9a7521af7e4,False,,False
_GF1_WORK/FRESH/MV1/M3A_UNIVERSAL_MULTIVARIATE_DIAGONAL_ATLAS_MV1/INPUTS/M3A_Diagonal_Family_Trichotomy_Paper_R1_2.pdf,.pdf,374126,4135498db2f973d8c3dbd4f77b8ebc94c2f3ea8bfc11e9dd710ef694b65d3222,False,,False
_GF1_WORK/FRESH/MV1/M3A_UNIVERSAL_MULTIVARIATE_DIAGONAL_ATLAS_MV1/INPUTS/M3A_Diagonal_Family_Trichotomy_Paper_R1_2.tex,.tex,36123,c5e1d29848307e0b3852d962a6af843499524377ff72c97b647af03052e35009,False,,True
_GF1_WORK/FRESH/MV1/M3A_UNIVERSAL_MULTIVARIATE_DIAGONAL_ATLAS_MV1/INPUTS/M3A_ENDPOINT_ACCESS_WORD_SUPPORT_EA1_R1_1.zip,.zip,143146908,,False,,False
_GF1_WORK/FRESH/MV1/M3A_UNIVERSAL_MULTIVARIATE_DIAGONAL_ATLAS_MV1/INPUTS/M3A_ENDPOINT_ACCESS_WORD_SUPPORT_EA1_R1_1.zip.sha256,.sha256,112,34d649d59d30f1eee4a0640a48b354fb0b7ba698578660fefd484fe2df54caad,False,,False
_GF1_WORK/FRESH/MV1/M3A_UNIVERSAL_MULTIVARIATE_DIAGONAL_ATLAS_MV1/INPUTS/M3A_MONOMIAL_PULLBACK_FACE_COLLISION_PB1_R1_0.zip,.zip,215437525,,False,,False
_GF1_WORK/FRESH/MV1/M3A_UNIVERSAL_MULTIVARIATE_DIAGONAL_ATLAS_MV1/INPUTS/M3A_MONOMIAL_PULLBACK_FACE_COLLISION_PB1_R1_0.zip.sha256,.sha256,116,60c94c0078276a9bdc913387fdc1d4737b8c902591cea650014fc6bb8230d21f,False,,False
_GF1_WORK/FRESH/MV1/M3A_UNIVERSAL_MULTIVARIATE_DIAGONAL_ATLAS_MV1/INPUTS/M3A_NEWTON_PROTOCOL_ATLAS_NP1_R1_0.zip,.zip,23801570,,False,,False
_GF1_WORK/FRESH/MV1/M3A_UNIVERSAL_MULTIVARIATE_DIAGONAL_ATLAS_MV1/INPUTS/M3A_NEWTON_PROTOCOL_ATLAS_NP1_R1_0.zip.sha256,.sha256,105,dc8afe50cffae339cb51d040472f2f7755af22cf709b719b718031289072d4d2,False,,False
_GF1_WORK/FRESH/MV1/M3A_UNIVERSAL_MULTIVARIATE_DIAGONAL_ATLAS_MV1/INPUTS/WORKSTATION_MV1_UNIVERSAL_MULTIVARIATE_DIAGONAL_NEWTON_INITIAL_ATLAS_R1_0.md,.md,28840,d3d57038f8f3a77fe660ff9673874d78232e059d828118eac919129031b7378f,True,utf-8-sig,False
_GF1_WORK/FRESH/MV1/M3A_UNIVERSAL_MULTIVARIATE_DIAGONAL_ATLAS_MV1/INPUTS/WORKSTATION_MV1_UNIVERSAL_MULTIVARIATE_DIAGONAL_NEWTON_INITIAL_ATLAS_R1_0.md.sha256,.sha256,143,c014773dc022dc2ea09ef47db5898b23d7ae8598820dd4e22aa0a6d5ebf76e81,False,,False
_GF1_WORK/FRESH/MV1/M3A_UNIVERSAL_MULTIVARIATE_DIAGONAL_ATLAS_MV1/LEVEL_ZERO_CANCELLATION_IDEALS.json,.json,355,91cf584090a7906469a82a629da07c11d46e1d3302cdde8ab8a92a1dc0c61422,True,utf-8-sig,False
_GF1_WORK/FRESH/MV1/M3A_UNIVERSAL_MULTIVARIATE_DIAGONAL_ATLAS_MV1/LEVEL_ZERO_INITIAL_ATLAS.tex,.tex,757,c1b9a105592e52043c2767c498528b0db9a20fdc7d150cc5098c4cd231510699,True,utf-8-sig,False
_GF1_WORK/FRESH/MV1/M3A_UNIVERSAL_MULTIVARIATE_DIAGONAL_ATLAS_MV1/LOCKED_MODEL_AND_SCOPE.md,.md,583,74b57f72d2fcfce64245001667b25d6ee421d0e8f721f5a0c0d13265d0009356,True,utf-8-sig,False
_GF1_WORK/FRESH/MV1/M3A_UNIVERSAL_MULTIVARIATE_DIAGONAL_ATLAS_MV1/MANIFEST.sha256,.sha256,9457,3a1c3f4de5367f288f939a318d9fed49d21832d4bc7eb174872d70c2370329fe,False,,False
_GF1_WORK/FRESH/MV1/M3A_UNIVERSAL_MULTIVARIATE_DIAGONAL_ATLAS_MV1/MANIFEST_POLICY.md,.md,602,5e15cb1dead8ac72f4da5bdd9ba10fdb0d899844599a577a6c9b8d53c0f5bc95,True,utf-8-sig,False
_GF1_WORK/FRESH/MV1/M3A_UNIVERSAL_MULTIVARIATE_DIAGONAL_ATLAS_MV1/MIXED_TIME_DEPTH_COUNTEREXAMPLES.md,.md,694,fb000108173b066c1f1ad179c7dbe3dcfcf227e99655092034c06059edbdc407,True,utf-8-sig,False
_GF1_WORK/FRESH/MV1/M3A_UNIVERSAL_MULTIVARIATE_DIAGONAL_ATLAS_MV1/MOMENT_AMPLITUDE_INITIAL_FORM_COMPARISON.tex,.tex,762,c78a6f614cec590a474d6ca4b7635ade2028a6ef6bca519c8149874a04a8f606,True,utf-8-sig,False
_GF1_WORK/FRESH/MV1/M3A_UNIVERSAL_MULTIVARIATE_DIAGONAL_ATLAS_MV1/MOMENT_VERSUS_AMPLITUDE_FIREWALL.md,.md,822,e41b9cc7e61d7867e5e221db68a60fe28ed58a800e2137e5457695c087920687,True,utf-8-sig,False
_GF1_WORK/FRESH/MV1/M3A_UNIVERSAL_MULTIVARIATE_DIAGONAL_ATLAS_MV1/MOVING_DIRECTION_COMPOSITION_COROLLARY.md,.md,676,9d50af1d83a8cd00398d81aba50606270e2e572fd83be4b16611ac11b5541700,True,utf-8-sig,False
_GF1_WORK/FRESH/MV1/M3A_UNIVERSAL_MULTIVARIATE_DIAGONAL_ATLAS_MV1/MV1_COLLEAGUE_BRIEF/EXPECTED_BRIEF.json,.json,338,1c926c2cb16167c894f5869c679b4845932abf3e70a46aa28b10bb837360c4e6,True,utf-8-sig,False
_GF1_WORK/FRESH/MV1/M3A_UNIVERSAL_MULTIVARIATE_DIAGONAL_ATLAS_MV1/MV1_COLLEAGUE_BRIEF/GLOSSARY.md,.md,465,89a1241bc25e72747778f0d3a969bdd88cf1b5537c24c6bd12f384a5f61bf528,True,utf-8-sig,False
_GF1_WORK/FRESH/MV1/M3A_UNIVERSAL_MULTIVARIATE_DIAGONAL_ATLAS_MV1/MV1_COLLEAGUE_BRIEF/LOCKED_DEFINITIONS.md,.md,526,066da64ec3de672edc58c833d92c84d36070bca8dfcc26a93eb0c05b6a404212,True,utf-8-sig,False
_GF1_WORK/FRESH/MV1/M3A_UNIVERSAL_MULTIVARIATE_DIAGONAL_ATLAS_MV1/MV1_COLLEAGUE_BRIEF/MANIFEST.sha256,.sha256,1112,cc9fda43e0592f5457a6a5595882c7b0955e06571e1070fad75d491c0b04e234,False,,False
_GF1_WORK/FRESH/MV1/M3A_UNIVERSAL_MULTIVARIATE_DIAGONAL_ATLAS_MV1/MV1_COLLEAGUE_BRIEF/MINIMAL_REPRO.py,.py,673,9276499cd26950b1bb8b456d247f968d57cf4f42fbbc2d79d36675ef803dc402,True,utf-8-sig,False
_GF1_WORK/FRESH/MV1/M3A_UNIVERSAL_MULTIVARIATE_DIAGONAL_ATLAS_MV1/MV1_COLLEAGUE_BRIEF/MOMENT_VERSUS_AMPLITUDE.md,.md,365,d1714d69411c999fe6992bc4605acb9085c6c9dc7d4188848f2fa631f33d812c,True,utf-8-sig,False
_GF1_WORK/FRESH/MV1/M3A_UNIVERSAL_MULTIVARIATE_DIAGONAL_ATLAS_MV1/MV1_COLLEAGUE_BRIEF/OPEN_GAPS.md,.md,347,f3499075270de18890c6ba52276b96515dd03e064380b8fc051440763c83f749,True,utf-8-sig,False
_GF1_WORK/FRESH/MV1/M3A_UNIVERSAL_MULTIVARIATE_DIAGONAL_ATLAS_MV1/MV1_COLLEAGUE_BRIEF/PROVED_RESULTS.md,.md,629,2583ad69a0e08d0a00cf39b667da0d0b6837e9cd1a2e00937978e6fcf40c1779,True,utf-8-sig,False
_GF1_WORK/FRESH/MV1/M3A_UNIVERSAL_MULTIVARIATE_DIAGONAL_ATLAS_MV1/MV1_COLLEAGUE_BRIEF/REPRODUCE_BRIEF.sh,.sh,353,409850cdf182621ba434c92c9ab01161b7b03f460df3a1ce84fbb84d108fd940,True,utf-8-sig,False
_GF1_WORK/FRESH/MV1/M3A_UNIVERSAL_MULTIVARIATE_DIAGONAL_ATLAS_MV1/MV1_COLLEAGUE_BRIEF/REPRODUCTION_COMMANDS.md,.md,231,10cc73fa3b724f2e0b91671319e4a0a933f6fd01abc790c95c946c7ecbd06613,True,utf-8-sig,False
_GF1_WORK/FRESH/MV1/M3A_UNIVERSAL_MULTIVARIATE_DIAGONAL_ATLAS_MV1/MV1_COLLEAGUE_BRIEF/SOURCE_MAP.md,.md,291,3ac57bb719c2dbe455e534f2a683fbea8d6bedcd50ca5662c01ceeedc3af00e5,True,utf-8-sig,False
_GF1_WORK/FRESH/MV1/M3A_UNIVERSAL_MULTIVARIATE_DIAGONAL_ATLAS_MV1/MV1_COLLEAGUE_BRIEF/START_HERE.md,.md,457,285a06ac1c1984396407b4af405a3195b7acacb4f733f03350d33c3bd7948b24,True,utf-8-sig,False
_GF1_WORK/FRESH/MV1/M3A_UNIVERSAL_MULTIVARIATE_DIAGONAL_ATLAS_MV1/MV1_COLLEAGUE_BRIEF/UNIVERSAL_OBJECT_VERSUS_PULLBACKS.md,.md,392,fb722c72127874eb99b90b1564fe1c32aa293bf58784529e313697504806fb1b,True,utf-8-sig,False
_GF1_WORK/FRESH/MV1/M3A_UNIVERSAL_MULTIVARIATE_DIAGONAL_ATLAS_MV1/MV1_COLLEAGUE_BRIEF/VERIFY_BRIEF.py,.py,730,dae8fb276c8a9996d56612bc143f75993d60452de7ebf5eb63e26cfbc41d4298,True,utf-8-sig,False
_GF1_WORK/FRESH/MV1/M3A_UNIVERSAL_MULTIVARIATE_DIAGONAL_ATLAS_MV1/MV1_EXACT_CONTROL_CERTIFICATES.json,.json,18210,369333ff37a34a1b9eed9546b30ac6d97d67e7cf4b9f99ffb19075d76d6e3638,True,utf-8-sig,False
_GF1_WORK/FRESH/MV1/M3A_UNIVERSAL_MULTIVARIATE_DIAGONAL_ATLAS_MV1/MV1_RANDOM_CENSUS.json,.json,76910,0738289ae8d3c7d8c5c624c0a97e5a4ceb2e716568b52fa08c13450b1235ef9e,False,,True
_GF1_WORK/FRESH/MV1/M3A_UNIVERSAL_MULTIVARIATE_DIAGONAL_ATLAS_MV1/MV2_HANDOFF.md,.md,809,672a23f526e410fe62d5d454be2b94d434b29542146dd18823e6320c65195ccc,True,utf-8-sig,False
_GF1_WORK/FRESH/MV1/M3A_UNIVERSAL_MULTIVARIATE_DIAGONAL_ATLAS_MV1/NEWTON_POLYHEDRON_CERTIFICATE.json,.json,325,770bea8b059eb163b5ed73c9f5bab24b931e13f3ae4a8f7635247dc449d9cae8,True,utf-8-sig,False
_GF1_WORK/FRESH/MV1/M3A_UNIVERSAL_MULTIVARIATE_DIAGONAL_ATLAS_MV1/NOTATION_TRANSLATION_LEDGER.md,.md,994,c509055a82cf6bd41c78a1a7c26b888b51ed1be3a0e80de3e3839c2fa7aea86e,True,utf-8-sig,False
_GF1_WORK/FRESH/MV1/M3A_UNIVERSAL_MULTIVARIATE_DIAGONAL_ATLAS_MV1/PB1_MV1_COMPATIBILITY_LEDGER.md,.md,1028,8ebf31ac9b233070047ac1105fc83ceb54675103e9f5323fc47f3e7feb6bbaec,True,utf-8-sig,False
_GF1_WORK/FRESH/MV1/M3A_UNIVERSAL_MULTIVARIATE_DIAGONAL_ATLAS_MV1/POSITIVE_NORMAL_FAN.md,.md,567,c12f10be1fca07adf56be58fcc615a4b4ffd6c4e8fc2badaf9a2c393d8c4da93,True,utf-8-sig,False
_GF1_WORK/FRESH/MV1/M3A_UNIVERSAL_MULTIVARIATE_DIAGONAL_ATLAS_MV1/PRIOR_ART_AUDIT.md,.md,3855,99610b41018ca4005df95e61847f92d043e1c0d503757e5d925d137699d6092b,True,utf-8-sig,False
_GF1_WORK/FRESH/MV1/M3A_UNIVERSAL_MULTIVARIATE_DIAGONAL_ATLAS_MV1/PRIOR_ART_SEARCH_LOG.csv,.csv,1918,01aa06634c4184d01c438472522b6f4f6f44fbbc29e48ab35b99c2e1a64c466e,True,utf-8-sig,False
_GF1_WORK/FRESH/MV1/M3A_UNIVERSAL_MULTIVARIATE_DIAGONAL_ATLAS_MV1/RECURSIVE_PROTOCOL_ATLAS_DEFINITION.tex,.tex,923,07d664d9365d844b378efea3a4043e14d755fc4717981e3d7fdf0e197a04084e,True,utf-8-sig,False
_GF1_WORK/FRESH/MV1/M3A_UNIVERSAL_MULTIVARIATE_DIAGONAL_ATLAS_MV1/REPRODUCE.sh,.sh,209,ae87d8eba176fb49a27ea93cd09aa8eb674d828c7e0347ce05ff1eae88ad832d,True,utf-8-sig,False
_GF1_WORK/FRESH/MV1/M3A_UNIVERSAL_MULTIVARIATE_DIAGONAL_ATLAS_MV1/REPRODUCIBILITY_PROTOCOL.md,.md,917,0614b2a29d4920cbfa3fdb31bb3c7a397f75df98ca843134d72999f2888fbbb7,True,utf-8-sig,False
_GF1_WORK/FRESH/MV1/M3A_UNIVERSAL_MULTIVARIATE_DIAGONAL_ATLAS_MV1/SCALAR_RAY_PULLBACK_RECOVERY.tex,.tex,671,c4fcb257bc5d9650e03811dd20daee0107a561a47ef69756a77d84d6926d87f4,True,utf-8-sig,False
_GF1_WORK/FRESH/MV1/M3A_UNIVERSAL_MULTIVARIATE_DIAGONAL_ATLAS_MV1/TRANSFORMED_MOMENT_GENERATING_THEOREM.tex,.tex,624,6b0422259082bbfc9aa678d1743638a6d272a5b3b4d1e0759be7560edb06b011,True,utf-8-sig,False
_GF1_WORK/FRESH/MV1/M3A_UNIVERSAL_MULTIVARIATE_DIAGONAL_ATLAS_MV1/UNIVERSAL_COEFFICIENT_DEFINITIONS.tex,.tex,772,7b5d7e9ab74cbc1a7b5ec98bfe67d0d0821eb2cc8b1d1cdc112b0ebb96e1e430,True,utf-8-sig,False
_GF1_WORK/FRESH/MV1/M3A_UNIVERSAL_MULTIVARIATE_DIAGONAL_ATLAS_MV1/UNIVERSAL_MINIMAL_TIME_LAYER_THEOREM.tex,.tex,675,4ce9df70ead18d0b026a3f263ad07b9bd1e68578318744b271018e18116aa9c4,True,utf-8-sig,False
_GF1_WORK/FRESH/MV1/M3A_UNIVERSAL_MULTIVARIATE_DIAGONAL_ATLAS_MV1/UNIVERSAL_NEWTON_POLYHEDRON_THEOREM.tex,.tex,937,112d50ea6f3c78b3e7a6db4f3866432de59e29eb34f64949d9b6da987b39b8cd,True,utf-8-sig,False
_GF1_WORK/FRESH/MV1/M3A_UNIVERSAL_MULTIVARIATE_DIAGONAL_ATLAS_MV1/UNRESOLVED_GAPS.md,.md,831,3ec5ba1b8b9a9dfdefcb732a1f8b0ccde242ec830b48c24d7e4c34cc3cfbfe89,True,utf-8-sig,False
_GF1_WORK/FRESH/NP1/M3A_NEWTON_PROTOCOL_ATLAS_NP1/ARC1_HANDOFF.md,.md,687,dc906e353dd4a358b03a782b8c25c356a11e158ef0f209f49c488944fbe90ab3,False,,True
_GF1_WORK/FRESH/NP1/M3A_NEWTON_PROTOCOL_ATLAS_NP1/ASSUMPTIONS_LOCK.md,.md,1700,a73ed2f93140154779fdabf39ce56bfa0bb5bef21f3c648afc87b14a01e22e8b,True,utf-8-sig,False
_GF1_WORK/FRESH/NP1/M3A_NEWTON_PROTOCOL_ATLAS_NP1/ATLAS_TABLE.md,.md,1019,1ffd3487e8094a2f34abf5f185d38b115eae2eacc9fa2e40c04cd9e4b77ab5df,True,utf-8-sig,False
_GF1_WORK/FRESH/NP1/M3A_NEWTON_PROTOCOL_ATLAS_NP1/CLAIM_AND_NOVELTY_LEDGER.md,.md,1333,bdd1213684a2b1606c6d224422fab0f9031968627077276a5c0b2ccb919837d3,False,,True
_GF1_WORK/FRESH/NP1/M3A_NEWTON_PROTOCOL_ATLAS_NP1/CODE_INDEPENDENT_A/word_enumeration.py,.py,4426,60bb1dda20a220025621a40160f9c254c52b825247722e6a6d99002fcf1c28e9,True,utf-8-sig,False
_GF1_WORK/FRESH/NP1/M3A_NEWTON_PROTOCOL_ATLAS_NP1/CODE_PRIMARY/integrity_gate.py,.py,3076,84fb089667952798a27b67bb55ac715245b6d409a0c5f5baa2c59d82b4780424,True,utf-8-sig,False
_GF1_WORK/FRESH/NP1/M3A_NEWTON_PROTOCOL_ATLAS_NP1/CODE_PRIMARY/verify_package.py,.py,1494,5a657232d6d31d6440013467e023dd1331b5225b7bf52bd23ee35a3908c86f9a,True,utf-8-sig,False
_GF1_WORK/FRESH/NP1/M3A_NEWTON_PROTOCOL_ATLAS_NP1/COMPARISON_POLICY.json,.json,716,26e5601dea62fbc27679f6a2ade50b610f26ebccb84aa87942be2589235fbf8e,True,utf-8-sig,False
_GF1_WORK/FRESH/NP1/M3A_NEWTON_PROTOCOL_ATLAS_NP1/COUNTEREXAMPLES_AND_CONTROLS.md,.md,3614,081c9c25ec65821c23b19443515fccfe5d1ad2fefe6fc2d0cc88f6a88f3b7748,True,utf-8-sig,False
_GF1_WORK/FRESH/NP1/M3A_NEWTON_PROTOCOL_ATLAS_NP1/DATA/comparison.json,.json,658,08ab25a962c731e1970bb5bc93d8998c0f3c6f7f65fae46d09aada70a3f43fb8,True,utf-8-sig,False
_GF1_WORK/FRESH/NP1/M3A_NEWTON_PROTOCOL_ATLAS_NP1/DATA/independent_a.json,.json,14158,69bfacc4a2ec83aa0f4ec343096e0445d452085243e4ca7b2cec7834e213afa8,True,utf-8-sig,False
_GF1_WORK/FRESH/NP1/M3A_NEWTON_PROTOCOL_ATLAS_NP1/DATA/independent_b.json,.json,1238,5832c7491ea19ac4b35220143001f65f0730d2205a3ebce7d5e52e5658731a80,True,utf-8-sig,False
_GF1_WORK/FRESH/NP1/M3A_NEWTON_PROTOCOL_ATLAS_NP1/DATA/integrity.json,.json,241,96c3ddbdbf8ee4f8341da668a2713c0b12695172e245981435765cf863c35501,True,utf-8-sig,False
_GF1_WORK/FRESH/NP1/M3A_NEWTON_PROTOCOL_ATLAS_NP1/DATA/primary.json,.json,14142,f3ec66c586d8b6af6a2470bd87f4ff5fc2917ab04c8a6a362d3a385a123aa6b3,True,utf-8-sig,False
_GF1_WORK/FRESH/NP1/M3A_NEWTON_PROTOCOL_ATLAS_NP1/ENVIRONMENT_SPECIFICATION.txt,.txt,669,6d099c54d1be72be9103d97bbf2c069a60fb837bde721df262229a45bcd9f03c,True,utf-8-sig,False
_GF1_WORK/FRESH/NP1/M3A_NEWTON_PROTOCOL_ATLAS_NP1/EXACT_DARK_FIBRE_CERTIFICATE.json,.json,521,744b1ef6042242d7c8378ae528d83835c8280660f3c4ecc1920912bffe6377f5,True,utf-8-sig,False
_GF1_WORK/FRESH/NP1/M3A_NEWTON_PROTOCOL_ATLAS_NP1/EXPECTED/comparison.json,.json,658,08ab25a962c731e1970bb5bc93d8998c0f3c6f7f65fae46d09aada70a3f43fb8,False,,True
_GF1_WORK/FRESH/NP1/M3A_NEWTON_PROTOCOL_ATLAS_NP1/EXPECTED/independent_a.json,.json,14158,69bfacc4a2ec83aa0f4ec343096e0445d452085243e4ca7b2cec7834e213afa8,False,,True
_GF1_WORK/FRESH/NP1/M3A_NEWTON_PROTOCOL_ATLAS_NP1/EXPECTED/independent_b.json,.json,1238,5832c7491ea19ac4b35220143001f65f0730d2205a3ebce7d5e52e5658731a80,False,,True
_GF1_WORK/FRESH/NP1/M3A_NEWTON_PROTOCOL_ATLAS_NP1/EXPECTED/integrity.json,.json,241,96c3ddbdbf8ee4f8341da668a2713c0b12695172e245981435765cf863c35501,False,,True
_GF1_WORK/FRESH/NP1/M3A_NEWTON_PROTOCOL_ATLAS_NP1/EXPECTED/primary.json,.json,14142,f3ec66c586d8b6af6a2470bd87f4ff5fc2917ab04c8a6a362d3a385a123aa6b3,False,,True
_GF1_WORK/FRESH/NP1/M3A_NEWTON_PROTOCOL_ATLAS_NP1/EXPECTED_CANONICAL.sha256,.sha256,457,d39da9bbd95374efa9f3188d0032c22357670f81bf6d1ceb46e7d712ba05fc93,False,,False
_GF1_WORK/FRESH/NP1/M3A_NEWTON_PROTOCOL_ATLAS_NP1/FAILURE_LEDGER.md,.md,1059,2d4d07bcc60ee730fe5d048256dc571f77fe877ecc748b0b2fe5d28693157766,True,utf-8-sig,False
_GF1_WORK/FRESH/NP1/M3A_NEWTON_PROTOCOL_ATLAS_NP1/FIBREWISE_ARC1_FIREWALL.md,.md,900,a6057270c50267a27d502041483fa12788c9b2d8e634b586cb0bbf9ecdd49cd6,False,,True
_GF1_WORK/FRESH/NP1/M3A_NEWTON_PROTOCOL_ATLAS_NP1/FINAL_NP1_ASSESSMENT.md,.md,1201,6948379a877b50804428c9e90283bf4df9102bf21c206470d9d6fcab2c203995,False,,True
_GF1_WORK/FRESH/NP1/M3A_NEWTON_PROTOCOL_ATLAS_NP1/INPUT_ARCHIVES.sha256,.sha256,1350,06392e454d571d008542c7773a3898b61dfab724893d894fe352f624764fa32d,False,,False
_GF1_WORK/FRESH/NP1/M3A_NEWTON_PROTOCOL_ATLAS_NP1/INPUTS/M3A_000029_SINGLE_PATH_POSITIVE_WEIGHT_THEOREM_LOCKED_v1_0.tex,.tex,10433,133878b890ac3982e1757766d0d236069298106aae8e910e5b7460614fc30249,True,utf-8-sig,False
_GF1_WORK/FRESH/NP1/M3A_NEWTON_PROTOCOL_ATLAS_NP1/INPUTS/M3A_000029_SINGLE_PATH_POSITIVE_WEIGHT_THEOREM_LOCKED_v1_0.tex.sha256,.sha256,129,c7437d9b2a8853b58b8a0801a620eac840619927d29da758da1019b6a15733d2,False,,False
_GF1_WORK/FRESH/NP1/M3A_NEWTON_PROTOCOL_ATLAS_NP1/INPUTS/M3A_Diagonal_Family_Trichotomy_Paper_R1_1.pdf,.pdf,357423,36b27ccef80998fd43517be20d7915772d24a8f9d055b8abd0532054761f0013,False,,False
_GF1_WORK/FRESH/NP1/M3A_NEWTON_PROTOCOL_ATLAS_NP1/INPUTS/M3A_Diagonal_Family_Trichotomy_Paper_R1_1.pdf.sha256,.sha256,112,7bae86c25ba60d7ab42bb908b644aba413792d28fa301491231ddd5e2b2d4096,False,,False
_GF1_WORK/FRESH/NP1/M3A_NEWTON_PROTOCOL_ATLAS_NP1/INPUTS/M3A_Diagonal_Family_Trichotomy_Paper_R1_1.tex,.tex,28225,1b8d04a04dcf5941566368b261932e78c7773beb83b8816af35de1ebb3902d6e,True,utf-8-sig,False
_GF1_WORK/FRESH/NP1/M3A_NEWTON_PROTOCOL_ATLAS_NP1/INPUTS/M3A_Diagonal_Family_Trichotomy_Paper_R1_1.tex.sha256,.sha256,112,b30647c671b0e8a56d520b7759895f6d2287dba324ef2032ab0a3a6c5c176ecc,False,,False
_GF1_WORK/FRESH/NP1/M3A_NEWTON_PROTOCOL_ATLAS_NP1/INPUTS/M3A_DIAGONAL_FAMILY_TRICHOTOMY_TF1_R1_1.zip,.zip,23380247,,False,,False
_GF1_WORK/FRESH/NP1/M3A_NEWTON_PROTOCOL_ATLAS_NP1/INPUTS/M3A_DIAGONAL_FAMILY_TRICHOTOMY_TF1_R1_1.zip.sha256,.sha256,110,4e5057b2eee23bd649f65eb26cdac1cad288b2de51da8a1850ecaa57c3471b58,False,,False
_GF1_WORK/FRESH/NP1/M3A_NEWTON_PROTOCOL_ATLAS_NP1/INPUTS/M3A_NP1_EXTRA_MATH_AUDIT.md,.md,5642,36cc9c678857fe00dff90658aaf3aaf2050d30c30f3d90a9edd8053b06ce2466,True,utf-8-sig,False
_GF1_WORK/FRESH/NP1/M3A_NEWTON_PROTOCOL_ATLAS_NP1/INPUTS/M3A_TF1_R1_1_IMPLEMENTATION_REPORT.md,.md,6940,f159de05f0f628126787ecbf3d0f3289a5a790fd609412d21fc6b516ab776140,True,utf-8-sig,False
_GF1_WORK/FRESH/NP1/M3A_NEWTON_PROTOCOL_ATLAS_NP1/INPUTS/WORKSTATION_NP1_NEWTON_PROTOCOL_ATLAS_MASTER_PROMPT.md,.md,16441,3d93e38ca272cbb23b289c7dbd04be2af4aa6e0e0d298bfde5789ee7322908cc,True,utf-8-sig,False
_GF1_WORK/FRESH/NP1/M3A_NEWTON_PROTOCOL_ATLAS_NP1/MANIFEST.sha256,.sha256,5252,e0b97616a89f871286c106391f1f92032f4b38e86fe101b46e77ee09f77e81db,False,,False
_GF1_WORK/FRESH/NP1/M3A_NEWTON_PROTOCOL_ATLAS_NP1/MANIFEST_POLICY.md,.md,1056,d11a7e51afbb48eeecf5290940bf5766f2c8cfbcd3d00f57d70864570a74c59b,True,utf-8-sig,False
_GF1_WORK/FRESH/NP1/M3A_NEWTON_PROTOCOL_ATLAS_NP1/MOMENT_SUPPORT_CERTIFICATE.md,.md,1487,e13775cb015cf073a79f728178a8215db625d74c7a546f664525734ef685c889,False,,True
_GF1_WORK/FRESH/NP1/M3A_NEWTON_PROTOCOL_ATLAS_NP1/NEWTON_FIBRE_TRICHOTOMY_THEOREM.tex,.tex,1372,09a875c2c1e39d205d503351d0bed6ebff6a3645f319cbb32b167ee16aa720b8,False,,True
_GF1_WORK/FRESH/NP1/M3A_NEWTON_PROTOCOL_ATLAS_NP1/NEWTON_PROTOCOL_DEFINITIONS.tex,.tex,1508,422ca09c666d461dc6bfa3f13d1132edd4e1a0398c2c85d67eb5c34821824f5b,True,utf-8-sig,False
_GF1_WORK/FRESH/NP1/M3A_NEWTON_PROTOCOL_ATLAS_NP1/NORMAL_CONE_AND_TROPICAL_AUDIT.md,.md,1454,d894d8639269e65dd263fdf8ddec6819dfef3aa2b018e4c7d6393a24d5185c1d,True,utf-8-sig,False
_GF1_WORK/FRESH/NP1/M3A_NEWTON_PROTOCOL_ATLAS_NP1/NUMERATOR_TROPICALISATION_FIREWALL.md,.md,895,ddc365b1b2952760d65742563169fdbdbcd145c9991b01da83c52e3633117301,True,utf-8-sig,False
_GF1_WORK/FRESH/NP1/M3A_NEWTON_PROTOCOL_ATLAS_NP1/POSITIVE_PROTOCOL_FACE_THEOREM.tex,.tex,1245,161755513a6780be0be79abcbcd2c445537d68fd6b263821e0d0602bdc127bcb,False,,True
_GF1_WORK/FRESH/NP1/M3A_NEWTON_PROTOCOL_ATLAS_NP1/PRIOR_ART_AUDIT.md,.md,2697,05bffacadb7c9b9d2dafe78ad3aad9412f2d785c85a748ca9112fbdf9a0ca8f2,True,utf-8-sig,False
_GF1_WORK/FRESH/NP1/M3A_NEWTON_PROTOCOL_ATLAS_NP1/REPRODUCE.sh,.sh,1303,921f9df39fbca405c3770ae66425268a56b701e11911da5922c00a525a226a94,False,,True
_GF1_WORK/FRESH/NP1/M3A_NEWTON_PROTOCOL_ATLAS_NP1/REPRODUCIBILITY_PROTOCOL.md,.md,1183,a23d0f95ee7e9978c670c5c554e7318fa927cafcc7fc133bc14be23742812907,True,utf-8-sig,False
_GF1_WORK/FRESH/NP1/M3A_NEWTON_PROTOCOL_ATLAS_NP1/STRATUM_I_CERTIFICATE.json,.json,529,80f7ee4f69755c14e8a9363851c4262c0a3bddd102714a11b29e46caed08e0b7,True,utf-8-sig,False
_GF1_WORK/FRESH/NP1/M3A_NEWTON_PROTOCOL_ATLAS_NP1/STRATUM_II_CERTIFICATE.json,.json,754,f0331f5d63c604bcc994b74347e4397b650d8b43a6913a17ec4232ecd4a07e82,True,utf-8-sig,False
_GF1_WORK/FRESH/NP1/M3A_NEWTON_PROTOCOL_ATLAS_NP1/TRANSFORMED_RESOLVENT_THEOREM.tex,.tex,1670,db838785f01eb0225777d54b1aa99ead3f340479bea193f6f5dda0aa03aa4328,False,,True
_GF1_WORK/FRESH/PB1/M3A_MONOMIAL_PULLBACK_FACE_COLLISION_PB1/ARC1_FACE_COLLISION_RECOVERY.md,.md,1334,3d05ad3a81405dd1badd19b1f6f31b03e4fb6690de99f07fd6486ba82e31d95a,True,utf-8-sig,False
_GF1_WORK/FRESH/PB1/M3A_MONOMIAL_PULLBACK_FACE_COLLISION_PB1/ASSOCIATED_GRADED_FACE_PUSHFORWARD_THEOREM.tex,.tex,2575,ac1112378f3bc12572155185e996e68d0b05610a5dbacbd3e01664ee5e2fea18,True,utf-8-sig,False
_GF1_WORK/FRESH/PB1/M3A_MONOMIAL_PULLBACK_FACE_COLLISION_PB1/ASSUMPTIONS_AND_SCOPE_LOCK.md,.md,3868,4ed72af01007ab7fd5d11ddb9304b655cde4697d7e26b845ae4f14c55030fe6c,True,utf-8-sig,False
_GF1_WORK/FRESH/PB1/M3A_MONOMIAL_PULLBACK_FACE_COLLISION_PB1/CANCELLATION_LOCUS_AND_NONCANCELLATION_CRITERIA.tex,.tex,2821,3529ecacf16006959c52fca6ec0cd3f2c0c7d73bc7d4363aba7dba7f9d1b6de0,True,utf-8-sig,False
_GF1_WORK/FRESH/PB1/M3A_MONOMIAL_PULLBACK_FACE_COLLISION_PB1/CLAIM_AND_NOVELTY_LEDGER.md,.md,2939,4585b4b1362d53058eaf9309b4882dc8ce661651c5b85bb3187e33acd6b53b76,True,utf-8-sig,False
_GF1_WORK/FRESH/PB1/M3A_MONOMIAL_PULLBACK_FACE_COLLISION_PB1/CODE_INDEPENDENT_A/direct_substitution.py,.py,3386,1460f57172e8fd086ddef015677e0f703dba1e4db29b58f622ea36573988ea40,True,utf-8-sig,False
_GF1_WORK/FRESH/PB1/M3A_MONOMIAL_PULLBACK_FACE_COLLISION_PB1/CODE_INDEPENDENT_B/graded_convex.py,.py,3274,14ece30a8f47bcee4ee8d5f7bef1eea26cc52972bd95448902327a8fe5ff8d07,True,utf-8-sig,False
_GF1_WORK/FRESH/PB1/M3A_MONOMIAL_PULLBACK_FACE_COLLISION_PB1/CODE_PRIMARY/canonical_io.py,.py,885,36f1e9c83e64160b48a9d801402bde57be375a5d8f5b251e514c796c73ee7ddd,True,utf-8-sig,False
_GF1_WORK/FRESH/PB1/M3A_MONOMIAL_PULLBACK_FACE_COLLISION_PB1/CODE_PRIMARY/create_release.py,.py,1480,06f3497ac2077855a70a13eeac140ab5ea7298a9bf56c1451f5247da3729b812,True,utf-8-sig,False
_GF1_WORK/FRESH/PB1/M3A_MONOMIAL_PULLBACK_FACE_COLLISION_PB1/CODE_PRIMARY/pb1_primary.py,.py,29834,439f34f8c102258d0fc9e69c1df296cd0fcfd2cb08e04b4f2fdb9cf8e79b7439,True,utf-8-sig,False
_GF1_WORK/FRESH/PB1/M3A_MONOMIAL_PULLBACK_FACE_COLLISION_PB1/CODE_PRIMARY/seal_package.py,.py,1694,4fa1e273db71bf0b94a63b221349d840a052efa2e3e5b50c1f0f6c1474f6e02d,True,utf-8-sig,False
_GF1_WORK/FRESH/PB1/M3A_MONOMIAL_PULLBACK_FACE_COLLISION_PB1/CODE_PRIMARY/verify_package.py,.py,5569,83a8ecdb108dc4cba4cf42c9237bf4c0e1b0681b0e2c20cd70dd9b054ff72521,True,utf-8-sig,False
_GF1_WORK/FRESH/PB1/M3A_MONOMIAL_PULLBACK_FACE_COLLISION_PB1/CODE_PRIMARY/verify_release.py,.py,2229,d93548cbbb92784c62eab5f8f826eb1d48b5c05601c008cac6acbc1d282081ca,True,utf-8-sig,False
_GF1_WORK/FRESH/PB1/M3A_MONOMIAL_PULLBACK_FACE_COLLISION_PB1/COMPARISON_POLICY.json,.json,716,33b414ef3a64818ddad3da3f3adf339b5bf7ed4d0416cf6bb2db5875ddc2f789,True,utf-8-sig,False
_GF1_WORK/FRESH/PB1/M3A_MONOMIAL_PULLBACK_FACE_COLLISION_PB1/COUNTEREXAMPLES_AND_CONTROLS.md,.md,12610,cb77e7d81da13169d4f5af2f27ecf412f5d5cb2a336152f4311b06c2c59b14ab,True,utf-8-sig,False
_GF1_WORK/FRESH/PB1/M3A_MONOMIAL_PULLBACK_FACE_COLLISION_PB1/DATA/direct_substitution.json,.json,678,182b2ccaee2a078f7806b6d9d260dcdbd53d34569b4e524cbe976f433117f981,True,utf-8-sig,False
_GF1_WORK/FRESH/PB1/M3A_MONOMIAL_PULLBACK_FACE_COLLISION_PB1/DATA/graded_convex.json,.json,488,312abc4280ec07ee3457b99eb46960abc9ce9cebf65053b1143b5fa31ce8af1f,True,utf-8-sig,False
_GF1_WORK/FRESH/PB1/M3A_MONOMIAL_PULLBACK_FACE_COLLISION_PB1/DATA/independent_javascript.json,.json,477,5b6999bb5b687521286c476cdf0e160ff4ef3412c647ca0514a6695cf739ad24,True,utf-8-sig,False
_GF1_WORK/FRESH/PB1/M3A_MONOMIAL_PULLBACK_FACE_COLLISION_PB1/DATA/primary_exact.json,.json,38305,9a54cdba15ffc2ca4417579204e341121807ab6c799b62a71857bd108dc2da8e,True,utf-8-sig,False
_GF1_WORK/FRESH/PB1/M3A_MONOMIAL_PULLBACK_FACE_COLLISION_PB1/DATA/random_census.json,.json,1229799,57a70416c951ed3f52b892086a8fa9b6a9ee47e3c98dc51641e32a060e8ed758,True,utf-8-sig,False
_GF1_WORK/FRESH/PB1/M3A_MONOMIAL_PULLBACK_FACE_COLLISION_PB1/DEFINITIONS_AND_CONVENTIONS.md,.md,1800,6936b57745e03132de48898e29f4cbc92d2a602722c3faa51ac68462bd00da06,True,utf-8-sig,False
_GF1_WORK/FRESH/PB1/M3A_MONOMIAL_PULLBACK_FACE_COLLISION_PB1/EA1_SCALAR_RAY_PULLBACK_COROLLARY.tex,.tex,1638,570822786f3c42643fec826ccd1ab582599ad9bae9a1a0f083b35c4df6bc729a,True,utf-8-sig,False
_GF1_WORK/FRESH/PB1/M3A_MONOMIAL_PULLBACK_FACE_COLLISION_PB1/ENVIRONMENT_SPECIFICATION.txt,.txt,910,cc92e861ccd2d347215f5cdbf1075f801a137f7636a1ff5eab3b75af6c4c16d1,True,utf-8-sig,False
_GF1_WORK/FRESH/PB1/M3A_MONOMIAL_PULLBACK_FACE_COLLISION_PB1/EXACT_MONOMIAL_PULLBACK_THEOREM.tex,.tex,2115,f52d706ada6a5c875526d5b2cc05538f7915e4d327251961f4536f2b3fc520c7,True,utf-8-sig,False
_GF1_WORK/FRESH/PB1/M3A_MONOMIAL_PULLBACK_FACE_COLLISION_PB1/EXPECTED/direct_substitution.json,.json,678,182b2ccaee2a078f7806b6d9d260dcdbd53d34569b4e524cbe976f433117f981,False,,True
_GF1_WORK/FRESH/PB1/M3A_MONOMIAL_PULLBACK_FACE_COLLISION_PB1/EXPECTED/graded_convex.json,.json,488,312abc4280ec07ee3457b99eb46960abc9ce9cebf65053b1143b5fa31ce8af1f,False,,True
_GF1_WORK/FRESH/PB1/M3A_MONOMIAL_PULLBACK_FACE_COLLISION_PB1/EXPECTED/independent_javascript.json,.json,477,5b6999bb5b687521286c476cdf0e160ff4ef3412c647ca0514a6695cf739ad24,False,,True
_GF1_WORK/FRESH/PB1/M3A_MONOMIAL_PULLBACK_FACE_COLLISION_PB1/EXPECTED/primary_exact.json,.json,38305,9a54cdba15ffc2ca4417579204e341121807ab6c799b62a71857bd108dc2da8e,False,,True
_GF1_WORK/FRESH/PB1/M3A_MONOMIAL_PULLBACK_FACE_COLLISION_PB1/EXPECTED/random_census.json,.json,1229799,57a70416c951ed3f52b892086a8fa9b6a9ee47e3c98dc51641e32a060e8ed758,False,,True
_GF1_WORK/FRESH/PB1/M3A_MONOMIAL_PULLBACK_FACE_COLLISION_PB1/EXPECTED_CANONICAL.sha256,.sha256,668,7b93a31db5264f51830e03bb2b82f836fbe78ddaf8d4d78a37b2fd135a45d754,False,,False
_GF1_WORK/FRESH/PB1/M3A_MONOMIAL_PULLBACK_FACE_COLLISION_PB1/EXPONENT_LATTICE_AND_COLLISION_FIBRES.md,.md,1245,f876fe18343030fd58e13c393015d44c3e1c3b62fa032fd211838df32319fa09,True,utf-8-sig,False
_GF1_WORK/FRESH/PB1/M3A_MONOMIAL_PULLBACK_FACE_COLLISION_PB1/FAILURE_LEDGER.md,.md,2802,32ab1c2eece629987938884ef604dd8c2b3e5e5b8dbe6de4f6dacee5ad07685f,True,utf-8-sig,False
_GF1_WORK/FRESH/PB1/M3A_MONOMIAL_PULLBACK_FACE_COLLISION_PB1/FINAL_PB1_REPORT.md,.md,10271,c1885ee545ddd23aabed363860701ec36f6a9bf1d7772b6d92d2405fea978236,True,utf-8-sig,False
_GF1_WORK/FRESH/PB1/M3A_MONOMIAL_PULLBACK_FACE_COLLISION_PB1/INPUT_ARCHIVES.sha256,.sha256,720,d27e2e1bd8e93eff01f8ae89a5dff496042ec8465c39b89dd8cf845d9ce16a61,False,,False
_GF1_WORK/FRESH/PB1/M3A_MONOMIAL_PULLBACK_FACE_COLLISION_PB1/INPUTS/_ARC1_CORRECTED_WORK.zip,.zip,71692325,,False,,False
_GF1_WORK/FRESH/PB1/M3A_MONOMIAL_PULLBACK_FACE_COLLISION_PB1/INPUTS/M3A_Diagonal_Family_Trichotomy_Paper_R1_2.pdf,.pdf,374126,4135498db2f973d8c3dbd4f77b8ebc94c2f3ea8bfc11e9dd710ef694b65d3222,False,,False
_GF1_WORK/FRESH/PB1/M3A_MONOMIAL_PULLBACK_FACE_COLLISION_PB1/INPUTS/M3A_Diagonal_Family_Trichotomy_Paper_R1_2.tex,.tex,36123,c5e1d29848307e0b3852d962a6af843499524377ff72c97b647af03052e35009,False,,True
_GF1_WORK/FRESH/PB1/M3A_MONOMIAL_PULLBACK_FACE_COLLISION_PB1/INPUTS/M3A_ENDPOINT_ACCESS_WORD_SUPPORT_EA1_R1_1.zip,.zip,143146908,,False,,False
_GF1_WORK/FRESH/PB1/M3A_MONOMIAL_PULLBACK_FACE_COLLISION_PB1/INPUTS/M3A_ENDPOINT_ACCESS_WORD_SUPPORT_EA1_R1_1.zip.sha256,.sha256,112,34d649d59d30f1eee4a0640a48b354fb0b7ba698578660fefd484fe2df54caad,False,,False
_GF1_WORK/FRESH/PB1/M3A_MONOMIAL_PULLBACK_FACE_COLLISION_PB1/INPUTS/WORKSTATION_PB1_MONOMIAL_PULLBACK_FACE_COLLISION_MASTER_PROMPT.md,.md,27876,f3576bc6558648f44aa57c5268e730076303957db8c1a87418ec915c11012cff,True,utf-8-sig,False
_GF1_WORK/FRESH/PB1/M3A_MONOMIAL_PULLBACK_FACE_COLLISION_PB1/MANIFEST.sha256,.sha256,5363,e58bfc5dcce6b148d32999bc4d486210e730251a760f14d7d2ddb9dee3db87a1,False,,False
_GF1_WORK/FRESH/PB1/M3A_MONOMIAL_PULLBACK_FACE_COLLISION_PB1/MANIFEST_POLICY.md,.md,1495,08ecde1cd8fb9827779660d1dbb3f4d25bd81d30255ab969ff1e9935940b8457,True,utf-8-sig,False
_GF1_WORK/FRESH/PB1/M3A_MONOMIAL_PULLBACK_FACE_COLLISION_PB1/MONOMIAL_LEADING_ANALYTIC_CLOCK_THEOREM.tex,.tex,2287,62769f13f95f55a5444e50c934ca6c3c64683e0d3df3e60aeb28737e198584d1,True,utf-8-sig,False
_GF1_WORK/FRESH/PB1/M3A_MONOMIAL_PULLBACK_FACE_COLLISION_PB1/MONOMIAL_PULLBACK_COMPOSITION_THEOREM.tex,.tex,1538,fe381daf4db2494272df24929454ce06e1c33327d0703777116bda28c9f3023f,True,utf-8-sig,False
_GF1_WORK/FRESH/PB1/M3A_MONOMIAL_PULLBACK_FACE_COLLISION_PB1/MV1_HANDOFF.md,.md,2407,bd22af5ebe44133d30bbe5e5833eb90eafb6d50703b3cc6de6f137e07d471221,True,utf-8-sig,False
_GF1_WORK/FRESH/PB1/M3A_MONOMIAL_PULLBACK_FACE_COLLISION_PB1/NAIVE_IMAGE_VERSUS_ACTUAL_SUPPORT.tex,.tex,2006,a9d6302da6f0f55995655e1b40c5eb402f549540aad4b68fd2edb10d3af3c54c,True,utf-8-sig,False
_GF1_WORK/FRESH/PB1/M3A_MONOMIAL_PULLBACK_FACE_COLLISION_PB1/ONE_PARAMETER_FACE_COEFFICIENT_THEOREM.tex,.tex,1376,3e41b18595d28e4776c06703529ddbbe2ee33a9668660495130518fa9b1e1802,True,utf-8-sig,False
_GF1_WORK/FRESH/PB1/M3A_MONOMIAL_PULLBACK_FACE_COLLISION_PB1/PB1_EXACT_CERTIFICATES.json,.json,38305,9a54cdba15ffc2ca4417579204e341121807ab6c799b62a71857bd108dc2da8e,False,,True
_GF1_WORK/FRESH/PB1/M3A_MONOMIAL_PULLBACK_FACE_COLLISION_PB1/PB1_RANDOM_CENSUS.json,.json,1229799,57a70416c951ed3f52b892086a8fa9b6a9ee47e3c98dc51641e32a060e8ed758,False,,True
_GF1_WORK/FRESH/PB1/M3A_MONOMIAL_PULLBACK_FACE_COLLISION_PB1/POST_CANCELLATION_JET_FIREWALL.md,.md,1361,eb9dec00465b146f3cb8e8179abba4f0a639b83d9897690a4d0c71d05d09345f,True,utf-8-sig,False
_GF1_WORK/FRESH/PB1/M3A_MONOMIAL_PULLBACK_FACE_COLLISION_PB1/PRIOR_ART_AUDIT.md,.md,5154,66166e8079c3944c83a509a2bec5bc0ab9c86aa363026112b6da85e70895368a,True,utf-8-sig,False
_GF1_WORK/FRESH/PB1/M3A_MONOMIAL_PULLBACK_FACE_COLLISION_PB1/R1_2_FIXED_FIBRE_PULLBACK_RECOVERY.md,.md,1436,90c92284ab11df0306d43c0ca27db0984e6433fdaa9dadc9dfdb62229a917d7d,True,utf-8-sig,False
_GF1_WORK/FRESH/PB1/M3A_MONOMIAL_PULLBACK_FACE_COLLISION_PB1/REPRODUCE.sh,.sh,833,0cd59e307ecc1dcbd166792d137ac7e4853b8bcbd2f03ae31cf5e3b5d01efe11,True,utf-8-sig,False
_GF1_WORK/FRESH/PB1/M3A_MONOMIAL_PULLBACK_FACE_COLLISION_PB1/REPRODUCIBILITY_PROTOCOL.md,.md,1379,e608627ef4cafe03607182d1a9fe52272867a2b581fb635aa8be9e9f12096c66,True,utf-8-sig,False
_GF1_WORK/FRESH/PC0/M3A_000029_exact_polynomial_certificate/code/verify_m3a_000029.py,.py,2228,c24b59c0f441a2f80ce53b6cad66b99bf6401f509f41a6cd64b984afae559c14,True,utf-8-sig,False
_GF1_WORK/FRESH/PC0/M3A_000029_exact_polynomial_certificate/MANIFEST.sha256,.sha256,651,4c1cc046190d3e94c103d5854d2dd3c230762474d26fd50be50c29417550a6d4,False,,False
_GF1_WORK/FRESH/PC0/M3A_000029_exact_polynomial_certificate/outputs/exact_results.json,.json,12055,c174aa5abb9385425e2b31476c2d12d4eced0863eca045ec701a84b79c20ea2a,True,utf-8-sig,False
_GF1_WORK/FRESH/PC0/M3A_000029_exact_polynomial_certificate/outputs/verification_report.txt,.txt,1145,409a89e1c77538d150b2b6d421fdf0ccd3b0c490df059068609bdd5c5560cd06,True,utf-8-sig,False
_GF1_WORK/FRESH/PC0/M3A_000029_exact_polynomial_certificate/README.md,.md,759,9920747c88e006108a796cd96b2e5ae47fe4d5241bf65853f2b7b1c34bb457ce,True,utf-8-sig,False
_GF1_WORK/FRESH/PC0/M3A_000029_exact_polynomial_certificate/report/M3A_000029_resolvent_certificate.md,.md,6691,bb3fab6e52505f6f29ec2d2546cc2d5b16868b4fee297d0201d21d498e6682ae,True,utf-8-sig,False
_GF1_WORK/FRESH/PC0/M3A_000029_exact_polynomial_certificate/source/M3A_000029_record.json,.json,1072,fc91004487424b75b59a9cd1bd247a5f4a784fa2ed0aa6ec87280acb89f7e2df,True,utf-8-sig,False
_GF1_WORK/FRESH/PC0/M3A_000029_exact_polynomial_certificate/source/PROVENANCE.md,.md,579,627384a87e18ade38e5b1fbba3144cb3fedbe4ad1bc0e698133876910e659ffa,True,utf-8-sig,False
_GF1_WORK/integrity_gate.py,.py,7713,9dd5f8f2d396bd5bb0a100a36225cee65c24d7bc14e37c11cf242add7d2d6c56,True,utf-8-sig,False
_GF1_WORK/mixed_survivor.py,.py,1572,1721ce7e603c7dd6c65c75f426d99dcd546a14f54577e8ee389f830b41c8ff32,True,utf-8-sig,False
_HANDOFF_GENERATOR_WORK.zip,.zip,55980834,,False,,False
_HANDOFF_GENERATOR_WORK/final_seal_result.json,.json,309,97904f3b5178170a5b9a45a851fd598e0bcf8783ff917e2d6d4bd9d9c268c7c8,True,utf-8-sig,False
_HANDOFF_GENERATOR_WORK/generate_index.py,.py,15547,ae9285edcce32196d636f5e2e13b23b431441a2b26b224022ac847c9d2f572ba,True,utf-8-sig,False
_HANDOFF_GENERATOR_WORK/index_stats.json,.json,148,37f73aab0774bec3f6121a88b93ab26a70b8e9a08e2a4f567c82882b730edb7b,True,utf-8-sig,False
_HANDOFF_GENERATOR_WORK/M3A Calculas - copy/M3A_Finite_Channel_Calculus.zip,.zip,22104,ba72f8f40eccd7b6d096ee8738a7db24c95624fef024269e470f7068616bc536,False,,False
_HANDOFF_GENERATOR_WORK/M3A Prompts - copy/M3A_clean_session_handoff.zip,.zip,599923,94521ca6c56698691f380ac00a92d360028af0aaac8bbdf1b01931aafa5e4d77,False,,False
_HANDOFF_GENERATOR_WORK/M3A Prompts - copy/M3A_Prior_Art_Corrected_Source.zip,.zip,372069,68312c63883c4ad3628f0b390927895eb604bdf1f69e27b9f5aba19b00129a67,False,,False
_HANDOFF_GENERATOR_WORK/M3A Prompts - copy/M3A_Research_Prompt_Series_All_Stages (1).zip,.zip,323234,66f74b9883bbe1829bb427bd898c5f66cab0e4f257b2bf4d58a1fc61d3936be4,False,,False
_HANDOFF_GENERATOR_WORK/M3A Prompts - copy/M3A_Research_Prompt_Series_All_Stages.zip,.zip,323234,66f74b9883bbe1829bb427bd898c5f66cab0e4f257b2bf4d58a1fc61d3936be4,False,,False
_HANDOFF_GENERATOR_WORK/M3A Prompts - copy/M3A_Stage2_Clean_Handoff.zip,.zip,6773685,9c14c077a798abbec4d745e8378f21344582cfa867ce916b941ebbbcb2463692,False,,False
_HANDOFF_GENERATOR_WORK/M3A Prompts - copy/M3A_Stage3_Clean_Handoff.zip,.zip,6210604,3ceb3f464378dafc8eaefd8012022b445f675a95df2fc72c4f894a8eb8dc20db,False,,False
_HANDOFF_GENERATOR_WORK/M3A Prompts - copy/M3A_Stage4_Clean_Handoff.zip,.zip,2641689,fbb1952dd7ceebb1a61af221a7405c423396d8e35c457406029d0726a33bda8b,False,,False
_HANDOFF_GENERATOR_WORK/M3A Prompts - copy/M3A_Stage5_Clean_Handoff.zip,.zip,9703260,73b3c6915a8791ff7034573d9690d49a1fd2fb9009c35f6a731ba273ff0ee17e,False,,False
_HANDOFF_GENERATOR_WORK/M3A Prompts - copy/M3A_Stage6_Clean_Handoff.zip,.zip,4475804,9c7bbf816c7db94dcee05d48f37801529d6a876d08f8f083757333b08a568c6a,False,,False
_HANDOFF_GENERATOR_WORK/M3A Prompts - copy/M3A_Stage_4_Formulate_M3A_Open_Prompt_REVISED.pdf,.pdf,24849,0af67a30e68ffa3cf0d46d0cff8d852eef29f1ffd7c83373876b93dfe39e3cbf,False,,False
_HANDOFF_GENERATOR_WORK/M3A Prompts - copy/M3A_Stage_5_Obstruction_Index_Theory_Prompt_REVISED.pdf,.pdf,31540,7123c3d925d5d9430fcbb220b90358c46d029acc97196bcab198fbf7f0043d41,False,,False
_HANDOFF_GENERATOR_WORK/M3A Prompts - copy/M3A_Stage_6_Physical_Validation_Applications_Interpretation_REVISED.pdf,.pdf,24428,e0036359c03cad30333d8f875c7b23639e636730ee62b2943185a475dc1eff4a,False,,False
_HANDOFF_GENERATOR_WORK/M3A Theorem - copy/M3A_Diagonal_Family_Trichotomy_Paper.pdf,.pdf,353698,69090c55192c56afc5d933cb163e4f58522c6d6df08e10177d2c33f170c3d810,False,,False
_HANDOFF_GENERATOR_WORK/M3A Theorem - copy/M3A_Diagonal_Family_Trichotomy_Paper.tex,.tex,26832,6dadff623ff90e92090f395b9f23d2ed2f54d5d6773fe06f9aaefdca37b0e539,True,utf-8-sig,False
_HANDOFF_GENERATOR_WORK/M3A Theorem - copy/M3A_Diagonal_Family_Trichotomy_Paper_R1_1.pdf,.pdf,357423,36b27ccef80998fd43517be20d7915772d24a8f9d055b8abd0532054761f0013,False,,False
_HANDOFF_GENERATOR_WORK/M3A Theorem - copy/M3A_Diagonal_Family_Trichotomy_Paper_R1_1.pdf.sha256,.sha256,112,7bae86c25ba60d7ab42bb908b644aba413792d28fa301491231ddd5e2b2d4096,False,,False
_HANDOFF_GENERATOR_WORK/M3A Theorem - copy/M3A_Diagonal_Family_Trichotomy_Paper_R1_1.tex,.tex,28225,1b8d04a04dcf5941566368b261932e78c7773beb83b8816af35de1ebb3902d6e,False,,True
_HANDOFF_GENERATOR_WORK/M3A Theorem - copy/M3A_Diagonal_Family_Trichotomy_Paper_R1_1.tex.sha256,.sha256,112,b30647c671b0e8a56d520b7759895f6d2287dba324ef2032ab0a3a6c5c176ecc,False,,False
_HANDOFF_GENERATOR_WORK/M3A Theorem - copy/M3A_Diagonal_Family_Trichotomy_Paper_R1_1_Source.zip,.zip,12474,1b71dd4e94b4d244e3e39348626930f75ca0ec7cbb63bb347976614e6dcffdea,False,,False
_HANDOFF_GENERATOR_WORK/M3A Theorem - copy/M3A_Diagonal_Family_Trichotomy_Paper_R1_1_Source.zip.sha256,.sha256,119,86cc6adfc88df049b48d097a0b831fdc54591c93b9db0ac86e2193b54d0e429c,False,,False
_HANDOFF_GENERATOR_WORK/M3A Theorem - copy/M3A_Diagonal_Family_Trichotomy_Paper_Source.zip,.zip,357375,ba28dc634d43b537a2a1f1a487944eef0c167e7f63ae608c8b7e3d351b5af362,False,,False
_HANDOFF_GENERATOR_WORK/M3A Theorem - copy/M3A_Diagonal_Family_Trichotomy_References.bib,.bib,2742,e0a24e33307f3dcd5b732b3c74e9ba71be03ab36863ccdd89b3c4326d45790f6,True,utf-8-sig,False
_HANDOFF_GENERATOR_WORK/M3A_000029_FIRST_PRINCIPLES_REDERIVATION_POSITIVE_WEIGHT_THEOREM - copy/BOUNDARY_DESTRUCTION_AUDIT.md,.md,4568,a032b821fc40394b1696e68aaf699d4ee959c531bbe3b5c9af41e28cc334e3a0,True,utf-8-sig,False
_HANDOFF_GENERATOR_WORK/M3A_000029_FIRST_PRINCIPLES_REDERIVATION_POSITIVE_WEIGHT_THEOREM - copy/CHECKSUM/exact_checksum.py,.py,7180,32c7fb72aa2874d942160ffd74be3c0dbd6b32c8dd6e70c971ac911fdb5dba01,True,utf-8-sig,False
_HANDOFF_GENERATOR_WORK/M3A_000029_FIRST_PRINCIPLES_REDERIVATION_POSITIVE_WEIGHT_THEOREM - copy/CHECKSUM_RESULTS.json,.json,2190,5086b6326860f7b84301960ca5e890b2a5c034ee5ea7dbff058837ef73a36650,True,utf-8-sig,False
_HANDOFF_GENERATOR_WORK/M3A_000029_FIRST_PRINCIPLES_REDERIVATION_POSITIVE_WEIGHT_THEOREM - copy/CHECKSUM_RESULTS.sha256,.sha256,169,1117ee0d9aa495f69ea0b7d8c98371a78c2339b1cca38365de78ae5dcf0b4e5d,False,,False
_HANDOFF_GENERATOR_WORK/M3A_000029_FIRST_PRINCIPLES_REDERIVATION_POSITIVE_WEIGHT_THEOREM - copy/FINAL_ASSESSMENT.md,.md,713,e01f578858dc18f4faacf2a55291d769cdb78782fa1e71a3b566a089b0700a15,True,utf-8-sig,False
_HANDOFF_GENERATOR_WORK/M3A_000029_FIRST_PRINCIPLES_REDERIVATION_POSITIVE_WEIGHT_THEOREM - copy/FIRST_PRINCIPLES_DERIVATION.md,.md,11335,1db4d768969ef9b760b1b899a34eb945ba346fba2228c71e1f06e8a9cc77ab91,True,utf-8-sig,False
_HANDOFF_GENERATOR_WORK/M3A_000029_FIRST_PRINCIPLES_REDERIVATION_POSITIVE_WEIGHT_THEOREM - copy/MANIFEST.sha256,.sha256,883,fc7849e720c7d6f24fb47a2f7c74eb8a4fea51f0094b5dc5fe0db75466b30ae6,False,,False
_HANDOFF_GENERATOR_WORK/M3A_000029_FIRST_PRINCIPLES_REDERIVATION_POSITIVE_WEIGHT_THEOREM - copy/RAW_MODEL.json,.json,270,ee54e5b1087c5ef4b1ab75a388edc9325e65585a7f45234b5986a95e4c49a38f,True,utf-8-sig,False
_HANDOFF_GENERATOR_WORK/M3A_000029_FIRST_PRINCIPLES_REDERIVATION_POSITIVE_WEIGHT_THEOREM - copy/README.md,.md,689,47402b6d8c5634fd5c4abb1b3e9fdfc20c4826de56fd7ae871a87f8ec2391602,True,utf-8-sig,False
_HANDOFF_GENERATOR_WORK/M3A_000029_FIRST_PRINCIPLES_REDERIVATION_POSITIVE_WEIGHT_THEOREM - copy/REPRODUCE.py,.py,1736,90fa7592a5a5e54b4474429683265f52d2d0e2bf4570559515cf1faaffb1e0b5,True,utf-8-sig,False
_HANDOFF_GENERATOR_WORK/M3A_000029_FIRST_PRINCIPLES_REDERIVATION_POSITIVE_WEIGHT_THEOREM - copy/SOURCE_PROMPT.sha256,.sha256,155,cb9b7a4efbd412ad7a448054b6ececde59a523181004ed8399b0aa9cc7da1f28,False,,False
_HANDOFF_GENERATOR_WORK/M3A_DIAGONAL_FAMILY_TRICHOTOMY_TF1_R1_1 - copy.zip,.zip,23380247,,False,,False
_HANDOFF_GENERATOR_WORK/M3A_RESEARCH_PROGRAMME_HANDOFF_README_2026-07-31.zip,.zip,69231,74bee92102deb915746cdf9da9335c1b424d5e39af6357c0aba07da45e4dca3b,False,,False
_HANDOFF_GENERATOR_WORK/scan_inventory.json,.json,1073691,0a69284d798c4aac8324931bb2e6f0a91e354d31252b8d2bb0218cdda1cab2a5,True,utf-8-sig,False
_HANDOFF_GENERATOR_WORK/scan_inventory.py,.py,15209,f5d50d9fb19fc1bada5a84fba9a15721083bbf820cda7e01e28cb4758e588c9c,True,utf-8-sig,False
_HANDOFF_GENERATOR_WORK/seal_package.py,.py,7651,a502329381f916dfc74c360ef29de0efe9b006ebd85622951e730f813ecc7e6e,True,utf-8-sig,False
_MV1_WORK/FINAL_FRESH_BRIEF_R1_0/MV1_COLLEAGUE_BRIEF/EXPECTED_BRIEF.json,.json,338,1c926c2cb16167c894f5869c679b4845932abf3e70a46aa28b10bb837360c4e6,False,,True
_MV1_WORK/FINAL_FRESH_BRIEF_R1_0/MV1_COLLEAGUE_BRIEF/GLOSSARY.md,.md,465,89a1241bc25e72747778f0d3a969bdd88cf1b5537c24c6bd12f384a5f61bf528,False,,True
_MV1_WORK/FINAL_FRESH_BRIEF_R1_0/MV1_COLLEAGUE_BRIEF/LOCKED_DEFINITIONS.md,.md,526,066da64ec3de672edc58c833d92c84d36070bca8dfcc26a93eb0c05b6a404212,False,,True
_MV1_WORK/FINAL_FRESH_BRIEF_R1_0/MV1_COLLEAGUE_BRIEF/MANIFEST.sha256,.sha256,1112,cc9fda43e0592f5457a6a5595882c7b0955e06571e1070fad75d491c0b04e234,False,,False
_MV1_WORK/FINAL_FRESH_BRIEF_R1_0/MV1_COLLEAGUE_BRIEF/MINIMAL_REPRO.py,.py,673,9276499cd26950b1bb8b456d247f968d57cf4f42fbbc2d79d36675ef803dc402,False,,True
_MV1_WORK/FINAL_FRESH_BRIEF_R1_0/MV1_COLLEAGUE_BRIEF/MOMENT_VERSUS_AMPLITUDE.md,.md,365,d1714d69411c999fe6992bc4605acb9085c6c9dc7d4188848f2fa631f33d812c,False,,True
_MV1_WORK/FINAL_FRESH_BRIEF_R1_0/MV1_COLLEAGUE_BRIEF/OPEN_GAPS.md,.md,347,f3499075270de18890c6ba52276b96515dd03e064380b8fc051440763c83f749,False,,True
_MV1_WORK/FINAL_FRESH_BRIEF_R1_0/MV1_COLLEAGUE_BRIEF/PROVED_RESULTS.md,.md,629,2583ad69a0e08d0a00cf39b667da0d0b6837e9cd1a2e00937978e6fcf40c1779,False,,True
_MV1_WORK/FINAL_FRESH_BRIEF_R1_0/MV1_COLLEAGUE_BRIEF/REPRODUCE_BRIEF.sh,.sh,353,409850cdf182621ba434c92c9ab01161b7b03f460df3a1ce84fbb84d108fd940,False,,True
_MV1_WORK/FINAL_FRESH_BRIEF_R1_0/MV1_COLLEAGUE_BRIEF/REPRODUCTION_COMMANDS.md,.md,231,10cc73fa3b724f2e0b91671319e4a0a933f6fd01abc790c95c946c7ecbd06613,False,,True
_MV1_WORK/FINAL_FRESH_BRIEF_R1_0/MV1_COLLEAGUE_BRIEF/SOURCE_MAP.md,.md,291,3ac57bb719c2dbe455e534f2a683fbea8d6bedcd50ca5662c01ceeedc3af00e5,False,,True
_MV1_WORK/FINAL_FRESH_BRIEF_R1_0/MV1_COLLEAGUE_BRIEF/START_HERE.md,.md,457,285a06ac1c1984396407b4af405a3195b7acacb4f733f03350d33c3bd7948b24,False,,True
_MV1_WORK/FINAL_FRESH_BRIEF_R1_0/MV1_COLLEAGUE_BRIEF/UNIVERSAL_OBJECT_VERSUS_PULLBACKS.md,.md,392,fb722c72127874eb99b90b1564fe1c32aa293bf58784529e313697504806fb1b,False,,True
_MV1_WORK/FINAL_FRESH_BRIEF_R1_0/MV1_COLLEAGUE_BRIEF/VERIFY_BRIEF.py,.py,730,dae8fb276c8a9996d56612bc143f75993d60452de7ebf5eb63e26cfbc41d4298,False,,True
_MV1_WORK/FINAL_FRESH_MAIN_R1_0/M3A_UNIVERSAL_MULTIVARIATE_DIAGONAL_ATLAS_MV1/ACTUAL_COORDINATE_RESOLVENT_THEOREM.tex,.tex,676,12b55db2e985f53a4c0cac3c1ba6f3c253c63fc0da0bed8b1b106120976b2dc1,False,,True
_MV1_WORK/FINAL_FRESH_MAIN_R1_0/M3A_UNIVERSAL_MULTIVARIATE_DIAGONAL_ATLAS_MV1/ASSUMPTIONS_AND_SCOPE_LOCK.md,.md,1016,82acaa11a1bc2cdd1123141a40fff60a74ebf92e07d59e49841c49515559ee32,False,,True
_MV1_WORK/FINAL_FRESH_MAIN_R1_0/M3A_UNIVERSAL_MULTIVARIATE_DIAGONAL_ATLAS_MV1/ATLAS_NODE_SCHEMA.json,.json,709,13159f27b60e482e1bc3ddee856d5930d7331471bfbc13ba96cf60f9026b3b92,False,,True
_MV1_WORK/FINAL_FRESH_MAIN_R1_0/M3A_UNIVERSAL_MULTIVARIATE_DIAGONAL_ATLAS_MV1/ATLAS_TERMINATION_OR_GAP_THEOREM.tex,.tex,1104,3ea78710a52d0bee40dbe7f706d9f99a1aa8cb224754ad44a9640b7d00dfd97e,False,,True
_MV1_WORK/FINAL_FRESH_MAIN_R1_0/M3A_UNIVERSAL_MULTIVARIATE_DIAGONAL_ATLAS_MV1/AUTHORITATIVE_INPUT_MAP.md,.md,1137,f88048c79af9ced30ba979dad5e19b342714fb171040ae373196491b6813c9e6,False,,True
_MV1_WORK/FINAL_FRESH_MAIN_R1_0/M3A_UNIVERSAL_MULTIVARIATE_DIAGONAL_ATLAS_MV1/CLAIM_AND_NOVELTY_LEDGER.md,.md,1038,da6abd822c0a232cd3920dde8d4a18418fb24efb9786cedd3a3465791cab518e,False,,True
_MV1_WORK/FINAL_FRESH_MAIN_R1_0/M3A_UNIVERSAL_MULTIVARIATE_DIAGONAL_ATLAS_MV1/CLAIM_TO_REFERENCE_LEDGER.csv,.csv,1001,e7e5c2494b9f9ae0e56b06d83ba262d3918671e5940c2afb1ad6dc819af36a3f,False,,True
_MV1_WORK/FINAL_FRESH_MAIN_R1_0/M3A_UNIVERSAL_MULTIVARIATE_DIAGONAL_ATLAS_MV1/CODE_INDEPENDENT_A/word_enumeration.py,.py,1999,4453a4720b0166ca807be036fee47fd47410a6a187ff5bd7fb9c5066b65acae4,False,,True
_MV1_WORK/FINAL_FRESH_MAIN_R1_0/M3A_UNIVERSAL_MULTIVARIATE_DIAGONAL_ATLAS_MV1/CODE_INDEPENDENT_C/convex_atlas.py,.py,1622,39d63e6bc4798b8b9b58181e5733ed354423e14326b772603110c4a900762d07,False,,True
_MV1_WORK/FINAL_FRESH_MAIN_R1_0/M3A_UNIVERSAL_MULTIVARIATE_DIAGONAL_ATLAS_MV1/CODE_INDEPENDENT_C/direct_pullback.py,.py,10093,78c27217f84b27b758c4412fc48706e64002ec482986b15e2cb313d1936348db,True,utf-8-sig,False
_MV1_WORK/FINAL_FRESH_MAIN_R1_0/M3A_UNIVERSAL_MULTIVARIATE_DIAGONAL_ATLAS_MV1/CODE_PRIMARY/compare_and_verify.py,.py,2354,b18d2f29614b063328626ee4f1cfe7cdebb2bd4cd78036c1bfbb1efac1702e2e,True,utf-8-sig,False
_MV1_WORK/FINAL_FRESH_MAIN_R1_0/M3A_UNIVERSAL_MULTIVARIATE_DIAGONAL_ATLAS_MV1/CODE_PRIMARY/deterministic_zip.py,.py,1092,d118ead5ec11cfa966fa01155daa8bac12947bf01a814db47b778a2f617db4c2,False,,True
_MV1_WORK/FINAL_FRESH_MAIN_R1_0/M3A_UNIVERSAL_MULTIVARIATE_DIAGONAL_ATLAS_MV1/CODE_PRIMARY/mv1_primary.py,.py,9999,da7f13d26db873beca09350bc0be69b29bdaa4b3eaac23d0b0ecb337444093e6,True,utf-8-sig,False
_MV1_WORK/FINAL_FRESH_MAIN_R1_0/M3A_UNIVERSAL_MULTIVARIATE_DIAGONAL_ATLAS_MV1/CODE_PRIMARY/reproduce.ps1,.ps1,878,2157464da35f049246c0262f4c542d51aaa82f27a3953952b540087912c811a0,False,,True
_MV1_WORK/FINAL_FRESH_MAIN_R1_0/M3A_UNIVERSAL_MULTIVARIATE_DIAGONAL_ATLAS_MV1/CODE_PRIMARY/seal_release.py,.py,2258,c1fd77973ca865df95b824e140fb0789d6ef76acf085a05584c2abb8452d6547,True,utf-8-sig,False
_MV1_WORK/FINAL_FRESH_MAIN_R1_0/M3A_UNIVERSAL_MULTIVARIATE_DIAGONAL_ATLAS_MV1/CODE_PRIMARY/verify_archive.py,.py,1700,aae383b39883e80e3038cd7df5e14627d1c0de6341d3fcb40471547a1276fd11,False,,True
_MV1_WORK/FINAL_FRESH_MAIN_R1_0/M3A_UNIVERSAL_MULTIVARIATE_DIAGONAL_ATLAS_MV1/CODE_PRIMARY/verify_manifest.py,.py,882,e27209e179f9baac926bfa9bb3b715420567b0eb29f7115a13e03444ca07751a,True,utf-8-sig,False
_MV1_WORK/FINAL_FRESH_MAIN_R1_0/M3A_UNIVERSAL_MULTIVARIATE_DIAGONAL_ATLAS_MV1/COMPARISON_POLICY.json,.json,550,15c1a943817a18307858545aca8f977c65a364e04d9c554952c0aedbb026fa0a,False,,True
_MV1_WORK/FINAL_FRESH_MAIN_R1_0/M3A_UNIVERSAL_MULTIVARIATE_DIAGONAL_ATLAS_MV1/COUNTEREXAMPLES_AND_CONTROLS.md,.md,1475,c65bffc362d16d5e23184aeed4a48cd410d9decb76f72c423acdf398d3435a97,True,utf-8-sig,False
_MV1_WORK/FINAL_FRESH_MAIN_R1_0/M3A_UNIVERSAL_MULTIVARIATE_DIAGONAL_ATLAS_MV1/DATA/convex_atlas.json,.json,4200,6d61af8b30ff7f6235d9af87541eeea138196d7aefb250713793ef7480bab8b7,False,,True
_MV1_WORK/FINAL_FRESH_MAIN_R1_0/M3A_UNIVERSAL_MULTIVARIATE_DIAGONAL_ATLAS_MV1/DATA/denominator.json,.json,13170,5df4ac21db2b729cf0fde161b17486e89329781a7e5252e7e5fee577e7c6b7b3,False,,True
_MV1_WORK/FINAL_FRESH_MAIN_R1_0/M3A_UNIVERSAL_MULTIVARIATE_DIAGONAL_ATLAS_MV1/DATA/direct_pullback.json,.json,20754,2737da8397eaec443b48954c5612c7bbbbd2295429c1580fe06e52a7dea7fa49,True,utf-8-sig,False
_MV1_WORK/FINAL_FRESH_MAIN_R1_0/M3A_UNIVERSAL_MULTIVARIATE_DIAGONAL_ATLAS_MV1/DATA/discrepancy_detection.json,.json,324,339acc1744ade1186c2748c52770c1c99cdc1a8d8f29475f4e4c13215bcfb670,True,utf-8-sig,False
_MV1_WORK/FINAL_FRESH_MAIN_R1_0/M3A_UNIVERSAL_MULTIVARIATE_DIAGONAL_ATLAS_MV1/DATA/independent_resolvent.json,.json,8432,912532031034ff3e46aeaa81eea8a8bc8bd3fbd7a68a78b25ead1ac58e28bf6b,False,,True
_MV1_WORK/FINAL_FRESH_MAIN_R1_0/M3A_UNIVERSAL_MULTIVARIATE_DIAGONAL_ATLAS_MV1/DATA/independent_words.json,.json,3190,601e4bc5136842808a5667a3406d572520cd458d74a52e60fa670f360cfb8eaa,False,,True
_MV1_WORK/FINAL_FRESH_MAIN_R1_0/M3A_UNIVERSAL_MULTIVARIATE_DIAGONAL_ATLAS_MV1/DATA/primary.json,.json,25965,6c374b193325fe50e0297d49840d11646587702cd4e50da2163b0c062e70fd8c,False,,True
_MV1_WORK/FINAL_FRESH_MAIN_R1_0/M3A_UNIVERSAL_MULTIVARIATE_DIAGONAL_ATLAS_MV1/DATA/random_census.json,.json,74854,72c1547d99241bc90ec3ca8e79fee28300ae52be515453bd3f95bcd846134d41,True,utf-8-sig,False
_MV1_WORK/FINAL_FRESH_MAIN_R1_0/M3A_UNIVERSAL_MULTIVARIATE_DIAGONAL_ATLAS_MV1/ENVIRONMENT_SPECIFICATION.txt,.txt,578,cb661eca16b2461acc1d3be794ba499179e072d77cf21fa07528e2354e239da9,False,,True
_MV1_WORK/FINAL_FRESH_MAIN_R1_0/M3A_UNIVERSAL_MULTIVARIATE_DIAGONAL_ATLAS_MV1/EXACT_DENOMINATOR.json,.json,13170,5df4ac21db2b729cf0fde161b17486e89329781a7e5252e7e5fee577e7c6b7b3,False,,True
_MV1_WORK/FINAL_FRESH_MAIN_R1_0/M3A_UNIVERSAL_MULTIVARIATE_DIAGONAL_ATLAS_MV1/EXACT_WORD_AND_ENDPOINT_SUPPORT_THEOREM.tex,.tex,1101,1976521d88846fe0a48bc8191cccd566aa63bdc596e625d0cce04d27b414e204,False,,True
_MV1_WORK/FINAL_FRESH_MAIN_R1_0/M3A_UNIVERSAL_MULTIVARIATE_DIAGONAL_ATLAS_MV1/EXPECTED/verification_summary.json,.json,216,d2e569842cae6f233fa19b7dd180affc7980eec18b47a7e566f3d67a765b3895,True,utf-8-sig,False
_MV1_WORK/FINAL_FRESH_MAIN_R1_0/M3A_UNIVERSAL_MULTIVARIATE_DIAGONAL_ATLAS_MV1/EXPECTED_CANONICAL.sha256,.sha256,926,3efea08a69bb1a7441b1ac93081efec152d53cf3f0f07a8488f58dcdf8551968,False,,False
_MV1_WORK/FINAL_FRESH_MAIN_R1_0/M3A_UNIVERSAL_MULTIVARIATE_DIAGONAL_ATLAS_MV1/FAILURE_LEDGER.md,.md,1209,98e74c84a9a81d600f1d495f93ab96777e8da4655ec3f190f5ae1fb2be3dd13a,False,,True
_MV1_WORK/FINAL_FRESH_MAIN_R1_0/M3A_UNIVERSAL_MULTIVARIATE_DIAGONAL_ATLAS_MV1/FINAL_MV1_REPORT.md,.md,6601,436e1f3f0521957be53a46a07e8388b62574ae254fc7e25d5de700c9999181a0,True,utf-8-sig,False
_MV1_WORK/FINAL_FRESH_MAIN_R1_0/M3A_UNIVERSAL_MULTIVARIATE_DIAGONAL_ATLAS_MV1/FIXED_FIBRE_PULLBACK_RECOVERY.md,.md,538,3760e4ca4bab48234004d60c5923e4c07e26ff0a448b68c6f9a1d88b227dda0b,False,,True
_MV1_WORK/FINAL_FRESH_MAIN_R1_0/M3A_UNIVERSAL_MULTIVARIATE_DIAGONAL_ATLAS_MV1/INDEPENDENT_COORDINATE_PROTOCOLS.tex,.tex,802,5bf14382858dde87e804fd5f5fe00dc19da189eb2b09fec0ff51a0227db4a45a,False,,True
_MV1_WORK/FINAL_FRESH_MAIN_R1_0/M3A_UNIVERSAL_MULTIVARIATE_DIAGONAL_ATLAS_MV1/INPUT_HASHES.sha256,.sha256,1736,c5c521b0498055273c836a9e1b35be277445a31bdc1b8518b9edd062b03c48bd,False,,False
_MV1_WORK/FINAL_FRESH_MAIN_R1_0/M3A_UNIVERSAL_MULTIVARIATE_DIAGONAL_ATLAS_MV1/INPUT_INTEGRITY_REPORT.md,.md,2378,7464c670d82a04b784041cee4797ee082b0354d916494b7d95e4c4e3c66b39af,False,,True
_MV1_WORK/FINAL_FRESH_MAIN_R1_0/M3A_UNIVERSAL_MULTIVARIATE_DIAGONAL_ATLAS_MV1/INPUTS/_ARC1_CORRECTED_WORK.zip,.zip,71692325,,False,,False
_MV1_WORK/FINAL_FRESH_MAIN_R1_0/M3A_UNIVERSAL_MULTIVARIATE_DIAGONAL_ATLAS_MV1/INPUTS/M3A_000029_exact_polynomial_certificate.zip,.zip,9415,6ec4425d54a3e69a10a91fa0d56c9241b67fdbfb1bc71428664cf3752eb5e72e,False,,False
_MV1_WORK/FINAL_FRESH_MAIN_R1_0/M3A_UNIVERSAL_MULTIVARIATE_DIAGONAL_ATLAS_MV1/INPUTS/M3A_ARC1_COLLEAGUE_LOCKED_DEFINITIONS_R1_0.zip,.zip,453182,7d3dae54eb29b9d59711cfc69cb1d6e8ca52d133c569ae99c7c46a5581adf442,False,,False
_MV1_WORK/FINAL_FRESH_MAIN_R1_0/M3A_UNIVERSAL_MULTIVARIATE_DIAGONAL_ATLAS_MV1/INPUTS/M3A_ARC1_COLLEAGUE_LOCKED_DEFINITIONS_R1_0.zip.sha256,.sha256,113,ca9255cc4833722d3dd0a7e13a6d9b16f494fd639f2777dfb31cb9a7521af7e4,False,,False
_MV1_WORK/FINAL_FRESH_MAIN_R1_0/M3A_UNIVERSAL_MULTIVARIATE_DIAGONAL_ATLAS_MV1/INPUTS/M3A_Diagonal_Family_Trichotomy_Paper_R1_2.pdf,.pdf,374126,4135498db2f973d8c3dbd4f77b8ebc94c2f3ea8bfc11e9dd710ef694b65d3222,False,,False
_MV1_WORK/FINAL_FRESH_MAIN_R1_0/M3A_UNIVERSAL_MULTIVARIATE_DIAGONAL_ATLAS_MV1/INPUTS/M3A_Diagonal_Family_Trichotomy_Paper_R1_2.tex,.tex,36123,c5e1d29848307e0b3852d962a6af843499524377ff72c97b647af03052e35009,False,,True
_MV1_WORK/FINAL_FRESH_MAIN_R1_0/M3A_UNIVERSAL_MULTIVARIATE_DIAGONAL_ATLAS_MV1/INPUTS/M3A_ENDPOINT_ACCESS_WORD_SUPPORT_EA1_R1_1.zip,.zip,143146908,,False,,False
_MV1_WORK/FINAL_FRESH_MAIN_R1_0/M3A_UNIVERSAL_MULTIVARIATE_DIAGONAL_ATLAS_MV1/INPUTS/M3A_ENDPOINT_ACCESS_WORD_SUPPORT_EA1_R1_1.zip.sha256,.sha256,112,34d649d59d30f1eee4a0640a48b354fb0b7ba698578660fefd484fe2df54caad,False,,False
_MV1_WORK/FINAL_FRESH_MAIN_R1_0/M3A_UNIVERSAL_MULTIVARIATE_DIAGONAL_ATLAS_MV1/INPUTS/M3A_MONOMIAL_PULLBACK_FACE_COLLISION_PB1_R1_0.zip,.zip,215437525,,False,,False
_MV1_WORK/FINAL_FRESH_MAIN_R1_0/M3A_UNIVERSAL_MULTIVARIATE_DIAGONAL_ATLAS_MV1/INPUTS/M3A_MONOMIAL_PULLBACK_FACE_COLLISION_PB1_R1_0.zip.sha256,.sha256,116,60c94c0078276a9bdc913387fdc1d4737b8c902591cea650014fc6bb8230d21f,False,,False
_MV1_WORK/FINAL_FRESH_MAIN_R1_0/M3A_UNIVERSAL_MULTIVARIATE_DIAGONAL_ATLAS_MV1/INPUTS/M3A_NEWTON_PROTOCOL_ATLAS_NP1_R1_0.zip,.zip,23801570,,False,,False
_MV1_WORK/FINAL_FRESH_MAIN_R1_0/M3A_UNIVERSAL_MULTIVARIATE_DIAGONAL_ATLAS_MV1/INPUTS/M3A_NEWTON_PROTOCOL_ATLAS_NP1_R1_0.zip.sha256,.sha256,105,dc8afe50cffae339cb51d040472f2f7755af22cf709b719b718031289072d4d2,False,,False
_MV1_WORK/FINAL_FRESH_MAIN_R1_0/M3A_UNIVERSAL_MULTIVARIATE_DIAGONAL_ATLAS_MV1/INPUTS/WORKSTATION_MV1_UNIVERSAL_MULTIVARIATE_DIAGONAL_NEWTON_INITIAL_ATLAS_R1_0.md,.md,28840,d3d57038f8f3a77fe660ff9673874d78232e059d828118eac919129031b7378f,False,,True
_MV1_WORK/FINAL_FRESH_MAIN_R1_0/M3A_UNIVERSAL_MULTIVARIATE_DIAGONAL_ATLAS_MV1/INPUTS/WORKSTATION_MV1_UNIVERSAL_MULTIVARIATE_DIAGONAL_NEWTON_INITIAL_ATLAS_R1_0.md.sha256,.sha256,143,c014773dc022dc2ea09ef47db5898b23d7ae8598820dd4e22aa0a6d5ebf76e81,False,,False
_MV1_WORK/FINAL_FRESH_MAIN_R1_0/M3A_UNIVERSAL_MULTIVARIATE_DIAGONAL_ATLAS_MV1/LEVEL_ZERO_CANCELLATION_IDEALS.json,.json,355,91cf584090a7906469a82a629da07c11d46e1d3302cdde8ab8a92a1dc0c61422,False,,True
_MV1_WORK/FINAL_FRESH_MAIN_R1_0/M3A_UNIVERSAL_MULTIVARIATE_DIAGONAL_ATLAS_MV1/LEVEL_ZERO_INITIAL_ATLAS.tex,.tex,757,c1b9a105592e52043c2767c498528b0db9a20fdc7d150cc5098c4cd231510699,False,,True
_MV1_WORK/FINAL_FRESH_MAIN_R1_0/M3A_UNIVERSAL_MULTIVARIATE_DIAGONAL_ATLAS_MV1/LOCKED_MODEL_AND_SCOPE.md,.md,583,74b57f72d2fcfce64245001667b25d6ee421d0e8f721f5a0c0d13265d0009356,False,,True
_MV1_WORK/FINAL_FRESH_MAIN_R1_0/M3A_UNIVERSAL_MULTIVARIATE_DIAGONAL_ATLAS_MV1/MANIFEST.sha256,.sha256,9355,46f605c9606761dfabe1981f9b46a8f0ddb00bfc7c1797504554bb32863d9552,False,,False
_MV1_WORK/FINAL_FRESH_MAIN_R1_0/M3A_UNIVERSAL_MULTIVARIATE_DIAGONAL_ATLAS_MV1/MANIFEST_POLICY.md,.md,602,5e15cb1dead8ac72f4da5bdd9ba10fdb0d899844599a577a6c9b8d53c0f5bc95,False,,True
_MV1_WORK/FINAL_FRESH_MAIN_R1_0/M3A_UNIVERSAL_MULTIVARIATE_DIAGONAL_ATLAS_MV1/MIXED_TIME_DEPTH_COUNTEREXAMPLES.md,.md,694,fb000108173b066c1f1ad179c7dbe3dcfcf227e99655092034c06059edbdc407,False,,True
_MV1_WORK/FINAL_FRESH_MAIN_R1_0/M3A_UNIVERSAL_MULTIVARIATE_DIAGONAL_ATLAS_MV1/MOMENT_AMPLITUDE_INITIAL_FORM_COMPARISON.tex,.tex,762,c78a6f614cec590a474d6ca4b7635ade2028a6ef6bca519c8149874a04a8f606,False,,True
_MV1_WORK/FINAL_FRESH_MAIN_R1_0/M3A_UNIVERSAL_MULTIVARIATE_DIAGONAL_ATLAS_MV1/MOMENT_VERSUS_AMPLITUDE_FIREWALL.md,.md,822,e41b9cc7e61d7867e5e221db68a60fe28ed58a800e2137e5457695c087920687,False,,True
_MV1_WORK/FINAL_FRESH_MAIN_R1_0/M3A_UNIVERSAL_MULTIVARIATE_DIAGONAL_ATLAS_MV1/MOVING_DIRECTION_COMPOSITION_COROLLARY.md,.md,676,9d50af1d83a8cd00398d81aba50606270e2e572fd83be4b16611ac11b5541700,False,,True
_MV1_WORK/FINAL_FRESH_MAIN_R1_0/M3A_UNIVERSAL_MULTIVARIATE_DIAGONAL_ATLAS_MV1/MV1_COLLEAGUE_BRIEF/EXPECTED_BRIEF.json,.json,338,1c926c2cb16167c894f5869c679b4845932abf3e70a46aa28b10bb837360c4e6,False,,True
_MV1_WORK/FINAL_FRESH_MAIN_R1_0/M3A_UNIVERSAL_MULTIVARIATE_DIAGONAL_ATLAS_MV1/MV1_COLLEAGUE_BRIEF/GLOSSARY.md,.md,465,89a1241bc25e72747778f0d3a969bdd88cf1b5537c24c6bd12f384a5f61bf528,False,,True
_MV1_WORK/FINAL_FRESH_MAIN_R1_0/M3A_UNIVERSAL_MULTIVARIATE_DIAGONAL_ATLAS_MV1/MV1_COLLEAGUE_BRIEF/LOCKED_DEFINITIONS.md,.md,526,066da64ec3de672edc58c833d92c84d36070bca8dfcc26a93eb0c05b6a404212,False,,True
_MV1_WORK/FINAL_FRESH_MAIN_R1_0/M3A_UNIVERSAL_MULTIVARIATE_DIAGONAL_ATLAS_MV1/MV1_COLLEAGUE_BRIEF/MANIFEST.sha256,.sha256,1112,cc9fda43e0592f5457a6a5595882c7b0955e06571e1070fad75d491c0b04e234,False,,False
_MV1_WORK/FINAL_FRESH_MAIN_R1_0/M3A_UNIVERSAL_MULTIVARIATE_DIAGONAL_ATLAS_MV1/MV1_COLLEAGUE_BRIEF/MINIMAL_REPRO.py,.py,673,9276499cd26950b1bb8b456d247f968d57cf4f42fbbc2d79d36675ef803dc402,False,,True
_MV1_WORK/FINAL_FRESH_MAIN_R1_0/M3A_UNIVERSAL_MULTIVARIATE_DIAGONAL_ATLAS_MV1/MV1_COLLEAGUE_BRIEF/MOMENT_VERSUS_AMPLITUDE.md,.md,365,d1714d69411c999fe6992bc4605acb9085c6c9dc7d4188848f2fa631f33d812c,False,,True
_MV1_WORK/FINAL_FRESH_MAIN_R1_0/M3A_UNIVERSAL_MULTIVARIATE_DIAGONAL_ATLAS_MV1/MV1_COLLEAGUE_BRIEF/OPEN_GAPS.md,.md,347,f3499075270de18890c6ba52276b96515dd03e064380b8fc051440763c83f749,False,,True
_MV1_WORK/FINAL_FRESH_MAIN_R1_0/M3A_UNIVERSAL_MULTIVARIATE_DIAGONAL_ATLAS_MV1/MV1_COLLEAGUE_BRIEF/PROVED_RESULTS.md,.md,629,2583ad69a0e08d0a00cf39b667da0d0b6837e9cd1a2e00937978e6fcf40c1779,False,,True
_MV1_WORK/FINAL_FRESH_MAIN_R1_0/M3A_UNIVERSAL_MULTIVARIATE_DIAGONAL_ATLAS_MV1/MV1_COLLEAGUE_BRIEF/REPRODUCE_BRIEF.sh,.sh,353,409850cdf182621ba434c92c9ab01161b7b03f460df3a1ce84fbb84d108fd940,False,,True
_MV1_WORK/FINAL_FRESH_MAIN_R1_0/M3A_UNIVERSAL_MULTIVARIATE_DIAGONAL_ATLAS_MV1/MV1_COLLEAGUE_BRIEF/REPRODUCTION_COMMANDS.md,.md,231,10cc73fa3b724f2e0b91671319e4a0a933f6fd01abc790c95c946c7ecbd06613,False,,True
_MV1_WORK/FINAL_FRESH_MAIN_R1_0/M3A_UNIVERSAL_MULTIVARIATE_DIAGONAL_ATLAS_MV1/MV1_COLLEAGUE_BRIEF/SOURCE_MAP.md,.md,291,3ac57bb719c2dbe455e534f2a683fbea8d6bedcd50ca5662c01ceeedc3af00e5,False,,True
_MV1_WORK/FINAL_FRESH_MAIN_R1_0/M3A_UNIVERSAL_MULTIVARIATE_DIAGONAL_ATLAS_MV1/MV1_COLLEAGUE_BRIEF/START_HERE.md,.md,457,285a06ac1c1984396407b4af405a3195b7acacb4f733f03350d33c3bd7948b24,False,,True
_MV1_WORK/FINAL_FRESH_MAIN_R1_0/M3A_UNIVERSAL_MULTIVARIATE_DIAGONAL_ATLAS_MV1/MV1_COLLEAGUE_BRIEF/UNIVERSAL_OBJECT_VERSUS_PULLBACKS.md,.md,392,fb722c72127874eb99b90b1564fe1c32aa293bf58784529e313697504806fb1b,False,,True
_MV1_WORK/FINAL_FRESH_MAIN_R1_0/M3A_UNIVERSAL_MULTIVARIATE_DIAGONAL_ATLAS_MV1/MV1_COLLEAGUE_BRIEF/VERIFY_BRIEF.py,.py,730,dae8fb276c8a9996d56612bc143f75993d60452de7ebf5eb63e26cfbc41d4298,False,,True
_MV1_WORK/FINAL_FRESH_MAIN_R1_0/M3A_UNIVERSAL_MULTIVARIATE_DIAGONAL_ATLAS_MV1/MV1_EXACT_CONTROL_CERTIFICATES.json,.json,18178,c15022c505682a253aeb58d589dcc37a11ce9a7fa98bff0bd85e0e57896e72f9,True,utf-8-sig,False
_MV1_WORK/FINAL_FRESH_MAIN_R1_0/M3A_UNIVERSAL_MULTIVARIATE_DIAGONAL_ATLAS_MV1/MV1_RANDOM_CENSUS.json,.json,74854,72c1547d99241bc90ec3ca8e79fee28300ae52be515453bd3f95bcd846134d41,False,,True
_MV1_WORK/FINAL_FRESH_MAIN_R1_0/M3A_UNIVERSAL_MULTIVARIATE_DIAGONAL_ATLAS_MV1/MV2_HANDOFF.md,.md,809,672a23f526e410fe62d5d454be2b94d434b29542146dd18823e6320c65195ccc,False,,True
_MV1_WORK/FINAL_FRESH_MAIN_R1_0/M3A_UNIVERSAL_MULTIVARIATE_DIAGONAL_ATLAS_MV1/NEWTON_POLYHEDRON_CERTIFICATE.json,.json,325,770bea8b059eb163b5ed73c9f5bab24b931e13f3ae4a8f7635247dc449d9cae8,False,,True
_MV1_WORK/FINAL_FRESH_MAIN_R1_0/M3A_UNIVERSAL_MULTIVARIATE_DIAGONAL_ATLAS_MV1/NOTATION_TRANSLATION_LEDGER.md,.md,994,c509055a82cf6bd41c78a1a7c26b888b51ed1be3a0e80de3e3839c2fa7aea86e,False,,True
_MV1_WORK/FINAL_FRESH_MAIN_R1_0/M3A_UNIVERSAL_MULTIVARIATE_DIAGONAL_ATLAS_MV1/PB1_MV1_COMPATIBILITY_LEDGER.md,.md,1028,8ebf31ac9b233070047ac1105fc83ceb54675103e9f5323fc47f3e7feb6bbaec,False,,True
_MV1_WORK/FINAL_FRESH_MAIN_R1_0/M3A_UNIVERSAL_MULTIVARIATE_DIAGONAL_ATLAS_MV1/POSITIVE_NORMAL_FAN.md,.md,567,c12f10be1fca07adf56be58fcc615a4b4ffd6c4e8fc2badaf9a2c393d8c4da93,False,,True
_MV1_WORK/FINAL_FRESH_MAIN_R1_0/M3A_UNIVERSAL_MULTIVARIATE_DIAGONAL_ATLAS_MV1/PRIOR_ART_AUDIT.md,.md,3855,99610b41018ca4005df95e61847f92d043e1c0d503757e5d925d137699d6092b,False,,True
_MV1_WORK/FINAL_FRESH_MAIN_R1_0/M3A_UNIVERSAL_MULTIVARIATE_DIAGONAL_ATLAS_MV1/PRIOR_ART_SEARCH_LOG.csv,.csv,1918,01aa06634c4184d01c438472522b6f4f6f44fbbc29e48ab35b99c2e1a64c466e,False,,True
_MV1_WORK/FINAL_FRESH_MAIN_R1_0/M3A_UNIVERSAL_MULTIVARIATE_DIAGONAL_ATLAS_MV1/RECURSIVE_PROTOCOL_ATLAS_DEFINITION.tex,.tex,923,07d664d9365d844b378efea3a4043e14d755fc4717981e3d7fdf0e197a04084e,False,,True
_MV1_WORK/FINAL_FRESH_MAIN_R1_0/M3A_UNIVERSAL_MULTIVARIATE_DIAGONAL_ATLAS_MV1/REPRODUCE.sh,.sh,209,ae87d8eba176fb49a27ea93cd09aa8eb674d828c7e0347ce05ff1eae88ad832d,False,,True
_MV1_WORK/FINAL_FRESH_MAIN_R1_0/M3A_UNIVERSAL_MULTIVARIATE_DIAGONAL_ATLAS_MV1/REPRODUCIBILITY_PROTOCOL.md,.md,917,0614b2a29d4920cbfa3fdb31bb3c7a397f75df98ca843134d72999f2888fbbb7,False,,True
_MV1_WORK/FINAL_FRESH_MAIN_R1_0/M3A_UNIVERSAL_MULTIVARIATE_DIAGONAL_ATLAS_MV1/SCALAR_RAY_PULLBACK_RECOVERY.tex,.tex,671,c4fcb257bc5d9650e03811dd20daee0107a561a47ef69756a77d84d6926d87f4,False,,True
_MV1_WORK/FINAL_FRESH_MAIN_R1_0/M3A_UNIVERSAL_MULTIVARIATE_DIAGONAL_ATLAS_MV1/TRANSFORMED_MOMENT_GENERATING_THEOREM.tex,.tex,624,6b0422259082bbfc9aa678d1743638a6d272a5b3b4d1e0759be7560edb06b011,False,,True
_MV1_WORK/FINAL_FRESH_MAIN_R1_0/M3A_UNIVERSAL_MULTIVARIATE_DIAGONAL_ATLAS_MV1/UNIVERSAL_COEFFICIENT_DEFINITIONS.tex,.tex,772,7b5d7e9ab74cbc1a7b5ec98bfe67d0d0821eb2cc8b1d1cdc112b0ebb96e1e430,False,,True
_MV1_WORK/FINAL_FRESH_MAIN_R1_0/M3A_UNIVERSAL_MULTIVARIATE_DIAGONAL_ATLAS_MV1/UNIVERSAL_MINIMAL_TIME_LAYER_THEOREM.tex,.tex,675,4ce9df70ead18d0b026a3f263ad07b9bd1e68578318744b271018e18116aa9c4,False,,True
_MV1_WORK/FINAL_FRESH_MAIN_R1_0/M3A_UNIVERSAL_MULTIVARIATE_DIAGONAL_ATLAS_MV1/UNIVERSAL_NEWTON_POLYHEDRON_THEOREM.tex,.tex,937,112d50ea6f3c78b3e7a6db4f3866432de59e29eb34f64949d9b6da987b39b8cd,False,,True
_MV1_WORK/FINAL_FRESH_MAIN_R1_0/M3A_UNIVERSAL_MULTIVARIATE_DIAGONAL_ATLAS_MV1/UNRESOLVED_GAPS.md,.md,831,3ec5ba1b8b9a9dfdefcb732a1f8b0ccde242ec830b48c24d7e4c34cc3cfbfe89,False,,True
_MV1_WORK/FINAL_FRESH_MAIN_R1_0_C/M3A_UNIVERSAL_MULTIVARIATE_DIAGONAL_ATLAS_MV1/ACTUAL_COORDINATE_RESOLVENT_THEOREM.tex,.tex,676,12b55db2e985f53a4c0cac3c1ba6f3c253c63fc0da0bed8b1b106120976b2dc1,False,,True
_MV1_WORK/FINAL_FRESH_MAIN_R1_0_C/M3A_UNIVERSAL_MULTIVARIATE_DIAGONAL_ATLAS_MV1/ASSUMPTIONS_AND_SCOPE_LOCK.md,.md,1016,82acaa11a1bc2cdd1123141a40fff60a74ebf92e07d59e49841c49515559ee32,False,,True
_MV1_WORK/FINAL_FRESH_MAIN_R1_0_C/M3A_UNIVERSAL_MULTIVARIATE_DIAGONAL_ATLAS_MV1/ATLAS_NODE_SCHEMA.json,.json,709,13159f27b60e482e1bc3ddee856d5930d7331471bfbc13ba96cf60f9026b3b92,False,,True
_MV1_WORK/FINAL_FRESH_MAIN_R1_0_C/M3A_UNIVERSAL_MULTIVARIATE_DIAGONAL_ATLAS_MV1/ATLAS_TERMINATION_OR_GAP_THEOREM.tex,.tex,1104,3ea78710a52d0bee40dbe7f706d9f99a1aa8cb224754ad44a9640b7d00dfd97e,False,,True
_MV1_WORK/FINAL_FRESH_MAIN_R1_0_C/M3A_UNIVERSAL_MULTIVARIATE_DIAGONAL_ATLAS_MV1/AUTHORITATIVE_INPUT_MAP.md,.md,1137,f88048c79af9ced30ba979dad5e19b342714fb171040ae373196491b6813c9e6,False,,True
_MV1_WORK/FINAL_FRESH_MAIN_R1_0_C/M3A_UNIVERSAL_MULTIVARIATE_DIAGONAL_ATLAS_MV1/CLAIM_AND_NOVELTY_LEDGER.md,.md,1038,da6abd822c0a232cd3920dde8d4a18418fb24efb9786cedd3a3465791cab518e,False,,True
_MV1_WORK/FINAL_FRESH_MAIN_R1_0_C/M3A_UNIVERSAL_MULTIVARIATE_DIAGONAL_ATLAS_MV1/CLAIM_TO_REFERENCE_LEDGER.csv,.csv,1001,e7e5c2494b9f9ae0e56b06d83ba262d3918671e5940c2afb1ad6dc819af36a3f,False,,True
_MV1_WORK/FINAL_FRESH_MAIN_R1_0_C/M3A_UNIVERSAL_MULTIVARIATE_DIAGONAL_ATLAS_MV1/CODE_INDEPENDENT_A/word_enumeration.py,.py,1999,4453a4720b0166ca807be036fee47fd47410a6a187ff5bd7fb9c5066b65acae4,False,,True
_MV1_WORK/FINAL_FRESH_MAIN_R1_0_C/M3A_UNIVERSAL_MULTIVARIATE_DIAGONAL_ATLAS_MV1/CODE_INDEPENDENT_C/convex_atlas.py,.py,1622,39d63e6bc4798b8b9b58181e5733ed354423e14326b772603110c4a900762d07,False,,True
_MV1_WORK/FINAL_FRESH_MAIN_R1_0_C/M3A_UNIVERSAL_MULTIVARIATE_DIAGONAL_ATLAS_MV1/CODE_INDEPENDENT_C/direct_pullback.py,.py,10093,78c27217f84b27b758c4412fc48706e64002ec482986b15e2cb313d1936348db,False,,True
_MV1_WORK/FINAL_FRESH_MAIN_R1_0_C/M3A_UNIVERSAL_MULTIVARIATE_DIAGONAL_ATLAS_MV1/CODE_PRIMARY/compare_and_verify.py,.py,2354,b18d2f29614b063328626ee4f1cfe7cdebb2bd4cd78036c1bfbb1efac1702e2e,False,,True
_MV1_WORK/FINAL_FRESH_MAIN_R1_0_C/M3A_UNIVERSAL_MULTIVARIATE_DIAGONAL_ATLAS_MV1/CODE_PRIMARY/deterministic_zip.py,.py,1092,d118ead5ec11cfa966fa01155daa8bac12947bf01a814db47b778a2f617db4c2,False,,True
_MV1_WORK/FINAL_FRESH_MAIN_R1_0_C/M3A_UNIVERSAL_MULTIVARIATE_DIAGONAL_ATLAS_MV1/CODE_PRIMARY/mv1_primary.py,.py,9999,da7f13d26db873beca09350bc0be69b29bdaa4b3eaac23d0b0ecb337444093e6,False,,True
_MV1_WORK/FINAL_FRESH_MAIN_R1_0_C/M3A_UNIVERSAL_MULTIVARIATE_DIAGONAL_ATLAS_MV1/CODE_PRIMARY/reproduce.ps1,.ps1,878,2157464da35f049246c0262f4c542d51aaa82f27a3953952b540087912c811a0,False,,True
_MV1_WORK/FINAL_FRESH_MAIN_R1_0_C/M3A_UNIVERSAL_MULTIVARIATE_DIAGONAL_ATLAS_MV1/CODE_PRIMARY/seal_release.py,.py,2280,6dad88919cec26f068113ab4f49d6f5b022ae8b2c93ccbd611c5e8b99aeba3f3,False,,True
_MV1_WORK/FINAL_FRESH_MAIN_R1_0_C/M3A_UNIVERSAL_MULTIVARIATE_DIAGONAL_ATLAS_MV1/CODE_PRIMARY/verify_archive.py,.py,1700,aae383b39883e80e3038cd7df5e14627d1c0de6341d3fcb40471547a1276fd11,False,,True
_MV1_WORK/FINAL_FRESH_MAIN_R1_0_C/M3A_UNIVERSAL_MULTIVARIATE_DIAGONAL_ATLAS_MV1/CODE_PRIMARY/verify_manifest.py,.py,888,b3781e65ccda6ab39d0cf5494075e7981f3ce10c5b12170dce93372cbd24817f,False,,True
_MV1_WORK/FINAL_FRESH_MAIN_R1_0_C/M3A_UNIVERSAL_MULTIVARIATE_DIAGONAL_ATLAS_MV1/COMPARISON_POLICY.json,.json,550,15c1a943817a18307858545aca8f977c65a364e04d9c554952c0aedbb026fa0a,False,,True
_MV1_WORK/FINAL_FRESH_MAIN_R1_0_C/M3A_UNIVERSAL_MULTIVARIATE_DIAGONAL_ATLAS_MV1/COUNTEREXAMPLES_AND_CONTROLS.md,.md,1475,c65bffc362d16d5e23184aeed4a48cd410d9decb76f72c423acdf398d3435a97,False,,True
_MV1_WORK/FINAL_FRESH_MAIN_R1_0_C/M3A_UNIVERSAL_MULTIVARIATE_DIAGONAL_ATLAS_MV1/DATA/convex_atlas.json,.json,4200,6d61af8b30ff7f6235d9af87541eeea138196d7aefb250713793ef7480bab8b7,False,,True
_MV1_WORK/FINAL_FRESH_MAIN_R1_0_C/M3A_UNIVERSAL_MULTIVARIATE_DIAGONAL_ATLAS_MV1/DATA/denominator.json,.json,13170,5df4ac21db2b729cf0fde161b17486e89329781a7e5252e7e5fee577e7c6b7b3,False,,True
_MV1_WORK/FINAL_FRESH_MAIN_R1_0_C/M3A_UNIVERSAL_MULTIVARIATE_DIAGONAL_ATLAS_MV1/DATA/direct_pullback.json,.json,20754,2737da8397eaec443b48954c5612c7bbbbd2295429c1580fe06e52a7dea7fa49,False,,True
_MV1_WORK/FINAL_FRESH_MAIN_R1_0_C/M3A_UNIVERSAL_MULTIVARIATE_DIAGONAL_ATLAS_MV1/DATA/discrepancy_detection.json,.json,324,339acc1744ade1186c2748c52770c1c99cdc1a8d8f29475f4e4c13215bcfb670,False,,True
_MV1_WORK/FINAL_FRESH_MAIN_R1_0_C/M3A_UNIVERSAL_MULTIVARIATE_DIAGONAL_ATLAS_MV1/DATA/independent_resolvent.json,.json,8432,912532031034ff3e46aeaa81eea8a8bc8bd3fbd7a68a78b25ead1ac58e28bf6b,False,,True
_MV1_WORK/FINAL_FRESH_MAIN_R1_0_C/M3A_UNIVERSAL_MULTIVARIATE_DIAGONAL_ATLAS_MV1/DATA/independent_words.json,.json,3190,601e4bc5136842808a5667a3406d572520cd458d74a52e60fa670f360cfb8eaa,False,,True
_MV1_WORK/FINAL_FRESH_MAIN_R1_0_C/M3A_UNIVERSAL_MULTIVARIATE_DIAGONAL_ATLAS_MV1/DATA/primary.json,.json,25965,6c374b193325fe50e0297d49840d11646587702cd4e50da2163b0c062e70fd8c,False,,True
_MV1_WORK/FINAL_FRESH_MAIN_R1_0_C/M3A_UNIVERSAL_MULTIVARIATE_DIAGONAL_ATLAS_MV1/DATA/random_census.json,.json,74854,72c1547d99241bc90ec3ca8e79fee28300ae52be515453bd3f95bcd846134d41,False,,True
_MV1_WORK/FINAL_FRESH_MAIN_R1_0_C/M3A_UNIVERSAL_MULTIVARIATE_DIAGONAL_ATLAS_MV1/ENVIRONMENT_SPECIFICATION.txt,.txt,578,cb661eca16b2461acc1d3be794ba499179e072d77cf21fa07528e2354e239da9,False,,True
_MV1_WORK/FINAL_FRESH_MAIN_R1_0_C/M3A_UNIVERSAL_MULTIVARIATE_DIAGONAL_ATLAS_MV1/EXACT_DENOMINATOR.json,.json,13170,5df4ac21db2b729cf0fde161b17486e89329781a7e5252e7e5fee577e7c6b7b3,False,,True
_MV1_WORK/FINAL_FRESH_MAIN_R1_0_C/M3A_UNIVERSAL_MULTIVARIATE_DIAGONAL_ATLAS_MV1/EXACT_WORD_AND_ENDPOINT_SUPPORT_THEOREM.tex,.tex,1101,1976521d88846fe0a48bc8191cccd566aa63bdc596e625d0cce04d27b414e204,False,,True
_MV1_WORK/FINAL_FRESH_MAIN_R1_0_C/M3A_UNIVERSAL_MULTIVARIATE_DIAGONAL_ATLAS_MV1/EXPECTED/verification_summary.json,.json,216,d2e569842cae6f233fa19b7dd180affc7980eec18b47a7e566f3d67a765b3895,False,,True
_MV1_WORK/FINAL_FRESH_MAIN_R1_0_C/M3A_UNIVERSAL_MULTIVARIATE_DIAGONAL_ATLAS_MV1/EXPECTED_CANONICAL.sha256,.sha256,926,3efea08a69bb1a7441b1ac93081efec152d53cf3f0f07a8488f58dcdf8551968,False,,False
_MV1_WORK/FINAL_FRESH_MAIN_R1_0_C/M3A_UNIVERSAL_MULTIVARIATE_DIAGONAL_ATLAS_MV1/FAILURE_LEDGER.md,.md,1209,98e74c84a9a81d600f1d495f93ab96777e8da4655ec3f190f5ae1fb2be3dd13a,False,,True
_MV1_WORK/FINAL_FRESH_MAIN_R1_0_C/M3A_UNIVERSAL_MULTIVARIATE_DIAGONAL_ATLAS_MV1/FINAL_MV1_REPORT.md,.md,6601,436e1f3f0521957be53a46a07e8388b62574ae254fc7e25d5de700c9999181a0,False,,True
_MV1_WORK/FINAL_FRESH_MAIN_R1_0_C/M3A_UNIVERSAL_MULTIVARIATE_DIAGONAL_ATLAS_MV1/FIXED_FIBRE_PULLBACK_RECOVERY.md,.md,538,3760e4ca4bab48234004d60c5923e4c07e26ff0a448b68c6f9a1d88b227dda0b,False,,True
_MV1_WORK/FINAL_FRESH_MAIN_R1_0_C/M3A_UNIVERSAL_MULTIVARIATE_DIAGONAL_ATLAS_MV1/INDEPENDENT_COORDINATE_PROTOCOLS.tex,.tex,802,5bf14382858dde87e804fd5f5fe00dc19da189eb2b09fec0ff51a0227db4a45a,False,,True
_MV1_WORK/FINAL_FRESH_MAIN_R1_0_C/M3A_UNIVERSAL_MULTIVARIATE_DIAGONAL_ATLAS_MV1/INPUT_HASHES.sha256,.sha256,1736,c5c521b0498055273c836a9e1b35be277445a31bdc1b8518b9edd062b03c48bd,False,,False
_MV1_WORK/FINAL_FRESH_MAIN_R1_0_C/M3A_UNIVERSAL_MULTIVARIATE_DIAGONAL_ATLAS_MV1/INPUT_INTEGRITY_REPORT.md,.md,2378,7464c670d82a04b784041cee4797ee082b0354d916494b7d95e4c4e3c66b39af,False,,True
_MV1_WORK/FINAL_FRESH_MAIN_R1_0_C/M3A_UNIVERSAL_MULTIVARIATE_DIAGONAL_ATLAS_MV1/INPUTS/_ARC1_CORRECTED_WORK.zip,.zip,71692325,,False,,False
_MV1_WORK/FINAL_FRESH_MAIN_R1_0_C/M3A_UNIVERSAL_MULTIVARIATE_DIAGONAL_ATLAS_MV1/INPUTS/M3A_000029_exact_polynomial_certificate.zip,.zip,9415,6ec4425d54a3e69a10a91fa0d56c9241b67fdbfb1bc71428664cf3752eb5e72e,False,,False
_MV1_WORK/FINAL_FRESH_MAIN_R1_0_C/M3A_UNIVERSAL_MULTIVARIATE_DIAGONAL_ATLAS_MV1/INPUTS/M3A_ARC1_COLLEAGUE_LOCKED_DEFINITIONS_R1_0.zip,.zip,453182,7d3dae54eb29b9d59711cfc69cb1d6e8ca52d133c569ae99c7c46a5581adf442,False,,False
_MV1_WORK/FINAL_FRESH_MAIN_R1_0_C/M3A_UNIVERSAL_MULTIVARIATE_DIAGONAL_ATLAS_MV1/INPUTS/M3A_ARC1_COLLEAGUE_LOCKED_DEFINITIONS_R1_0.zip.sha256,.sha256,113,ca9255cc4833722d3dd0a7e13a6d9b16f494fd639f2777dfb31cb9a7521af7e4,False,,False
_MV1_WORK/FINAL_FRESH_MAIN_R1_0_C/M3A_UNIVERSAL_MULTIVARIATE_DIAGONAL_ATLAS_MV1/INPUTS/M3A_Diagonal_Family_Trichotomy_Paper_R1_2.pdf,.pdf,374126,4135498db2f973d8c3dbd4f77b8ebc94c2f3ea8bfc11e9dd710ef694b65d3222,False,,False
_MV1_WORK/FINAL_FRESH_MAIN_R1_0_C/M3A_UNIVERSAL_MULTIVARIATE_DIAGONAL_ATLAS_MV1/INPUTS/M3A_Diagonal_Family_Trichotomy_Paper_R1_2.tex,.tex,36123,c5e1d29848307e0b3852d962a6af843499524377ff72c97b647af03052e35009,False,,True
_MV1_WORK/FINAL_FRESH_MAIN_R1_0_C/M3A_UNIVERSAL_MULTIVARIATE_DIAGONAL_ATLAS_MV1/INPUTS/M3A_ENDPOINT_ACCESS_WORD_SUPPORT_EA1_R1_1.zip,.zip,143146908,,False,,False
_MV1_WORK/FINAL_FRESH_MAIN_R1_0_C/M3A_UNIVERSAL_MULTIVARIATE_DIAGONAL_ATLAS_MV1/INPUTS/M3A_ENDPOINT_ACCESS_WORD_SUPPORT_EA1_R1_1.zip.sha256,.sha256,112,34d649d59d30f1eee4a0640a48b354fb0b7ba698578660fefd484fe2df54caad,False,,False
_MV1_WORK/FINAL_FRESH_MAIN_R1_0_C/M3A_UNIVERSAL_MULTIVARIATE_DIAGONAL_ATLAS_MV1/INPUTS/M3A_MONOMIAL_PULLBACK_FACE_COLLISION_PB1_R1_0.zip,.zip,215437525,,False,,False
_MV1_WORK/FINAL_FRESH_MAIN_R1_0_C/M3A_UNIVERSAL_MULTIVARIATE_DIAGONAL_ATLAS_MV1/INPUTS/M3A_MONOMIAL_PULLBACK_FACE_COLLISION_PB1_R1_0.zip.sha256,.sha256,116,60c94c0078276a9bdc913387fdc1d4737b8c902591cea650014fc6bb8230d21f,False,,False
_MV1_WORK/FINAL_FRESH_MAIN_R1_0_C/M3A_UNIVERSAL_MULTIVARIATE_DIAGONAL_ATLAS_MV1/INPUTS/M3A_NEWTON_PROTOCOL_ATLAS_NP1_R1_0.zip,.zip,23801570,,False,,False
_MV1_WORK/FINAL_FRESH_MAIN_R1_0_C/M3A_UNIVERSAL_MULTIVARIATE_DIAGONAL_ATLAS_MV1/INPUTS/M3A_NEWTON_PROTOCOL_ATLAS_NP1_R1_0.zip.sha256,.sha256,105,dc8afe50cffae339cb51d040472f2f7755af22cf709b719b718031289072d4d2,False,,False
_MV1_WORK/FINAL_FRESH_MAIN_R1_0_C/M3A_UNIVERSAL_MULTIVARIATE_DIAGONAL_ATLAS_MV1/INPUTS/WORKSTATION_MV1_UNIVERSAL_MULTIVARIATE_DIAGONAL_NEWTON_INITIAL_ATLAS_R1_0.md,.md,28840,d3d57038f8f3a77fe660ff9673874d78232e059d828118eac919129031b7378f,False,,True
_MV1_WORK/FINAL_FRESH_MAIN_R1_0_C/M3A_UNIVERSAL_MULTIVARIATE_DIAGONAL_ATLAS_MV1/INPUTS/WORKSTATION_MV1_UNIVERSAL_MULTIVARIATE_DIAGONAL_NEWTON_INITIAL_ATLAS_R1_0.md.sha256,.sha256,143,c014773dc022dc2ea09ef47db5898b23d7ae8598820dd4e22aa0a6d5ebf76e81,False,,False
_MV1_WORK/FINAL_FRESH_MAIN_R1_0_C/M3A_UNIVERSAL_MULTIVARIATE_DIAGONAL_ATLAS_MV1/LEVEL_ZERO_CANCELLATION_IDEALS.json,.json,355,91cf584090a7906469a82a629da07c11d46e1d3302cdde8ab8a92a1dc0c61422,False,,True
_MV1_WORK/FINAL_FRESH_MAIN_R1_0_C/M3A_UNIVERSAL_MULTIVARIATE_DIAGONAL_ATLAS_MV1/LEVEL_ZERO_INITIAL_ATLAS.tex,.tex,757,c1b9a105592e52043c2767c498528b0db9a20fdc7d150cc5098c4cd231510699,False,,True
_MV1_WORK/FINAL_FRESH_MAIN_R1_0_C/M3A_UNIVERSAL_MULTIVARIATE_DIAGONAL_ATLAS_MV1/LOCKED_MODEL_AND_SCOPE.md,.md,583,74b57f72d2fcfce64245001667b25d6ee421d0e8f721f5a0c0d13265d0009356,False,,True
_MV1_WORK/FINAL_FRESH_MAIN_R1_0_C/M3A_UNIVERSAL_MULTIVARIATE_DIAGONAL_ATLAS_MV1/MANIFEST.sha256,.sha256,9457,58537b508670b55872a49b172ba49b934c7accc1e3d20bd69293f0baa3a1a1b3,False,,False
_MV1_WORK/FINAL_FRESH_MAIN_R1_0_C/M3A_UNIVERSAL_MULTIVARIATE_DIAGONAL_ATLAS_MV1/MANIFEST_POLICY.md,.md,602,5e15cb1dead8ac72f4da5bdd9ba10fdb0d899844599a577a6c9b8d53c0f5bc95,False,,True
_MV1_WORK/FINAL_FRESH_MAIN_R1_0_C/M3A_UNIVERSAL_MULTIVARIATE_DIAGONAL_ATLAS_MV1/MIXED_TIME_DEPTH_COUNTEREXAMPLES.md,.md,694,fb000108173b066c1f1ad179c7dbe3dcfcf227e99655092034c06059edbdc407,False,,True
_MV1_WORK/FINAL_FRESH_MAIN_R1_0_C/M3A_UNIVERSAL_MULTIVARIATE_DIAGONAL_ATLAS_MV1/MOMENT_AMPLITUDE_INITIAL_FORM_COMPARISON.tex,.tex,762,c78a6f614cec590a474d6ca4b7635ade2028a6ef6bca519c8149874a04a8f606,False,,True
_MV1_WORK/FINAL_FRESH_MAIN_R1_0_C/M3A_UNIVERSAL_MULTIVARIATE_DIAGONAL_ATLAS_MV1/MOMENT_VERSUS_AMPLITUDE_FIREWALL.md,.md,822,e41b9cc7e61d7867e5e221db68a60fe28ed58a800e2137e5457695c087920687,False,,True
_MV1_WORK/FINAL_FRESH_MAIN_R1_0_C/M3A_UNIVERSAL_MULTIVARIATE_DIAGONAL_ATLAS_MV1/MOVING_DIRECTION_COMPOSITION_COROLLARY.md,.md,676,9d50af1d83a8cd00398d81aba50606270e2e572fd83be4b16611ac11b5541700,False,,True
_MV1_WORK/FINAL_FRESH_MAIN_R1_0_C/M3A_UNIVERSAL_MULTIVARIATE_DIAGONAL_ATLAS_MV1/MV1_COLLEAGUE_BRIEF/EXPECTED_BRIEF.json,.json,338,1c926c2cb16167c894f5869c679b4845932abf3e70a46aa28b10bb837360c4e6,False,,True
_MV1_WORK/FINAL_FRESH_MAIN_R1_0_C/M3A_UNIVERSAL_MULTIVARIATE_DIAGONAL_ATLAS_MV1/MV1_COLLEAGUE_BRIEF/GLOSSARY.md,.md,465,89a1241bc25e72747778f0d3a969bdd88cf1b5537c24c6bd12f384a5f61bf528,False,,True
_MV1_WORK/FINAL_FRESH_MAIN_R1_0_C/M3A_UNIVERSAL_MULTIVARIATE_DIAGONAL_ATLAS_MV1/MV1_COLLEAGUE_BRIEF/LOCKED_DEFINITIONS.md,.md,526,066da64ec3de672edc58c833d92c84d36070bca8dfcc26a93eb0c05b6a404212,False,,True
_MV1_WORK/FINAL_FRESH_MAIN_R1_0_C/M3A_UNIVERSAL_MULTIVARIATE_DIAGONAL_ATLAS_MV1/MV1_COLLEAGUE_BRIEF/MANIFEST.sha256,.sha256,1112,cc9fda43e0592f5457a6a5595882c7b0955e06571e1070fad75d491c0b04e234,False,,False
_MV1_WORK/FINAL_FRESH_MAIN_R1_0_C/M3A_UNIVERSAL_MULTIVARIATE_DIAGONAL_ATLAS_MV1/MV1_COLLEAGUE_BRIEF/MINIMAL_REPRO.py,.py,673,9276499cd26950b1bb8b456d247f968d57cf4f42fbbc2d79d36675ef803dc402,False,,True
_MV1_WORK/FINAL_FRESH_MAIN_R1_0_C/M3A_UNIVERSAL_MULTIVARIATE_DIAGONAL_ATLAS_MV1/MV1_COLLEAGUE_BRIEF/MOMENT_VERSUS_AMPLITUDE.md,.md,365,d1714d69411c999fe6992bc4605acb9085c6c9dc7d4188848f2fa631f33d812c,False,,True
_MV1_WORK/FINAL_FRESH_MAIN_R1_0_C/M3A_UNIVERSAL_MULTIVARIATE_DIAGONAL_ATLAS_MV1/MV1_COLLEAGUE_BRIEF/OPEN_GAPS.md,.md,347,f3499075270de18890c6ba52276b96515dd03e064380b8fc051440763c83f749,False,,True
_MV1_WORK/FINAL_FRESH_MAIN_R1_0_C/M3A_UNIVERSAL_MULTIVARIATE_DIAGONAL_ATLAS_MV1/MV1_COLLEAGUE_BRIEF/PROVED_RESULTS.md,.md,629,2583ad69a0e08d0a00cf39b667da0d0b6837e9cd1a2e00937978e6fcf40c1779,False,,True
_MV1_WORK/FINAL_FRESH_MAIN_R1_0_C/M3A_UNIVERSAL_MULTIVARIATE_DIAGONAL_ATLAS_MV1/MV1_COLLEAGUE_BRIEF/REPRODUCE_BRIEF.sh,.sh,353,409850cdf182621ba434c92c9ab01161b7b03f460df3a1ce84fbb84d108fd940,False,,True
_MV1_WORK/FINAL_FRESH_MAIN_R1_0_C/M3A_UNIVERSAL_MULTIVARIATE_DIAGONAL_ATLAS_MV1/MV1_COLLEAGUE_BRIEF/REPRODUCTION_COMMANDS.md,.md,231,10cc73fa3b724f2e0b91671319e4a0a933f6fd01abc790c95c946c7ecbd06613,False,,True
_MV1_WORK/FINAL_FRESH_MAIN_R1_0_C/M3A_UNIVERSAL_MULTIVARIATE_DIAGONAL_ATLAS_MV1/MV1_COLLEAGUE_BRIEF/SOURCE_MAP.md,.md,291,3ac57bb719c2dbe455e534f2a683fbea8d6bedcd50ca5662c01ceeedc3af00e5,False,,True
_MV1_WORK/FINAL_FRESH_MAIN_R1_0_C/M3A_UNIVERSAL_MULTIVARIATE_DIAGONAL_ATLAS_MV1/MV1_COLLEAGUE_BRIEF/START_HERE.md,.md,457,285a06ac1c1984396407b4af405a3195b7acacb4f733f03350d33c3bd7948b24,False,,True
_MV1_WORK/FINAL_FRESH_MAIN_R1_0_C/M3A_UNIVERSAL_MULTIVARIATE_DIAGONAL_ATLAS_MV1/MV1_COLLEAGUE_BRIEF/UNIVERSAL_OBJECT_VERSUS_PULLBACKS.md,.md,392,fb722c72127874eb99b90b1564fe1c32aa293bf58784529e313697504806fb1b,False,,True
_MV1_WORK/FINAL_FRESH_MAIN_R1_0_C/M3A_UNIVERSAL_MULTIVARIATE_DIAGONAL_ATLAS_MV1/MV1_COLLEAGUE_BRIEF/VERIFY_BRIEF.py,.py,730,dae8fb276c8a9996d56612bc143f75993d60452de7ebf5eb63e26cfbc41d4298,False,,True
_MV1_WORK/FINAL_FRESH_MAIN_R1_0_C/M3A_UNIVERSAL_MULTIVARIATE_DIAGONAL_ATLAS_MV1/MV1_EXACT_CONTROL_CERTIFICATES.json,.json,18178,c15022c505682a253aeb58d589dcc37a11ce9a7fa98bff0bd85e0e57896e72f9,False,,True
_MV1_WORK/FINAL_FRESH_MAIN_R1_0_C/M3A_UNIVERSAL_MULTIVARIATE_DIAGONAL_ATLAS_MV1/MV1_RANDOM_CENSUS.json,.json,74854,72c1547d99241bc90ec3ca8e79fee28300ae52be515453bd3f95bcd846134d41,False,,True
_MV1_WORK/FINAL_FRESH_MAIN_R1_0_C/M3A_UNIVERSAL_MULTIVARIATE_DIAGONAL_ATLAS_MV1/MV2_HANDOFF.md,.md,809,672a23f526e410fe62d5d454be2b94d434b29542146dd18823e6320c65195ccc,False,,True
_MV1_WORK/FINAL_FRESH_MAIN_R1_0_C/M3A_UNIVERSAL_MULTIVARIATE_DIAGONAL_ATLAS_MV1/NEWTON_POLYHEDRON_CERTIFICATE.json,.json,325,770bea8b059eb163b5ed73c9f5bab24b931e13f3ae4a8f7635247dc449d9cae8,False,,True
_MV1_WORK/FINAL_FRESH_MAIN_R1_0_C/M3A_UNIVERSAL_MULTIVARIATE_DIAGONAL_ATLAS_MV1/NOTATION_TRANSLATION_LEDGER.md,.md,994,c509055a82cf6bd41c78a1a7c26b888b51ed1be3a0e80de3e3839c2fa7aea86e,False,,True
_MV1_WORK/FINAL_FRESH_MAIN_R1_0_C/M3A_UNIVERSAL_MULTIVARIATE_DIAGONAL_ATLAS_MV1/PB1_MV1_COMPATIBILITY_LEDGER.md,.md,1028,8ebf31ac9b233070047ac1105fc83ceb54675103e9f5323fc47f3e7feb6bbaec,False,,True
_MV1_WORK/FINAL_FRESH_MAIN_R1_0_C/M3A_UNIVERSAL_MULTIVARIATE_DIAGONAL_ATLAS_MV1/POSITIVE_NORMAL_FAN.md,.md,567,c12f10be1fca07adf56be58fcc615a4b4ffd6c4e8fc2badaf9a2c393d8c4da93,False,,True
_MV1_WORK/FINAL_FRESH_MAIN_R1_0_C/M3A_UNIVERSAL_MULTIVARIATE_DIAGONAL_ATLAS_MV1/PRIOR_ART_AUDIT.md,.md,3855,99610b41018ca4005df95e61847f92d043e1c0d503757e5d925d137699d6092b,False,,True
_MV1_WORK/FINAL_FRESH_MAIN_R1_0_C/M3A_UNIVERSAL_MULTIVARIATE_DIAGONAL_ATLAS_MV1/PRIOR_ART_SEARCH_LOG.csv,.csv,1918,01aa06634c4184d01c438472522b6f4f6f44fbbc29e48ab35b99c2e1a64c466e,False,,True
_MV1_WORK/FINAL_FRESH_MAIN_R1_0_C/M3A_UNIVERSAL_MULTIVARIATE_DIAGONAL_ATLAS_MV1/RECURSIVE_PROTOCOL_ATLAS_DEFINITION.tex,.tex,923,07d664d9365d844b378efea3a4043e14d755fc4717981e3d7fdf0e197a04084e,False,,True
_MV1_WORK/FINAL_FRESH_MAIN_R1_0_C/M3A_UNIVERSAL_MULTIVARIATE_DIAGONAL_ATLAS_MV1/REPRODUCE.sh,.sh,209,ae87d8eba176fb49a27ea93cd09aa8eb674d828c7e0347ce05ff1eae88ad832d,False,,True
_MV1_WORK/FINAL_FRESH_MAIN_R1_0_C/M3A_UNIVERSAL_MULTIVARIATE_DIAGONAL_ATLAS_MV1/REPRODUCIBILITY_PROTOCOL.md,.md,917,0614b2a29d4920cbfa3fdb31bb3c7a397f75df98ca843134d72999f2888fbbb7,False,,True
_MV1_WORK/FINAL_FRESH_MAIN_R1_0_C/M3A_UNIVERSAL_MULTIVARIATE_DIAGONAL_ATLAS_MV1/SCALAR_RAY_PULLBACK_RECOVERY.tex,.tex,671,c4fcb257bc5d9650e03811dd20daee0107a561a47ef69756a77d84d6926d87f4,False,,True
_MV1_WORK/FINAL_FRESH_MAIN_R1_0_C/M3A_UNIVERSAL_MULTIVARIATE_DIAGONAL_ATLAS_MV1/TRANSFORMED_MOMENT_GENERATING_THEOREM.tex,.tex,624,6b0422259082bbfc9aa678d1743638a6d272a5b3b4d1e0759be7560edb06b011,False,,True
_MV1_WORK/FINAL_FRESH_MAIN_R1_0_C/M3A_UNIVERSAL_MULTIVARIATE_DIAGONAL_ATLAS_MV1/UNIVERSAL_COEFFICIENT_DEFINITIONS.tex,.tex,772,7b5d7e9ab74cbc1a7b5ec98bfe67d0d0821eb2cc8b1d1cdc112b0ebb96e1e430,False,,True
_MV1_WORK/FINAL_FRESH_MAIN_R1_0_C/M3A_UNIVERSAL_MULTIVARIATE_DIAGONAL_ATLAS_MV1/UNIVERSAL_MINIMAL_TIME_LAYER_THEOREM.tex,.tex,675,4ce9df70ead18d0b026a3f263ad07b9bd1e68578318744b271018e18116aa9c4,False,,True
_MV1_WORK/FINAL_FRESH_MAIN_R1_0_C/M3A_UNIVERSAL_MULTIVARIATE_DIAGONAL_ATLAS_MV1/UNIVERSAL_NEWTON_POLYHEDRON_THEOREM.tex,.tex,937,112d50ea6f3c78b3e7a6db4f3866432de59e29eb34f64949d9b6da987b39b8cd,False,,True
_MV1_WORK/FINAL_FRESH_MAIN_R1_0_C/M3A_UNIVERSAL_MULTIVARIATE_DIAGONAL_ATLAS_MV1/UNRESOLVED_GAPS.md,.md,831,3ec5ba1b8b9a9dfdefcb732a1f8b0ccde242ec830b48c24d7e4c34cc3cfbfe89,False,,True
_MV1_WORK/FINAL_FRESH_MAIN_R1_0_D/M3A_UNIVERSAL_MULTIVARIATE_DIAGONAL_ATLAS_MV1/ACTUAL_COORDINATE_RESOLVENT_THEOREM.tex,.tex,676,12b55db2e985f53a4c0cac3c1ba6f3c253c63fc0da0bed8b1b106120976b2dc1,False,,True
_MV1_WORK/FINAL_FRESH_MAIN_R1_0_D/M3A_UNIVERSAL_MULTIVARIATE_DIAGONAL_ATLAS_MV1/ASSUMPTIONS_AND_SCOPE_LOCK.md,.md,1016,82acaa11a1bc2cdd1123141a40fff60a74ebf92e07d59e49841c49515559ee32,False,,True
_MV1_WORK/FINAL_FRESH_MAIN_R1_0_D/M3A_UNIVERSAL_MULTIVARIATE_DIAGONAL_ATLAS_MV1/ATLAS_NODE_SCHEMA.json,.json,709,13159f27b60e482e1bc3ddee856d5930d7331471bfbc13ba96cf60f9026b3b92,False,,True
_MV1_WORK/FINAL_FRESH_MAIN_R1_0_D/M3A_UNIVERSAL_MULTIVARIATE_DIAGONAL_ATLAS_MV1/ATLAS_TERMINATION_OR_GAP_THEOREM.tex,.tex,1104,3ea78710a52d0bee40dbe7f706d9f99a1aa8cb224754ad44a9640b7d00dfd97e,False,,True
_MV1_WORK/FINAL_FRESH_MAIN_R1_0_D/M3A_UNIVERSAL_MULTIVARIATE_DIAGONAL_ATLAS_MV1/AUTHORITATIVE_INPUT_MAP.md,.md,1137,f88048c79af9ced30ba979dad5e19b342714fb171040ae373196491b6813c9e6,False,,True
_MV1_WORK/FINAL_FRESH_MAIN_R1_0_D/M3A_UNIVERSAL_MULTIVARIATE_DIAGONAL_ATLAS_MV1/CLAIM_AND_NOVELTY_LEDGER.md,.md,1038,da6abd822c0a232cd3920dde8d4a18418fb24efb9786cedd3a3465791cab518e,False,,True
_MV1_WORK/FINAL_FRESH_MAIN_R1_0_D/M3A_UNIVERSAL_MULTIVARIATE_DIAGONAL_ATLAS_MV1/CLAIM_TO_REFERENCE_LEDGER.csv,.csv,1001,e7e5c2494b9f9ae0e56b06d83ba262d3918671e5940c2afb1ad6dc819af36a3f,False,,True
_MV1_WORK/FINAL_FRESH_MAIN_R1_0_D/M3A_UNIVERSAL_MULTIVARIATE_DIAGONAL_ATLAS_MV1/CODE_INDEPENDENT_A/word_enumeration.py,.py,1999,4453a4720b0166ca807be036fee47fd47410a6a187ff5bd7fb9c5066b65acae4,False,,True
_MV1_WORK/FINAL_FRESH_MAIN_R1_0_D/M3A_UNIVERSAL_MULTIVARIATE_DIAGONAL_ATLAS_MV1/CODE_INDEPENDENT_C/convex_atlas.py,.py,1622,39d63e6bc4798b8b9b58181e5733ed354423e14326b772603110c4a900762d07,False,,True
_MV1_WORK/FINAL_FRESH_MAIN_R1_0_D/M3A_UNIVERSAL_MULTIVARIATE_DIAGONAL_ATLAS_MV1/CODE_INDEPENDENT_C/direct_pullback.py,.py,10093,78c27217f84b27b758c4412fc48706e64002ec482986b15e2cb313d1936348db,False,,True
_MV1_WORK/FINAL_FRESH_MAIN_R1_0_D/M3A_UNIVERSAL_MULTIVARIATE_DIAGONAL_ATLAS_MV1/CODE_PRIMARY/compare_and_verify.py,.py,2354,b18d2f29614b063328626ee4f1cfe7cdebb2bd4cd78036c1bfbb1efac1702e2e,False,,True
_MV1_WORK/FINAL_FRESH_MAIN_R1_0_D/M3A_UNIVERSAL_MULTIVARIATE_DIAGONAL_ATLAS_MV1/CODE_PRIMARY/deterministic_zip.py,.py,1092,d118ead5ec11cfa966fa01155daa8bac12947bf01a814db47b778a2f617db4c2,False,,True
_MV1_WORK/FINAL_FRESH_MAIN_R1_0_D/M3A_UNIVERSAL_MULTIVARIATE_DIAGONAL_ATLAS_MV1/CODE_PRIMARY/mv1_primary.py,.py,10015,196e0b6a89e0f94d89dd80ac692a5b8a166f0bbb6c9a2af9f4658de737757cba,False,,True
_MV1_WORK/FINAL_FRESH_MAIN_R1_0_D/M3A_UNIVERSAL_MULTIVARIATE_DIAGONAL_ATLAS_MV1/CODE_PRIMARY/reproduce.ps1,.ps1,878,2157464da35f049246c0262f4c542d51aaa82f27a3953952b540087912c811a0,False,,True
_MV1_WORK/FINAL_FRESH_MAIN_R1_0_D/M3A_UNIVERSAL_MULTIVARIATE_DIAGONAL_ATLAS_MV1/CODE_PRIMARY/seal_release.py,.py,2280,6dad88919cec26f068113ab4f49d6f5b022ae8b2c93ccbd611c5e8b99aeba3f3,False,,True
_MV1_WORK/FINAL_FRESH_MAIN_R1_0_D/M3A_UNIVERSAL_MULTIVARIATE_DIAGONAL_ATLAS_MV1/CODE_PRIMARY/verify_archive.py,.py,1700,aae383b39883e80e3038cd7df5e14627d1c0de6341d3fcb40471547a1276fd11,False,,True
_MV1_WORK/FINAL_FRESH_MAIN_R1_0_D/M3A_UNIVERSAL_MULTIVARIATE_DIAGONAL_ATLAS_MV1/CODE_PRIMARY/verify_manifest.py,.py,888,b3781e65ccda6ab39d0cf5494075e7981f3ce10c5b12170dce93372cbd24817f,False,,True
_MV1_WORK/FINAL_FRESH_MAIN_R1_0_D/M3A_UNIVERSAL_MULTIVARIATE_DIAGONAL_ATLAS_MV1/COMPARISON_POLICY.json,.json,550,15c1a943817a18307858545aca8f977c65a364e04d9c554952c0aedbb026fa0a,False,,True
_MV1_WORK/FINAL_FRESH_MAIN_R1_0_D/M3A_UNIVERSAL_MULTIVARIATE_DIAGONAL_ATLAS_MV1/COUNTEREXAMPLES_AND_CONTROLS.md,.md,1475,c65bffc362d16d5e23184aeed4a48cd410d9decb76f72c423acdf398d3435a97,False,,True
_MV1_WORK/FINAL_FRESH_MAIN_R1_0_D/M3A_UNIVERSAL_MULTIVARIATE_DIAGONAL_ATLAS_MV1/DATA/convex_atlas.json,.json,4200,6d61af8b30ff7f6235d9af87541eeea138196d7aefb250713793ef7480bab8b7,False,,True
_MV1_WORK/FINAL_FRESH_MAIN_R1_0_D/M3A_UNIVERSAL_MULTIVARIATE_DIAGONAL_ATLAS_MV1/DATA/denominator.json,.json,13170,5df4ac21db2b729cf0fde161b17486e89329781a7e5252e7e5fee577e7c6b7b3,False,,True
_MV1_WORK/FINAL_FRESH_MAIN_R1_0_D/M3A_UNIVERSAL_MULTIVARIATE_DIAGONAL_ATLAS_MV1/DATA/direct_pullback.json,.json,20754,2737da8397eaec443b48954c5612c7bbbbd2295429c1580fe06e52a7dea7fa49,False,,True
_MV1_WORK/FINAL_FRESH_MAIN_R1_0_D/M3A_UNIVERSAL_MULTIVARIATE_DIAGONAL_ATLAS_MV1/DATA/discrepancy_detection.json,.json,324,339acc1744ade1186c2748c52770c1c99cdc1a8d8f29475f4e4c13215bcfb670,False,,True
_MV1_WORK/FINAL_FRESH_MAIN_R1_0_D/M3A_UNIVERSAL_MULTIVARIATE_DIAGONAL_ATLAS_MV1/DATA/independent_resolvent.json,.json,8432,912532031034ff3e46aeaa81eea8a8bc8bd3fbd7a68a78b25ead1ac58e28bf6b,False,,True
_MV1_WORK/FINAL_FRESH_MAIN_R1_0_D/M3A_UNIVERSAL_MULTIVARIATE_DIAGONAL_ATLAS_MV1/DATA/independent_words.json,.json,3190,601e4bc5136842808a5667a3406d572520cd458d74a52e60fa670f360cfb8eaa,False,,True
_MV1_WORK/FINAL_FRESH_MAIN_R1_0_D/M3A_UNIVERSAL_MULTIVARIATE_DIAGONAL_ATLAS_MV1/DATA/primary.json,.json,25965,6c374b193325fe50e0297d49840d11646587702cd4e50da2163b0c062e70fd8c,False,,True
_MV1_WORK/FINAL_FRESH_MAIN_R1_0_D/M3A_UNIVERSAL_MULTIVARIATE_DIAGONAL_ATLAS_MV1/DATA/random_census.json,.json,76910,0738289ae8d3c7d8c5c624c0a97e5a4ceb2e716568b52fa08c13450b1235ef9e,False,,True
_MV1_WORK/FINAL_FRESH_MAIN_R1_0_D/M3A_UNIVERSAL_MULTIVARIATE_DIAGONAL_ATLAS_MV1/ENVIRONMENT_SPECIFICATION.txt,.txt,578,cb661eca16b2461acc1d3be794ba499179e072d77cf21fa07528e2354e239da9,False,,True
_MV1_WORK/FINAL_FRESH_MAIN_R1_0_D/M3A_UNIVERSAL_MULTIVARIATE_DIAGONAL_ATLAS_MV1/EXACT_DENOMINATOR.json,.json,13170,5df4ac21db2b729cf0fde161b17486e89329781a7e5252e7e5fee577e7c6b7b3,False,,True
_MV1_WORK/FINAL_FRESH_MAIN_R1_0_D/M3A_UNIVERSAL_MULTIVARIATE_DIAGONAL_ATLAS_MV1/EXACT_WORD_AND_ENDPOINT_SUPPORT_THEOREM.tex,.tex,1101,1976521d88846fe0a48bc8191cccd566aa63bdc596e625d0cce04d27b414e204,False,,True
_MV1_WORK/FINAL_FRESH_MAIN_R1_0_D/M3A_UNIVERSAL_MULTIVARIATE_DIAGONAL_ATLAS_MV1/EXPECTED/verification_summary.json,.json,216,d2e569842cae6f233fa19b7dd180affc7980eec18b47a7e566f3d67a765b3895,False,,True
_MV1_WORK/FINAL_FRESH_MAIN_R1_0_D/M3A_UNIVERSAL_MULTIVARIATE_DIAGONAL_ATLAS_MV1/EXPECTED_CANONICAL.sha256,.sha256,926,2f11464ea3a83954f4c5639abf7b8705d8224ee39ed796cf5b923e0b4d21f488,False,,False
_MV1_WORK/FINAL_FRESH_MAIN_R1_0_D/M3A_UNIVERSAL_MULTIVARIATE_DIAGONAL_ATLAS_MV1/FAILURE_LEDGER.md,.md,1209,98e74c84a9a81d600f1d495f93ab96777e8da4655ec3f190f5ae1fb2be3dd13a,False,,True
_MV1_WORK/FINAL_FRESH_MAIN_R1_0_D/M3A_UNIVERSAL_MULTIVARIATE_DIAGONAL_ATLAS_MV1/FINAL_MV1_REPORT.md,.md,6601,436e1f3f0521957be53a46a07e8388b62574ae254fc7e25d5de700c9999181a0,False,,True
_MV1_WORK/FINAL_FRESH_MAIN_R1_0_D/M3A_UNIVERSAL_MULTIVARIATE_DIAGONAL_ATLAS_MV1/FIXED_FIBRE_PULLBACK_RECOVERY.md,.md,538,3760e4ca4bab48234004d60c5923e4c07e26ff0a448b68c6f9a1d88b227dda0b,False,,True
_MV1_WORK/FINAL_FRESH_MAIN_R1_0_D/M3A_UNIVERSAL_MULTIVARIATE_DIAGONAL_ATLAS_MV1/INDEPENDENT_COORDINATE_PROTOCOLS.tex,.tex,802,5bf14382858dde87e804fd5f5fe00dc19da189eb2b09fec0ff51a0227db4a45a,False,,True
_MV1_WORK/FINAL_FRESH_MAIN_R1_0_D/M3A_UNIVERSAL_MULTIVARIATE_DIAGONAL_ATLAS_MV1/INPUT_HASHES.sha256,.sha256,1736,c5c521b0498055273c836a9e1b35be277445a31bdc1b8518b9edd062b03c48bd,False,,False
_MV1_WORK/FINAL_FRESH_MAIN_R1_0_D/M3A_UNIVERSAL_MULTIVARIATE_DIAGONAL_ATLAS_MV1/INPUT_INTEGRITY_REPORT.md,.md,2378,7464c670d82a04b784041cee4797ee082b0354d916494b7d95e4c4e3c66b39af,False,,True
_MV1_WORK/FINAL_FRESH_MAIN_R1_0_D/M3A_UNIVERSAL_MULTIVARIATE_DIAGONAL_ATLAS_MV1/INPUTS/_ARC1_CORRECTED_WORK.zip,.zip,71692325,,False,,False
_MV1_WORK/FINAL_FRESH_MAIN_R1_0_D/M3A_UNIVERSAL_MULTIVARIATE_DIAGONAL_ATLAS_MV1/INPUTS/M3A_000029_exact_polynomial_certificate.zip,.zip,9415,6ec4425d54a3e69a10a91fa0d56c9241b67fdbfb1bc71428664cf3752eb5e72e,False,,False
_MV1_WORK/FINAL_FRESH_MAIN_R1_0_D/M3A_UNIVERSAL_MULTIVARIATE_DIAGONAL_ATLAS_MV1/INPUTS/M3A_ARC1_COLLEAGUE_LOCKED_DEFINITIONS_R1_0.zip,.zip,453182,7d3dae54eb29b9d59711cfc69cb1d6e8ca52d133c569ae99c7c46a5581adf442,False,,False
_MV1_WORK/FINAL_FRESH_MAIN_R1_0_D/M3A_UNIVERSAL_MULTIVARIATE_DIAGONAL_ATLAS_MV1/INPUTS/M3A_ARC1_COLLEAGUE_LOCKED_DEFINITIONS_R1_0.zip.sha256,.sha256,113,ca9255cc4833722d3dd0a7e13a6d9b16f494fd639f2777dfb31cb9a7521af7e4,False,,False
_MV1_WORK/FINAL_FRESH_MAIN_R1_0_D/M3A_UNIVERSAL_MULTIVARIATE_DIAGONAL_ATLAS_MV1/INPUTS/M3A_Diagonal_Family_Trichotomy_Paper_R1_2.pdf,.pdf,374126,4135498db2f973d8c3dbd4f77b8ebc94c2f3ea8bfc11e9dd710ef694b65d3222,False,,False
_MV1_WORK/FINAL_FRESH_MAIN_R1_0_D/M3A_UNIVERSAL_MULTIVARIATE_DIAGONAL_ATLAS_MV1/INPUTS/M3A_Diagonal_Family_Trichotomy_Paper_R1_2.tex,.tex,36123,c5e1d29848307e0b3852d962a6af843499524377ff72c97b647af03052e35009,False,,True
_MV1_WORK/FINAL_FRESH_MAIN_R1_0_D/M3A_UNIVERSAL_MULTIVARIATE_DIAGONAL_ATLAS_MV1/INPUTS/M3A_ENDPOINT_ACCESS_WORD_SUPPORT_EA1_R1_1.zip,.zip,143146908,,False,,False
_MV1_WORK/FINAL_FRESH_MAIN_R1_0_D/M3A_UNIVERSAL_MULTIVARIATE_DIAGONAL_ATLAS_MV1/INPUTS/M3A_ENDPOINT_ACCESS_WORD_SUPPORT_EA1_R1_1.zip.sha256,.sha256,112,34d649d59d30f1eee4a0640a48b354fb0b7ba698578660fefd484fe2df54caad,False,,False
_MV1_WORK/FINAL_FRESH_MAIN_R1_0_D/M3A_UNIVERSAL_MULTIVARIATE_DIAGONAL_ATLAS_MV1/INPUTS/M3A_MONOMIAL_PULLBACK_FACE_COLLISION_PB1_R1_0.zip,.zip,215437525,,False,,False
_MV1_WORK/FINAL_FRESH_MAIN_R1_0_D/M3A_UNIVERSAL_MULTIVARIATE_DIAGONAL_ATLAS_MV1/INPUTS/M3A_MONOMIAL_PULLBACK_FACE_COLLISION_PB1_R1_0.zip.sha256,.sha256,116,60c94c0078276a9bdc913387fdc1d4737b8c902591cea650014fc6bb8230d21f,False,,False
_MV1_WORK/FINAL_FRESH_MAIN_R1_0_D/M3A_UNIVERSAL_MULTIVARIATE_DIAGONAL_ATLAS_MV1/INPUTS/M3A_NEWTON_PROTOCOL_ATLAS_NP1_R1_0.zip,.zip,23801570,,False,,False
_MV1_WORK/FINAL_FRESH_MAIN_R1_0_D/M3A_UNIVERSAL_MULTIVARIATE_DIAGONAL_ATLAS_MV1/INPUTS/M3A_NEWTON_PROTOCOL_ATLAS_NP1_R1_0.zip.sha256,.sha256,105,dc8afe50cffae339cb51d040472f2f7755af22cf709b719b718031289072d4d2,False,,False
_MV1_WORK/FINAL_FRESH_MAIN_R1_0_D/M3A_UNIVERSAL_MULTIVARIATE_DIAGONAL_ATLAS_MV1/INPUTS/WORKSTATION_MV1_UNIVERSAL_MULTIVARIATE_DIAGONAL_NEWTON_INITIAL_ATLAS_R1_0.md,.md,28840,d3d57038f8f3a77fe660ff9673874d78232e059d828118eac919129031b7378f,False,,True
_MV1_WORK/FINAL_FRESH_MAIN_R1_0_D/M3A_UNIVERSAL_MULTIVARIATE_DIAGONAL_ATLAS_MV1/INPUTS/WORKSTATION_MV1_UNIVERSAL_MULTIVARIATE_DIAGONAL_NEWTON_INITIAL_ATLAS_R1_0.md.sha256,.sha256,143,c014773dc022dc2ea09ef47db5898b23d7ae8598820dd4e22aa0a6d5ebf76e81,False,,False
_MV1_WORK/FINAL_FRESH_MAIN_R1_0_D/M3A_UNIVERSAL_MULTIVARIATE_DIAGONAL_ATLAS_MV1/LEVEL_ZERO_CANCELLATION_IDEALS.json,.json,355,91cf584090a7906469a82a629da07c11d46e1d3302cdde8ab8a92a1dc0c61422,False,,True
_MV1_WORK/FINAL_FRESH_MAIN_R1_0_D/M3A_UNIVERSAL_MULTIVARIATE_DIAGONAL_ATLAS_MV1/LEVEL_ZERO_INITIAL_ATLAS.tex,.tex,757,c1b9a105592e52043c2767c498528b0db9a20fdc7d150cc5098c4cd231510699,False,,True
_MV1_WORK/FINAL_FRESH_MAIN_R1_0_D/M3A_UNIVERSAL_MULTIVARIATE_DIAGONAL_ATLAS_MV1/LOCKED_MODEL_AND_SCOPE.md,.md,583,74b57f72d2fcfce64245001667b25d6ee421d0e8f721f5a0c0d13265d0009356,False,,True
_MV1_WORK/FINAL_FRESH_MAIN_R1_0_D/M3A_UNIVERSAL_MULTIVARIATE_DIAGONAL_ATLAS_MV1/MANIFEST.sha256,.sha256,9457,00fff90326c0ee590f61172e48e1a2ac4d2c94e360ff48d6d160e0dc3ebf7891,False,,False
_MV1_WORK/FINAL_FRESH_MAIN_R1_0_D/M3A_UNIVERSAL_MULTIVARIATE_DIAGONAL_ATLAS_MV1/MANIFEST_POLICY.md,.md,602,5e15cb1dead8ac72f4da5bdd9ba10fdb0d899844599a577a6c9b8d53c0f5bc95,False,,True
_MV1_WORK/FINAL_FRESH_MAIN_R1_0_D/M3A_UNIVERSAL_MULTIVARIATE_DIAGONAL_ATLAS_MV1/MIXED_TIME_DEPTH_COUNTEREXAMPLES.md,.md,694,fb000108173b066c1f1ad179c7dbe3dcfcf227e99655092034c06059edbdc407,False,,True
_MV1_WORK/FINAL_FRESH_MAIN_R1_0_D/M3A_UNIVERSAL_MULTIVARIATE_DIAGONAL_ATLAS_MV1/MOMENT_AMPLITUDE_INITIAL_FORM_COMPARISON.tex,.tex,762,c78a6f614cec590a474d6ca4b7635ade2028a6ef6bca519c8149874a04a8f606,False,,True
_MV1_WORK/FINAL_FRESH_MAIN_R1_0_D/M3A_UNIVERSAL_MULTIVARIATE_DIAGONAL_ATLAS_MV1/MOMENT_VERSUS_AMPLITUDE_FIREWALL.md,.md,822,e41b9cc7e61d7867e5e221db68a60fe28ed58a800e2137e5457695c087920687,False,,True
_MV1_WORK/FINAL_FRESH_MAIN_R1_0_D/M3A_UNIVERSAL_MULTIVARIATE_DIAGONAL_ATLAS_MV1/MOVING_DIRECTION_COMPOSITION_COROLLARY.md,.md,676,9d50af1d83a8cd00398d81aba50606270e2e572fd83be4b16611ac11b5541700,False,,True
_MV1_WORK/FINAL_FRESH_MAIN_R1_0_D/M3A_UNIVERSAL_MULTIVARIATE_DIAGONAL_ATLAS_MV1/MV1_COLLEAGUE_BRIEF/EXPECTED_BRIEF.json,.json,338,1c926c2cb16167c894f5869c679b4845932abf3e70a46aa28b10bb837360c4e6,False,,True
_MV1_WORK/FINAL_FRESH_MAIN_R1_0_D/M3A_UNIVERSAL_MULTIVARIATE_DIAGONAL_ATLAS_MV1/MV1_COLLEAGUE_BRIEF/GLOSSARY.md,.md,465,89a1241bc25e72747778f0d3a969bdd88cf1b5537c24c6bd12f384a5f61bf528,False,,True
_MV1_WORK/FINAL_FRESH_MAIN_R1_0_D/M3A_UNIVERSAL_MULTIVARIATE_DIAGONAL_ATLAS_MV1/MV1_COLLEAGUE_BRIEF/LOCKED_DEFINITIONS.md,.md,526,066da64ec3de672edc58c833d92c84d36070bca8dfcc26a93eb0c05b6a404212,False,,True
_MV1_WORK/FINAL_FRESH_MAIN_R1_0_D/M3A_UNIVERSAL_MULTIVARIATE_DIAGONAL_ATLAS_MV1/MV1_COLLEAGUE_BRIEF/MANIFEST.sha256,.sha256,1112,cc9fda43e0592f5457a6a5595882c7b0955e06571e1070fad75d491c0b04e234,False,,False
_MV1_WORK/FINAL_FRESH_MAIN_R1_0_D/M3A_UNIVERSAL_MULTIVARIATE_DIAGONAL_ATLAS_MV1/MV1_COLLEAGUE_BRIEF/MINIMAL_REPRO.py,.py,673,9276499cd26950b1bb8b456d247f968d57cf4f42fbbc2d79d36675ef803dc402,False,,True
_MV1_WORK/FINAL_FRESH_MAIN_R1_0_D/M3A_UNIVERSAL_MULTIVARIATE_DIAGONAL_ATLAS_MV1/MV1_COLLEAGUE_BRIEF/MOMENT_VERSUS_AMPLITUDE.md,.md,365,d1714d69411c999fe6992bc4605acb9085c6c9dc7d4188848f2fa631f33d812c,False,,True
_MV1_WORK/FINAL_FRESH_MAIN_R1_0_D/M3A_UNIVERSAL_MULTIVARIATE_DIAGONAL_ATLAS_MV1/MV1_COLLEAGUE_BRIEF/OPEN_GAPS.md,.md,347,f3499075270de18890c6ba52276b96515dd03e064380b8fc051440763c83f749,False,,True
_MV1_WORK/FINAL_FRESH_MAIN_R1_0_D/M3A_UNIVERSAL_MULTIVARIATE_DIAGONAL_ATLAS_MV1/MV1_COLLEAGUE_BRIEF/PROVED_RESULTS.md,.md,629,2583ad69a0e08d0a00cf39b667da0d0b6837e9cd1a2e00937978e6fcf40c1779,False,,True
_MV1_WORK/FINAL_FRESH_MAIN_R1_0_D/M3A_UNIVERSAL_MULTIVARIATE_DIAGONAL_ATLAS_MV1/MV1_COLLEAGUE_BRIEF/REPRODUCE_BRIEF.sh,.sh,353,409850cdf182621ba434c92c9ab01161b7b03f460df3a1ce84fbb84d108fd940,False,,True
_MV1_WORK/FINAL_FRESH_MAIN_R1_0_D/M3A_UNIVERSAL_MULTIVARIATE_DIAGONAL_ATLAS_MV1/MV1_COLLEAGUE_BRIEF/REPRODUCTION_COMMANDS.md,.md,231,10cc73fa3b724f2e0b91671319e4a0a933f6fd01abc790c95c946c7ecbd06613,False,,True
_MV1_WORK/FINAL_FRESH_MAIN_R1_0_D/M3A_UNIVERSAL_MULTIVARIATE_DIAGONAL_ATLAS_MV1/MV1_COLLEAGUE_BRIEF/SOURCE_MAP.md,.md,291,3ac57bb719c2dbe455e534f2a683fbea8d6bedcd50ca5662c01ceeedc3af00e5,False,,True
_MV1_WORK/FINAL_FRESH_MAIN_R1_0_D/M3A_UNIVERSAL_MULTIVARIATE_DIAGONAL_ATLAS_MV1/MV1_COLLEAGUE_BRIEF/START_HERE.md,.md,457,285a06ac1c1984396407b4af405a3195b7acacb4f733f03350d33c3bd7948b24,False,,True
_MV1_WORK/FINAL_FRESH_MAIN_R1_0_D/M3A_UNIVERSAL_MULTIVARIATE_DIAGONAL_ATLAS_MV1/MV1_COLLEAGUE_BRIEF/UNIVERSAL_OBJECT_VERSUS_PULLBACKS.md,.md,392,fb722c72127874eb99b90b1564fe1c32aa293bf58784529e313697504806fb1b,False,,True
_MV1_WORK/FINAL_FRESH_MAIN_R1_0_D/M3A_UNIVERSAL_MULTIVARIATE_DIAGONAL_ATLAS_MV1/MV1_COLLEAGUE_BRIEF/VERIFY_BRIEF.py,.py,730,dae8fb276c8a9996d56612bc143f75993d60452de7ebf5eb63e26cfbc41d4298,False,,True
_MV1_WORK/FINAL_FRESH_MAIN_R1_0_D/M3A_UNIVERSAL_MULTIVARIATE_DIAGONAL_ATLAS_MV1/MV1_EXACT_CONTROL_CERTIFICATES.json,.json,18178,c15022c505682a253aeb58d589dcc37a11ce9a7fa98bff0bd85e0e57896e72f9,False,,True
_MV1_WORK/FINAL_FRESH_MAIN_R1_0_D/M3A_UNIVERSAL_MULTIVARIATE_DIAGONAL_ATLAS_MV1/MV1_RANDOM_CENSUS.json,.json,76910,0738289ae8d3c7d8c5c624c0a97e5a4ceb2e716568b52fa08c13450b1235ef9e,False,,True
_MV1_WORK/FINAL_FRESH_MAIN_R1_0_D/M3A_UNIVERSAL_MULTIVARIATE_DIAGONAL_ATLAS_MV1/MV2_HANDOFF.md,.md,809,672a23f526e410fe62d5d454be2b94d434b29542146dd18823e6320c65195ccc,False,,True
_MV1_WORK/FINAL_FRESH_MAIN_R1_0_D/M3A_UNIVERSAL_MULTIVARIATE_DIAGONAL_ATLAS_MV1/NEWTON_POLYHEDRON_CERTIFICATE.json,.json,325,770bea8b059eb163b5ed73c9f5bab24b931e13f3ae4a8f7635247dc449d9cae8,False,,True
_MV1_WORK/FINAL_FRESH_MAIN_R1_0_D/M3A_UNIVERSAL_MULTIVARIATE_DIAGONAL_ATLAS_MV1/NOTATION_TRANSLATION_LEDGER.md,.md,994,c509055a82cf6bd41c78a1a7c26b888b51ed1be3a0e80de3e3839c2fa7aea86e,False,,True
_MV1_WORK/FINAL_FRESH_MAIN_R1_0_D/M3A_UNIVERSAL_MULTIVARIATE_DIAGONAL_ATLAS_MV1/PB1_MV1_COMPATIBILITY_LEDGER.md,.md,1028,8ebf31ac9b233070047ac1105fc83ceb54675103e9f5323fc47f3e7feb6bbaec,False,,True
_MV1_WORK/FINAL_FRESH_MAIN_R1_0_D/M3A_UNIVERSAL_MULTIVARIATE_DIAGONAL_ATLAS_MV1/POSITIVE_NORMAL_FAN.md,.md,567,c12f10be1fca07adf56be58fcc615a4b4ffd6c4e8fc2badaf9a2c393d8c4da93,False,,True
_MV1_WORK/FINAL_FRESH_MAIN_R1_0_D/M3A_UNIVERSAL_MULTIVARIATE_DIAGONAL_ATLAS_MV1/PRIOR_ART_AUDIT.md,.md,3855,99610b41018ca4005df95e61847f92d043e1c0d503757e5d925d137699d6092b,False,,True
_MV1_WORK/FINAL_FRESH_MAIN_R1_0_D/M3A_UNIVERSAL_MULTIVARIATE_DIAGONAL_ATLAS_MV1/PRIOR_ART_SEARCH_LOG.csv,.csv,1918,01aa06634c4184d01c438472522b6f4f6f44fbbc29e48ab35b99c2e1a64c466e,False,,True
_MV1_WORK/FINAL_FRESH_MAIN_R1_0_D/M3A_UNIVERSAL_MULTIVARIATE_DIAGONAL_ATLAS_MV1/RECURSIVE_PROTOCOL_ATLAS_DEFINITION.tex,.tex,923,07d664d9365d844b378efea3a4043e14d755fc4717981e3d7fdf0e197a04084e,False,,True
_MV1_WORK/FINAL_FRESH_MAIN_R1_0_D/M3A_UNIVERSAL_MULTIVARIATE_DIAGONAL_ATLAS_MV1/REPRODUCE.sh,.sh,209,ae87d8eba176fb49a27ea93cd09aa8eb674d828c7e0347ce05ff1eae88ad832d,False,,True
_MV1_WORK/FINAL_FRESH_MAIN_R1_0_D/M3A_UNIVERSAL_MULTIVARIATE_DIAGONAL_ATLAS_MV1/REPRODUCIBILITY_PROTOCOL.md,.md,917,0614b2a29d4920cbfa3fdb31bb3c7a397f75df98ca843134d72999f2888fbbb7,False,,True
_MV1_WORK/FINAL_FRESH_MAIN_R1_0_D/M3A_UNIVERSAL_MULTIVARIATE_DIAGONAL_ATLAS_MV1/SCALAR_RAY_PULLBACK_RECOVERY.tex,.tex,671,c4fcb257bc5d9650e03811dd20daee0107a561a47ef69756a77d84d6926d87f4,False,,True
_MV1_WORK/FINAL_FRESH_MAIN_R1_0_D/M3A_UNIVERSAL_MULTIVARIATE_DIAGONAL_ATLAS_MV1/TRANSFORMED_MOMENT_GENERATING_THEOREM.tex,.tex,624,6b0422259082bbfc9aa678d1743638a6d272a5b3b4d1e0759be7560edb06b011,False,,True
_MV1_WORK/FINAL_FRESH_MAIN_R1_0_D/M3A_UNIVERSAL_MULTIVARIATE_DIAGONAL_ATLAS_MV1/UNIVERSAL_COEFFICIENT_DEFINITIONS.tex,.tex,772,7b5d7e9ab74cbc1a7b5ec98bfe67d0d0821eb2cc8b1d1cdc112b0ebb96e1e430,False,,True
_MV1_WORK/FINAL_FRESH_MAIN_R1_0_D/M3A_UNIVERSAL_MULTIVARIATE_DIAGONAL_ATLAS_MV1/UNIVERSAL_MINIMAL_TIME_LAYER_THEOREM.tex,.tex,675,4ce9df70ead18d0b026a3f263ad07b9bd1e68578318744b271018e18116aa9c4,False,,True
_MV1_WORK/FINAL_FRESH_MAIN_R1_0_D/M3A_UNIVERSAL_MULTIVARIATE_DIAGONAL_ATLAS_MV1/UNIVERSAL_NEWTON_POLYHEDRON_THEOREM.tex,.tex,937,112d50ea6f3c78b3e7a6db4f3866432de59e29eb34f64949d9b6da987b39b8cd,False,,True
_MV1_WORK/FINAL_FRESH_MAIN_R1_0_D/M3A_UNIVERSAL_MULTIVARIATE_DIAGONAL_ATLAS_MV1/UNRESOLVED_GAPS.md,.md,831,3ec5ba1b8b9a9dfdefcb732a1f8b0ccde242ec830b48c24d7e4c34cc3cfbfe89,False,,True
_MV1_WORK/FINAL_FRESH_MAIN_R1_0_E/M3A_UNIVERSAL_MULTIVARIATE_DIAGONAL_ATLAS_MV1/ACTUAL_COORDINATE_RESOLVENT_THEOREM.tex,.tex,676,12b55db2e985f53a4c0cac3c1ba6f3c253c63fc0da0bed8b1b106120976b2dc1,False,,True
_MV1_WORK/FINAL_FRESH_MAIN_R1_0_E/M3A_UNIVERSAL_MULTIVARIATE_DIAGONAL_ATLAS_MV1/ASSUMPTIONS_AND_SCOPE_LOCK.md,.md,1016,82acaa11a1bc2cdd1123141a40fff60a74ebf92e07d59e49841c49515559ee32,False,,True
_MV1_WORK/FINAL_FRESH_MAIN_R1_0_E/M3A_UNIVERSAL_MULTIVARIATE_DIAGONAL_ATLAS_MV1/ATLAS_NODE_SCHEMA.json,.json,709,13159f27b60e482e1bc3ddee856d5930d7331471bfbc13ba96cf60f9026b3b92,False,,True
_MV1_WORK/FINAL_FRESH_MAIN_R1_0_E/M3A_UNIVERSAL_MULTIVARIATE_DIAGONAL_ATLAS_MV1/ATLAS_TERMINATION_OR_GAP_THEOREM.tex,.tex,1104,3ea78710a52d0bee40dbe7f706d9f99a1aa8cb224754ad44a9640b7d00dfd97e,False,,True
_MV1_WORK/FINAL_FRESH_MAIN_R1_0_E/M3A_UNIVERSAL_MULTIVARIATE_DIAGONAL_ATLAS_MV1/AUTHORITATIVE_INPUT_MAP.md,.md,1137,f88048c79af9ced30ba979dad5e19b342714fb171040ae373196491b6813c9e6,False,,True
_MV1_WORK/FINAL_FRESH_MAIN_R1_0_E/M3A_UNIVERSAL_MULTIVARIATE_DIAGONAL_ATLAS_MV1/CLAIM_AND_NOVELTY_LEDGER.md,.md,1038,da6abd822c0a232cd3920dde8d4a18418fb24efb9786cedd3a3465791cab518e,False,,True
_MV1_WORK/FINAL_FRESH_MAIN_R1_0_E/M3A_UNIVERSAL_MULTIVARIATE_DIAGONAL_ATLAS_MV1/CLAIM_TO_REFERENCE_LEDGER.csv,.csv,1001,e7e5c2494b9f9ae0e56b06d83ba262d3918671e5940c2afb1ad6dc819af36a3f,False,,True
_MV1_WORK/FINAL_FRESH_MAIN_R1_0_E/M3A_UNIVERSAL_MULTIVARIATE_DIAGONAL_ATLAS_MV1/CODE_INDEPENDENT_A/word_enumeration.py,.py,1999,4453a4720b0166ca807be036fee47fd47410a6a187ff5bd7fb9c5066b65acae4,False,,True
_MV1_WORK/FINAL_FRESH_MAIN_R1_0_E/M3A_UNIVERSAL_MULTIVARIATE_DIAGONAL_ATLAS_MV1/CODE_INDEPENDENT_C/convex_atlas.py,.py,1622,39d63e6bc4798b8b9b58181e5733ed354423e14326b772603110c4a900762d07,False,,True
_MV1_WORK/FINAL_FRESH_MAIN_R1_0_E/M3A_UNIVERSAL_MULTIVARIATE_DIAGONAL_ATLAS_MV1/CODE_INDEPENDENT_C/direct_pullback.py,.py,10125,6734354d57b8fcb71762a6d0c8d59380c93109b35973b7d0f62bd95f0b2292e9,False,,True
_MV1_WORK/FINAL_FRESH_MAIN_R1_0_E/M3A_UNIVERSAL_MULTIVARIATE_DIAGONAL_ATLAS_MV1/CODE_PRIMARY/compare_and_verify.py,.py,2381,209563f2cf0eba76a71aff4383ac6b987091c1af6a6a82c0cc518b5914fceac3,False,,True
_MV1_WORK/FINAL_FRESH_MAIN_R1_0_E/M3A_UNIVERSAL_MULTIVARIATE_DIAGONAL_ATLAS_MV1/CODE_PRIMARY/deterministic_zip.py,.py,1092,d118ead5ec11cfa966fa01155daa8bac12947bf01a814db47b778a2f617db4c2,False,,True
_MV1_WORK/FINAL_FRESH_MAIN_R1_0_E/M3A_UNIVERSAL_MULTIVARIATE_DIAGONAL_ATLAS_MV1/CODE_PRIMARY/mv1_primary.py,.py,10015,196e0b6a89e0f94d89dd80ac692a5b8a166f0bbb6c9a2af9f4658de737757cba,False,,True
_MV1_WORK/FINAL_FRESH_MAIN_R1_0_E/M3A_UNIVERSAL_MULTIVARIATE_DIAGONAL_ATLAS_MV1/CODE_PRIMARY/reproduce.ps1,.ps1,878,2157464da35f049246c0262f4c542d51aaa82f27a3953952b540087912c811a0,False,,True
_MV1_WORK/FINAL_FRESH_MAIN_R1_0_E/M3A_UNIVERSAL_MULTIVARIATE_DIAGONAL_ATLAS_MV1/CODE_PRIMARY/seal_release.py,.py,2280,6dad88919cec26f068113ab4f49d6f5b022ae8b2c93ccbd611c5e8b99aeba3f3,False,,True
_MV1_WORK/FINAL_FRESH_MAIN_R1_0_E/M3A_UNIVERSAL_MULTIVARIATE_DIAGONAL_ATLAS_MV1/CODE_PRIMARY/verify_archive.py,.py,1700,aae383b39883e80e3038cd7df5e14627d1c0de6341d3fcb40471547a1276fd11,False,,True
_MV1_WORK/FINAL_FRESH_MAIN_R1_0_E/M3A_UNIVERSAL_MULTIVARIATE_DIAGONAL_ATLAS_MV1/CODE_PRIMARY/verify_manifest.py,.py,888,b3781e65ccda6ab39d0cf5494075e7981f3ce10c5b12170dce93372cbd24817f,False,,True
_MV1_WORK/FINAL_FRESH_MAIN_R1_0_E/M3A_UNIVERSAL_MULTIVARIATE_DIAGONAL_ATLAS_MV1/COMPARISON_POLICY.json,.json,550,15c1a943817a18307858545aca8f977c65a364e04d9c554952c0aedbb026fa0a,False,,True
_MV1_WORK/FINAL_FRESH_MAIN_R1_0_E/M3A_UNIVERSAL_MULTIVARIATE_DIAGONAL_ATLAS_MV1/COUNTEREXAMPLES_AND_CONTROLS.md,.md,1515,e0896571f53a0b9601e30867f95ac7f72645bd0dc406e6ac6d442100cea87cf0,False,,True
_MV1_WORK/FINAL_FRESH_MAIN_R1_0_E/M3A_UNIVERSAL_MULTIVARIATE_DIAGONAL_ATLAS_MV1/DATA/convex_atlas.json,.json,4200,6d61af8b30ff7f6235d9af87541eeea138196d7aefb250713793ef7480bab8b7,False,,True
_MV1_WORK/FINAL_FRESH_MAIN_R1_0_E/M3A_UNIVERSAL_MULTIVARIATE_DIAGONAL_ATLAS_MV1/DATA/denominator.json,.json,13170,5df4ac21db2b729cf0fde161b17486e89329781a7e5252e7e5fee577e7c6b7b3,False,,True
_MV1_WORK/FINAL_FRESH_MAIN_R1_0_E/M3A_UNIVERSAL_MULTIVARIATE_DIAGONAL_ATLAS_MV1/DATA/direct_pullback.json,.json,20786,24befa8f78b9b800079b1d2797d22abd129c48c3654793d49bd4d2a42315bd87,False,,True
_MV1_WORK/FINAL_FRESH_MAIN_R1_0_E/M3A_UNIVERSAL_MULTIVARIATE_DIAGONAL_ATLAS_MV1/DATA/discrepancy_detection.json,.json,357,9b85bd5e8d7a3f83945ce1fecba123b77781168e6cd6679391442ff476b319da,False,,True
_MV1_WORK/FINAL_FRESH_MAIN_R1_0_E/M3A_UNIVERSAL_MULTIVARIATE_DIAGONAL_ATLAS_MV1/DATA/independent_resolvent.json,.json,8432,912532031034ff3e46aeaa81eea8a8bc8bd3fbd7a68a78b25ead1ac58e28bf6b,False,,True
_MV1_WORK/FINAL_FRESH_MAIN_R1_0_E/M3A_UNIVERSAL_MULTIVARIATE_DIAGONAL_ATLAS_MV1/DATA/independent_words.json,.json,3190,601e4bc5136842808a5667a3406d572520cd458d74a52e60fa670f360cfb8eaa,False,,True
_MV1_WORK/FINAL_FRESH_MAIN_R1_0_E/M3A_UNIVERSAL_MULTIVARIATE_DIAGONAL_ATLAS_MV1/DATA/primary.json,.json,25965,6c374b193325fe50e0297d49840d11646587702cd4e50da2163b0c062e70fd8c,False,,True
_MV1_WORK/FINAL_FRESH_MAIN_R1_0_E/M3A_UNIVERSAL_MULTIVARIATE_DIAGONAL_ATLAS_MV1/DATA/random_census.json,.json,76910,0738289ae8d3c7d8c5c624c0a97e5a4ceb2e716568b52fa08c13450b1235ef9e,False,,True
_MV1_WORK/FINAL_FRESH_MAIN_R1_0_E/M3A_UNIVERSAL_MULTIVARIATE_DIAGONAL_ATLAS_MV1/ENVIRONMENT_SPECIFICATION.txt,.txt,578,cb661eca16b2461acc1d3be794ba499179e072d77cf21fa07528e2354e239da9,False,,True
_MV1_WORK/FINAL_FRESH_MAIN_R1_0_E/M3A_UNIVERSAL_MULTIVARIATE_DIAGONAL_ATLAS_MV1/EXACT_DENOMINATOR.json,.json,13170,5df4ac21db2b729cf0fde161b17486e89329781a7e5252e7e5fee577e7c6b7b3,False,,True
_MV1_WORK/FINAL_FRESH_MAIN_R1_0_E/M3A_UNIVERSAL_MULTIVARIATE_DIAGONAL_ATLAS_MV1/EXACT_WORD_AND_ENDPOINT_SUPPORT_THEOREM.tex,.tex,1101,1976521d88846fe0a48bc8191cccd566aa63bdc596e625d0cce04d27b414e204,False,,True
_MV1_WORK/FINAL_FRESH_MAIN_R1_0_E/M3A_UNIVERSAL_MULTIVARIATE_DIAGONAL_ATLAS_MV1/EXPECTED/verification_summary.json,.json,216,8aff51a62d8dfa6261b5332ddde6b9224e989da9f213b5a1b41f369cbf44a2b6,False,,True
_MV1_WORK/FINAL_FRESH_MAIN_R1_0_E/M3A_UNIVERSAL_MULTIVARIATE_DIAGONAL_ATLAS_MV1/EXPECTED_CANONICAL.sha256,.sha256,926,b9f0c4eed9bead0b031809abbbbf9647c8a52d3cbe86438f3746045828d2a002,False,,False
_MV1_WORK/FINAL_FRESH_MAIN_R1_0_E/M3A_UNIVERSAL_MULTIVARIATE_DIAGONAL_ATLAS_MV1/FAILURE_LEDGER.md,.md,1209,98e74c84a9a81d600f1d495f93ab96777e8da4655ec3f190f5ae1fb2be3dd13a,False,,True
_MV1_WORK/FINAL_FRESH_MAIN_R1_0_E/M3A_UNIVERSAL_MULTIVARIATE_DIAGONAL_ATLAS_MV1/FINAL_MV1_REPORT.md,.md,6599,a29d1a0e3e32be2655d5297198d9ef454c0c77ec22b994881f397ebfb5f4b20e,False,,True
_MV1_WORK/FINAL_FRESH_MAIN_R1_0_E/M3A_UNIVERSAL_MULTIVARIATE_DIAGONAL_ATLAS_MV1/FIXED_FIBRE_PULLBACK_RECOVERY.md,.md,538,3760e4ca4bab48234004d60c5923e4c07e26ff0a448b68c6f9a1d88b227dda0b,False,,True
_MV1_WORK/FINAL_FRESH_MAIN_R1_0_E/M3A_UNIVERSAL_MULTIVARIATE_DIAGONAL_ATLAS_MV1/INDEPENDENT_COORDINATE_PROTOCOLS.tex,.tex,802,5bf14382858dde87e804fd5f5fe00dc19da189eb2b09fec0ff51a0227db4a45a,False,,True
_MV1_WORK/FINAL_FRESH_MAIN_R1_0_E/M3A_UNIVERSAL_MULTIVARIATE_DIAGONAL_ATLAS_MV1/INPUT_HASHES.sha256,.sha256,1736,c5c521b0498055273c836a9e1b35be277445a31bdc1b8518b9edd062b03c48bd,False,,False
_MV1_WORK/FINAL_FRESH_MAIN_R1_0_E/M3A_UNIVERSAL_MULTIVARIATE_DIAGONAL_ATLAS_MV1/INPUT_INTEGRITY_REPORT.md,.md,2378,7464c670d82a04b784041cee4797ee082b0354d916494b7d95e4c4e3c66b39af,False,,True
_MV1_WORK/FINAL_FRESH_MAIN_R1_0_E/M3A_UNIVERSAL_MULTIVARIATE_DIAGONAL_ATLAS_MV1/INPUTS/_ARC1_CORRECTED_WORK.zip,.zip,71692325,,False,,False
_MV1_WORK/FINAL_FRESH_MAIN_R1_0_E/M3A_UNIVERSAL_MULTIVARIATE_DIAGONAL_ATLAS_MV1/INPUTS/M3A_000029_exact_polynomial_certificate.zip,.zip,9415,6ec4425d54a3e69a10a91fa0d56c9241b67fdbfb1bc71428664cf3752eb5e72e,False,,False
_MV1_WORK/FINAL_FRESH_MAIN_R1_0_E/M3A_UNIVERSAL_MULTIVARIATE_DIAGONAL_ATLAS_MV1/INPUTS/M3A_ARC1_COLLEAGUE_LOCKED_DEFINITIONS_R1_0.zip,.zip,453182,7d3dae54eb29b9d59711cfc69cb1d6e8ca52d133c569ae99c7c46a5581adf442,False,,False
_MV1_WORK/FINAL_FRESH_MAIN_R1_0_E/M3A_UNIVERSAL_MULTIVARIATE_DIAGONAL_ATLAS_MV1/INPUTS/M3A_ARC1_COLLEAGUE_LOCKED_DEFINITIONS_R1_0.zip.sha256,.sha256,113,ca9255cc4833722d3dd0a7e13a6d9b16f494fd639f2777dfb31cb9a7521af7e4,False,,False
_MV1_WORK/FINAL_FRESH_MAIN_R1_0_E/M3A_UNIVERSAL_MULTIVARIATE_DIAGONAL_ATLAS_MV1/INPUTS/M3A_Diagonal_Family_Trichotomy_Paper_R1_2.pdf,.pdf,374126,4135498db2f973d8c3dbd4f77b8ebc94c2f3ea8bfc11e9dd710ef694b65d3222,False,,False
_MV1_WORK/FINAL_FRESH_MAIN_R1_0_E/M3A_UNIVERSAL_MULTIVARIATE_DIAGONAL_ATLAS_MV1/INPUTS/M3A_Diagonal_Family_Trichotomy_Paper_R1_2.tex,.tex,36123,c5e1d29848307e0b3852d962a6af843499524377ff72c97b647af03052e35009,False,,True
_MV1_WORK/FINAL_FRESH_MAIN_R1_0_E/M3A_UNIVERSAL_MULTIVARIATE_DIAGONAL_ATLAS_MV1/INPUTS/M3A_ENDPOINT_ACCESS_WORD_SUPPORT_EA1_R1_1.zip,.zip,143146908,,False,,False
_MV1_WORK/FINAL_FRESH_MAIN_R1_0_E/M3A_UNIVERSAL_MULTIVARIATE_DIAGONAL_ATLAS_MV1/INPUTS/M3A_ENDPOINT_ACCESS_WORD_SUPPORT_EA1_R1_1.zip.sha256,.sha256,112,34d649d59d30f1eee4a0640a48b354fb0b7ba698578660fefd484fe2df54caad,False,,False
_MV1_WORK/FINAL_FRESH_MAIN_R1_0_E/M3A_UNIVERSAL_MULTIVARIATE_DIAGONAL_ATLAS_MV1/INPUTS/M3A_MONOMIAL_PULLBACK_FACE_COLLISION_PB1_R1_0.zip,.zip,215437525,,False,,False
_MV1_WORK/FINAL_FRESH_MAIN_R1_0_E/M3A_UNIVERSAL_MULTIVARIATE_DIAGONAL_ATLAS_MV1/INPUTS/M3A_MONOMIAL_PULLBACK_FACE_COLLISION_PB1_R1_0.zip.sha256,.sha256,116,60c94c0078276a9bdc913387fdc1d4737b8c902591cea650014fc6bb8230d21f,False,,False
_MV1_WORK/FINAL_FRESH_MAIN_R1_0_E/M3A_UNIVERSAL_MULTIVARIATE_DIAGONAL_ATLAS_MV1/INPUTS/M3A_NEWTON_PROTOCOL_ATLAS_NP1_R1_0.zip,.zip,23801570,,False,,False
_MV1_WORK/FINAL_FRESH_MAIN_R1_0_E/M3A_UNIVERSAL_MULTIVARIATE_DIAGONAL_ATLAS_MV1/INPUTS/M3A_NEWTON_PROTOCOL_ATLAS_NP1_R1_0.zip.sha256,.sha256,105,dc8afe50cffae339cb51d040472f2f7755af22cf709b719b718031289072d4d2,False,,False
_MV1_WORK/FINAL_FRESH_MAIN_R1_0_E/M3A_UNIVERSAL_MULTIVARIATE_DIAGONAL_ATLAS_MV1/INPUTS/WORKSTATION_MV1_UNIVERSAL_MULTIVARIATE_DIAGONAL_NEWTON_INITIAL_ATLAS_R1_0.md,.md,28840,d3d57038f8f3a77fe660ff9673874d78232e059d828118eac919129031b7378f,False,,True
_MV1_WORK/FINAL_FRESH_MAIN_R1_0_E/M3A_UNIVERSAL_MULTIVARIATE_DIAGONAL_ATLAS_MV1/INPUTS/WORKSTATION_MV1_UNIVERSAL_MULTIVARIATE_DIAGONAL_NEWTON_INITIAL_ATLAS_R1_0.md.sha256,.sha256,143,c014773dc022dc2ea09ef47db5898b23d7ae8598820dd4e22aa0a6d5ebf76e81,False,,False
_MV1_WORK/FINAL_FRESH_MAIN_R1_0_E/M3A_UNIVERSAL_MULTIVARIATE_DIAGONAL_ATLAS_MV1/LEVEL_ZERO_CANCELLATION_IDEALS.json,.json,355,91cf584090a7906469a82a629da07c11d46e1d3302cdde8ab8a92a1dc0c61422,False,,True
_MV1_WORK/FINAL_FRESH_MAIN_R1_0_E/M3A_UNIVERSAL_MULTIVARIATE_DIAGONAL_ATLAS_MV1/LEVEL_ZERO_INITIAL_ATLAS.tex,.tex,757,c1b9a105592e52043c2767c498528b0db9a20fdc7d150cc5098c4cd231510699,False,,True
_MV1_WORK/FINAL_FRESH_MAIN_R1_0_E/M3A_UNIVERSAL_MULTIVARIATE_DIAGONAL_ATLAS_MV1/LOCKED_MODEL_AND_SCOPE.md,.md,583,74b57f72d2fcfce64245001667b25d6ee421d0e8f721f5a0c0d13265d0009356,False,,True
_MV1_WORK/FINAL_FRESH_MAIN_R1_0_E/M3A_UNIVERSAL_MULTIVARIATE_DIAGONAL_ATLAS_MV1/MANIFEST.sha256,.sha256,9457,3a1c3f4de5367f288f939a318d9fed49d21832d4bc7eb174872d70c2370329fe,False,,False
_MV1_WORK/FINAL_FRESH_MAIN_R1_0_E/M3A_UNIVERSAL_MULTIVARIATE_DIAGONAL_ATLAS_MV1/MANIFEST_POLICY.md,.md,602,5e15cb1dead8ac72f4da5bdd9ba10fdb0d899844599a577a6c9b8d53c0f5bc95,False,,True
_MV1_WORK/FINAL_FRESH_MAIN_R1_0_E/M3A_UNIVERSAL_MULTIVARIATE_DIAGONAL_ATLAS_MV1/MIXED_TIME_DEPTH_COUNTEREXAMPLES.md,.md,694,fb000108173b066c1f1ad179c7dbe3dcfcf227e99655092034c06059edbdc407,False,,True
_MV1_WORK/FINAL_FRESH_MAIN_R1_0_E/M3A_UNIVERSAL_MULTIVARIATE_DIAGONAL_ATLAS_MV1/MOMENT_AMPLITUDE_INITIAL_FORM_COMPARISON.tex,.tex,762,c78a6f614cec590a474d6ca4b7635ade2028a6ef6bca519c8149874a04a8f606,False,,True
_MV1_WORK/FINAL_FRESH_MAIN_R1_0_E/M3A_UNIVERSAL_MULTIVARIATE_DIAGONAL_ATLAS_MV1/MOMENT_VERSUS_AMPLITUDE_FIREWALL.md,.md,822,e41b9cc7e61d7867e5e221db68a60fe28ed58a800e2137e5457695c087920687,False,,True
_MV1_WORK/FINAL_FRESH_MAIN_R1_0_E/M3A_UNIVERSAL_MULTIVARIATE_DIAGONAL_ATLAS_MV1/MOVING_DIRECTION_COMPOSITION_COROLLARY.md,.md,676,9d50af1d83a8cd00398d81aba50606270e2e572fd83be4b16611ac11b5541700,False,,True
_MV1_WORK/FINAL_FRESH_MAIN_R1_0_E/M3A_UNIVERSAL_MULTIVARIATE_DIAGONAL_ATLAS_MV1/MV1_COLLEAGUE_BRIEF/EXPECTED_BRIEF.json,.json,338,1c926c2cb16167c894f5869c679b4845932abf3e70a46aa28b10bb837360c4e6,False,,True
_MV1_WORK/FINAL_FRESH_MAIN_R1_0_E/M3A_UNIVERSAL_MULTIVARIATE_DIAGONAL_ATLAS_MV1/MV1_COLLEAGUE_BRIEF/GLOSSARY.md,.md,465,89a1241bc25e72747778f0d3a969bdd88cf1b5537c24c6bd12f384a5f61bf528,False,,True
_MV1_WORK/FINAL_FRESH_MAIN_R1_0_E/M3A_UNIVERSAL_MULTIVARIATE_DIAGONAL_ATLAS_MV1/MV1_COLLEAGUE_BRIEF/LOCKED_DEFINITIONS.md,.md,526,066da64ec3de672edc58c833d92c84d36070bca8dfcc26a93eb0c05b6a404212,False,,True
_MV1_WORK/FINAL_FRESH_MAIN_R1_0_E/M3A_UNIVERSAL_MULTIVARIATE_DIAGONAL_ATLAS_MV1/MV1_COLLEAGUE_BRIEF/MANIFEST.sha256,.sha256,1112,cc9fda43e0592f5457a6a5595882c7b0955e06571e1070fad75d491c0b04e234,False,,False
_MV1_WORK/FINAL_FRESH_MAIN_R1_0_E/M3A_UNIVERSAL_MULTIVARIATE_DIAGONAL_ATLAS_MV1/MV1_COLLEAGUE_BRIEF/MINIMAL_REPRO.py,.py,673,9276499cd26950b1bb8b456d247f968d57cf4f42fbbc2d79d36675ef803dc402,False,,True
_MV1_WORK/FINAL_FRESH_MAIN_R1_0_E/M3A_UNIVERSAL_MULTIVARIATE_DIAGONAL_ATLAS_MV1/MV1_COLLEAGUE_BRIEF/MOMENT_VERSUS_AMPLITUDE.md,.md,365,d1714d69411c999fe6992bc4605acb9085c6c9dc7d4188848f2fa631f33d812c,False,,True
_MV1_WORK/FINAL_FRESH_MAIN_R1_0_E/M3A_UNIVERSAL_MULTIVARIATE_DIAGONAL_ATLAS_MV1/MV1_COLLEAGUE_BRIEF/OPEN_GAPS.md,.md,347,f3499075270de18890c6ba52276b96515dd03e064380b8fc051440763c83f749,False,,True
_MV1_WORK/FINAL_FRESH_MAIN_R1_0_E/M3A_UNIVERSAL_MULTIVARIATE_DIAGONAL_ATLAS_MV1/MV1_COLLEAGUE_BRIEF/PROVED_RESULTS.md,.md,629,2583ad69a0e08d0a00cf39b667da0d0b6837e9cd1a2e00937978e6fcf40c1779,False,,True
_MV1_WORK/FINAL_FRESH_MAIN_R1_0_E/M3A_UNIVERSAL_MULTIVARIATE_DIAGONAL_ATLAS_MV1/MV1_COLLEAGUE_BRIEF/REPRODUCE_BRIEF.sh,.sh,353,409850cdf182621ba434c92c9ab01161b7b03f460df3a1ce84fbb84d108fd940,False,,True
_MV1_WORK/FINAL_FRESH_MAIN_R1_0_E/M3A_UNIVERSAL_MULTIVARIATE_DIAGONAL_ATLAS_MV1/MV1_COLLEAGUE_BRIEF/REPRODUCTION_COMMANDS.md,.md,231,10cc73fa3b724f2e0b91671319e4a0a933f6fd01abc790c95c946c7ecbd06613,False,,True
_MV1_WORK/FINAL_FRESH_MAIN_R1_0_E/M3A_UNIVERSAL_MULTIVARIATE_DIAGONAL_ATLAS_MV1/MV1_COLLEAGUE_BRIEF/SOURCE_MAP.md,.md,291,3ac57bb719c2dbe455e534f2a683fbea8d6bedcd50ca5662c01ceeedc3af00e5,False,,True
_MV1_WORK/FINAL_FRESH_MAIN_R1_0_E/M3A_UNIVERSAL_MULTIVARIATE_DIAGONAL_ATLAS_MV1/MV1_COLLEAGUE_BRIEF/START_HERE.md,.md,457,285a06ac1c1984396407b4af405a3195b7acacb4f733f03350d33c3bd7948b24,False,,True
_MV1_WORK/FINAL_FRESH_MAIN_R1_0_E/M3A_UNIVERSAL_MULTIVARIATE_DIAGONAL_ATLAS_MV1/MV1_COLLEAGUE_BRIEF/UNIVERSAL_OBJECT_VERSUS_PULLBACKS.md,.md,392,fb722c72127874eb99b90b1564fe1c32aa293bf58784529e313697504806fb1b,False,,True
_MV1_WORK/FINAL_FRESH_MAIN_R1_0_E/M3A_UNIVERSAL_MULTIVARIATE_DIAGONAL_ATLAS_MV1/MV1_COLLEAGUE_BRIEF/VERIFY_BRIEF.py,.py,730,dae8fb276c8a9996d56612bc143f75993d60452de7ebf5eb63e26cfbc41d4298,False,,True
_MV1_WORK/FINAL_FRESH_MAIN_R1_0_E/M3A_UNIVERSAL_MULTIVARIATE_DIAGONAL_ATLAS_MV1/MV1_EXACT_CONTROL_CERTIFICATES.json,.json,18210,369333ff37a34a1b9eed9546b30ac6d97d67e7cf4b9f99ffb19075d76d6e3638,False,,True
_MV1_WORK/FINAL_FRESH_MAIN_R1_0_E/M3A_UNIVERSAL_MULTIVARIATE_DIAGONAL_ATLAS_MV1/MV1_RANDOM_CENSUS.json,.json,76910,0738289ae8d3c7d8c5c624c0a97e5a4ceb2e716568b52fa08c13450b1235ef9e,False,,True
_MV1_WORK/FINAL_FRESH_MAIN_R1_0_E/M3A_UNIVERSAL_MULTIVARIATE_DIAGONAL_ATLAS_MV1/MV2_HANDOFF.md,.md,809,672a23f526e410fe62d5d454be2b94d434b29542146dd18823e6320c65195ccc,False,,True
_MV1_WORK/FINAL_FRESH_MAIN_R1_0_E/M3A_UNIVERSAL_MULTIVARIATE_DIAGONAL_ATLAS_MV1/NEWTON_POLYHEDRON_CERTIFICATE.json,.json,325,770bea8b059eb163b5ed73c9f5bab24b931e13f3ae4a8f7635247dc449d9cae8,False,,True
_MV1_WORK/FINAL_FRESH_MAIN_R1_0_E/M3A_UNIVERSAL_MULTIVARIATE_DIAGONAL_ATLAS_MV1/NOTATION_TRANSLATION_LEDGER.md,.md,994,c509055a82cf6bd41c78a1a7c26b888b51ed1be3a0e80de3e3839c2fa7aea86e,False,,True
_MV1_WORK/FINAL_FRESH_MAIN_R1_0_E/M3A_UNIVERSAL_MULTIVARIATE_DIAGONAL_ATLAS_MV1/PB1_MV1_COMPATIBILITY_LEDGER.md,.md,1028,8ebf31ac9b233070047ac1105fc83ceb54675103e9f5323fc47f3e7feb6bbaec,False,,True
_MV1_WORK/FINAL_FRESH_MAIN_R1_0_E/M3A_UNIVERSAL_MULTIVARIATE_DIAGONAL_ATLAS_MV1/POSITIVE_NORMAL_FAN.md,.md,567,c12f10be1fca07adf56be58fcc615a4b4ffd6c4e8fc2badaf9a2c393d8c4da93,False,,True
_MV1_WORK/FINAL_FRESH_MAIN_R1_0_E/M3A_UNIVERSAL_MULTIVARIATE_DIAGONAL_ATLAS_MV1/PRIOR_ART_AUDIT.md,.md,3855,99610b41018ca4005df95e61847f92d043e1c0d503757e5d925d137699d6092b,False,,True
_MV1_WORK/FINAL_FRESH_MAIN_R1_0_E/M3A_UNIVERSAL_MULTIVARIATE_DIAGONAL_ATLAS_MV1/PRIOR_ART_SEARCH_LOG.csv,.csv,1918,01aa06634c4184d01c438472522b6f4f6f44fbbc29e48ab35b99c2e1a64c466e,False,,True
_MV1_WORK/FINAL_FRESH_MAIN_R1_0_E/M3A_UNIVERSAL_MULTIVARIATE_DIAGONAL_ATLAS_MV1/RECURSIVE_PROTOCOL_ATLAS_DEFINITION.tex,.tex,923,07d664d9365d844b378efea3a4043e14d755fc4717981e3d7fdf0e197a04084e,False,,True
_MV1_WORK/FINAL_FRESH_MAIN_R1_0_E/M3A_UNIVERSAL_MULTIVARIATE_DIAGONAL_ATLAS_MV1/REPRODUCE.sh,.sh,209,ae87d8eba176fb49a27ea93cd09aa8eb674d828c7e0347ce05ff1eae88ad832d,False,,True
_MV1_WORK/FINAL_FRESH_MAIN_R1_0_E/M3A_UNIVERSAL_MULTIVARIATE_DIAGONAL_ATLAS_MV1/REPRODUCIBILITY_PROTOCOL.md,.md,917,0614b2a29d4920cbfa3fdb31bb3c7a397f75df98ca843134d72999f2888fbbb7,False,,True
_MV1_WORK/FINAL_FRESH_MAIN_R1_0_E/M3A_UNIVERSAL_MULTIVARIATE_DIAGONAL_ATLAS_MV1/SCALAR_RAY_PULLBACK_RECOVERY.tex,.tex,671,c4fcb257bc5d9650e03811dd20daee0107a561a47ef69756a77d84d6926d87f4,False,,True
_MV1_WORK/FINAL_FRESH_MAIN_R1_0_E/M3A_UNIVERSAL_MULTIVARIATE_DIAGONAL_ATLAS_MV1/TRANSFORMED_MOMENT_GENERATING_THEOREM.tex,.tex,624,6b0422259082bbfc9aa678d1743638a6d272a5b3b4d1e0759be7560edb06b011,False,,True
_MV1_WORK/FINAL_FRESH_MAIN_R1_0_E/M3A_UNIVERSAL_MULTIVARIATE_DIAGONAL_ATLAS_MV1/UNIVERSAL_COEFFICIENT_DEFINITIONS.tex,.tex,772,7b5d7e9ab74cbc1a7b5ec98bfe67d0d0821eb2cc8b1d1cdc112b0ebb96e1e430,False,,True
_MV1_WORK/FINAL_FRESH_MAIN_R1_0_E/M3A_UNIVERSAL_MULTIVARIATE_DIAGONAL_ATLAS_MV1/UNIVERSAL_MINIMAL_TIME_LAYER_THEOREM.tex,.tex,675,4ce9df70ead18d0b026a3f263ad07b9bd1e68578318744b271018e18116aa9c4,False,,True
_MV1_WORK/FINAL_FRESH_MAIN_R1_0_E/M3A_UNIVERSAL_MULTIVARIATE_DIAGONAL_ATLAS_MV1/UNIVERSAL_NEWTON_POLYHEDRON_THEOREM.tex,.tex,937,112d50ea6f3c78b3e7a6db4f3866432de59e29eb34f64949d9b6da987b39b8cd,False,,True
_MV1_WORK/FINAL_FRESH_MAIN_R1_0_E/M3A_UNIVERSAL_MULTIVARIATE_DIAGONAL_ATLAS_MV1/UNRESOLVED_GAPS.md,.md,831,3ec5ba1b8b9a9dfdefcb732a1f8b0ccde242ec830b48c24d7e4c34cc3cfbfe89,False,,True
_MV1_WORK/I/ARC1/_ARC1_CORRECTED_WORK/FRESH_VERIFY_R1_0/M3A_THREE_SCALE_MOVING_DIRECTION_ARC1/ARC1_CERTIFICATES.json,.json,1822,a4194b5be2f8bcc3309dd4d2089a5b6e828f6637ca2105b4aa364f8aacd0c4a1,False,,True
_MV1_WORK/I/ARC1/_ARC1_CORRECTED_WORK/FRESH_VERIFY_R1_0/M3A_THREE_SCALE_MOVING_DIRECTION_ARC1/ARC1_RANDOM_CENSUS.json,.json,21866,0143a610daef8d90c07df9f0a8a8ba9ba79f46ec7108472ea5338ead9dcca6ae,False,,True
_MV1_WORK/I/ARC1/_ARC1_CORRECTED_WORK/FRESH_VERIFY_R1_0/M3A_THREE_SCALE_MOVING_DIRECTION_ARC1/ASSUMPTIONS_LOCK.md,.md,1444,56d218e51b3efdb328970653f730899c23ab6968df4765720500002d7181187c,False,,True
_MV1_WORK/I/ARC1/_ARC1_CORRECTED_WORK/FRESH_VERIFY_R1_0/M3A_THREE_SCALE_MOVING_DIRECTION_ARC1/CLAIM_AND_NOVELTY_LEDGER.md,.md,1327,0de3033295e06312cb9cba2f277d104ad794794a184868f9e62111b708564980,False,,True
_MV1_WORK/I/ARC1/_ARC1_CORRECTED_WORK/FRESH_VERIFY_R1_0/M3A_THREE_SCALE_MOVING_DIRECTION_ARC1/CODE_INDEPENDENT_C/support_geometry.py,.py,1463,124f9c41f167a18f21380b94480cb5d7fc8e75a44b03ee1bfc9be065fec643f8,False,,True
_MV1_WORK/I/ARC1/_ARC1_CORRECTED_WORK/FRESH_VERIFY_R1_0/M3A_THREE_SCALE_MOVING_DIRECTION_ARC1/CODE_PRIMARY/compare_and_controls.py,.py,2972,ab2d8ca050aa21c091725064ac5bab336028118670b2a224f48f043dc1716a60,False,,True
_MV1_WORK/I/ARC1/_ARC1_CORRECTED_WORK/FRESH_VERIFY_R1_0/M3A_THREE_SCALE_MOVING_DIRECTION_ARC1/CODE_PRIMARY/integrity_gate.py,.py,4050,747236df3f961c61e7c07b369ff1f8f04010b1a143c223faba0ec587369b3ac4,False,,True
_MV1_WORK/I/ARC1/_ARC1_CORRECTED_WORK/FRESH_VERIFY_R1_0/M3A_THREE_SCALE_MOVING_DIRECTION_ARC1/CODE_PRIMARY/moving_direction_series.py,.py,5556,be49fd7cb0dccdf198a2b25e3152e780b53ab628fcc33ac5eded6314fd39b5f2,False,,True
_MV1_WORK/I/ARC1/_ARC1_CORRECTED_WORK/FRESH_VERIFY_R1_0/M3A_THREE_SCALE_MOVING_DIRECTION_ARC1/CODE_PRIMARY/polynomial_arc_census.py,.py,2681,5071e761661aa0ea832d86d2f8a37d741b36a3746d578f3266e9813857d12261,False,,True
_MV1_WORK/I/ARC1/_ARC1_CORRECTED_WORK/FRESH_VERIFY_R1_0/M3A_THREE_SCALE_MOVING_DIRECTION_ARC1/CODE_PRIMARY/verify_package.py,.py,1717,2fb6e06e7d81179ea241f73e6b254d64209e4cf73ff70c536f49d4fa1d65e2e4,False,,True
_MV1_WORK/I/ARC1/_ARC1_CORRECTED_WORK/FRESH_VERIFY_R1_0/M3A_THREE_SCALE_MOVING_DIRECTION_ARC1/COMPARISON_POLICY.json,.json,1049,6200b013bd63f12c6c095aba4c7c3b18e490910847a06172cc5961303f5c551d,False,,True
_MV1_WORK/I/ARC1/_ARC1_CORRECTED_WORK/FRESH_VERIFY_R1_0/M3A_THREE_SCALE_MOVING_DIRECTION_ARC1/COUNTEREXAMPLES_AND_CONTROLS.md,.md,2059,eb0d0afeac3d54e04f5fc05d60f089341d26cefc7433448678cdc2d69b43fec6,False,,True
_MV1_WORK/I/ARC1/_ARC1_CORRECTED_WORK/FRESH_VERIFY_R1_0/M3A_THREE_SCALE_MOVING_DIRECTION_ARC1/DATA/census.json,.json,21866,0143a610daef8d90c07df9f0a8a8ba9ba79f46ec7108472ea5338ead9dcca6ae,False,,True
_MV1_WORK/I/ARC1/_ARC1_CORRECTED_WORK/FRESH_VERIFY_R1_0/M3A_THREE_SCALE_MOVING_DIRECTION_ARC1/DATA/comparison.json,.json,1822,a4194b5be2f8bcc3309dd4d2089a5b6e828f6637ca2105b4aa364f8aacd0c4a1,False,,True
_MV1_WORK/I/ARC1/_ARC1_CORRECTED_WORK/FRESH_VERIFY_R1_0/M3A_THREE_SCALE_MOVING_DIRECTION_ARC1/DATA/independent_a.json,.json,5597,ccc91f31100870643892afa8c5287e772c7a3d4af3bfb45f2f88907d47453065,False,,True
_MV1_WORK/I/ARC1/_ARC1_CORRECTED_WORK/FRESH_VERIFY_R1_0/M3A_THREE_SCALE_MOVING_DIRECTION_ARC1/DATA/independent_b.json,.json,5589,cac5685909558efd3e6a50e46880c9c55b747d7ca50724c8a2884742b71748bb,False,,True
_MV1_WORK/I/ARC1/_ARC1_CORRECTED_WORK/FRESH_VERIFY_R1_0/M3A_THREE_SCALE_MOVING_DIRECTION_ARC1/DATA/independent_c.json,.json,312,ddadde63ba7dee5fbcd067b295d5c10f7fcd272ccc11db11ab06a4673fc749f8,False,,True
_MV1_WORK/I/ARC1/_ARC1_CORRECTED_WORK/FRESH_VERIFY_R1_0/M3A_THREE_SCALE_MOVING_DIRECTION_ARC1/DATA/integrity.json,.json,296,5c2fc519c8e3be0ac2386e1b7a26b79396d8bded0ebff796192ecb3a76b6b3c8,False,,True
_MV1_WORK/I/ARC1/_ARC1_CORRECTED_WORK/FRESH_VERIFY_R1_0/M3A_THREE_SCALE_MOVING_DIRECTION_ARC1/DATA/np1_controls.json,.json,479,7515c4397347c3831f43001dc634624c36018acce48ea0569c2a6d7bbdad00e1,False,,True
_MV1_WORK/I/ARC1/_ARC1_CORRECTED_WORK/FRESH_VERIFY_R1_0/M3A_THREE_SCALE_MOVING_DIRECTION_ARC1/DATA/primary.json,.json,5578,9ef468be3121689a8f5ba63981725a007ca4b2fde0aa48bd0b550cc718c10f15,False,,True
_MV1_WORK/I/ARC1/_ARC1_CORRECTED_WORK/FRESH_VERIFY_R1_0/M3A_THREE_SCALE_MOVING_DIRECTION_ARC1/DECLARED_PROTOCOL_COROLLARY.tex,.tex,1017,79d1bb0d6a52d427436b811232413a6493ec2c1dafc604ce78aa6e0f95550273,False,,True
_MV1_WORK/I/ARC1/_ARC1_CORRECTED_WORK/FRESH_VERIFY_R1_0/M3A_THREE_SCALE_MOVING_DIRECTION_ARC1/ENVIRONMENT_SPECIFICATION.txt,.txt,800,574c2fb44c315c186bff5b21cf3e08bed38e84230ace132c87aee3d8aa0c81d7,False,,True
_MV1_WORK/I/ARC1/_ARC1_CORRECTED_WORK/FRESH_VERIFY_R1_0/M3A_THREE_SCALE_MOVING_DIRECTION_ARC1/EXACT_DARK_MOVING_ARC_THEOREM.tex,.tex,844,064cee0ce1899943b1cc4b7ce4df74099e2970c00255a173fd9371dbf05b734c,False,,True
_MV1_WORK/I/ARC1/_ARC1_CORRECTED_WORK/FRESH_VERIFY_R1_0/M3A_THREE_SCALE_MOVING_DIRECTION_ARC1/EXPECTED/census.json,.json,21866,0143a610daef8d90c07df9f0a8a8ba9ba79f46ec7108472ea5338ead9dcca6ae,False,,True
_MV1_WORK/I/ARC1/_ARC1_CORRECTED_WORK/FRESH_VERIFY_R1_0/M3A_THREE_SCALE_MOVING_DIRECTION_ARC1/EXPECTED/comparison.json,.json,1822,a4194b5be2f8bcc3309dd4d2089a5b6e828f6637ca2105b4aa364f8aacd0c4a1,False,,True
_MV1_WORK/I/ARC1/_ARC1_CORRECTED_WORK/FRESH_VERIFY_R1_0/M3A_THREE_SCALE_MOVING_DIRECTION_ARC1/EXPECTED/independent_a.json,.json,5597,ccc91f31100870643892afa8c5287e772c7a3d4af3bfb45f2f88907d47453065,False,,True
_MV1_WORK/I/ARC1/_ARC1_CORRECTED_WORK/FRESH_VERIFY_R1_0/M3A_THREE_SCALE_MOVING_DIRECTION_ARC1/EXPECTED/independent_b.json,.json,5589,cac5685909558efd3e6a50e46880c9c55b747d7ca50724c8a2884742b71748bb,False,,True
_MV1_WORK/I/ARC1/_ARC1_CORRECTED_WORK/FRESH_VERIFY_R1_0/M3A_THREE_SCALE_MOVING_DIRECTION_ARC1/EXPECTED/independent_c.json,.json,312,ddadde63ba7dee5fbcd067b295d5c10f7fcd272ccc11db11ab06a4673fc749f8,False,,True
_MV1_WORK/I/ARC1/_ARC1_CORRECTED_WORK/FRESH_VERIFY_R1_0/M3A_THREE_SCALE_MOVING_DIRECTION_ARC1/EXPECTED/integrity.json,.json,296,5c2fc519c8e3be0ac2386e1b7a26b79396d8bded0ebff796192ecb3a76b6b3c8,False,,True
_MV1_WORK/I/ARC1/_ARC1_CORRECTED_WORK/FRESH_VERIFY_R1_0/M3A_THREE_SCALE_MOVING_DIRECTION_ARC1/EXPECTED/np1_controls.json,.json,479,7515c4397347c3831f43001dc634624c36018acce48ea0569c2a6d7bbdad00e1,False,,True
_MV1_WORK/I/ARC1/_ARC1_CORRECTED_WORK/FRESH_VERIFY_R1_0/M3A_THREE_SCALE_MOVING_DIRECTION_ARC1/EXPECTED/primary.json,.json,5578,9ef468be3121689a8f5ba63981725a007ca4b2fde0aa48bd0b550cc718c10f15,False,,True
_MV1_WORK/I/ARC1/_ARC1_CORRECTED_WORK/FRESH_VERIFY_R1_0/M3A_THREE_SCALE_MOVING_DIRECTION_ARC1/EXPECTED_CANONICAL.sha256,.sha256,731,eb76d505292c47a34de698b136f5f11a4fa4908946572787cd37f8ce3b0386d9,False,,False
_MV1_WORK/I/ARC1/_ARC1_CORRECTED_WORK/FRESH_VERIFY_R1_0/M3A_THREE_SCALE_MOVING_DIRECTION_ARC1/FAILURE_LEDGER.md,.md,1200,62e7b0e9ab1ccf99ebd1d36f520874ea189e844fb160eee7be811ab87e9ad551,False,,True
_MV1_WORK/I/ARC1/_ARC1_CORRECTED_WORK/FRESH_VERIFY_R1_0/M3A_THREE_SCALE_MOVING_DIRECTION_ARC1/FALSIFIER_CERTIFICATE.md,.md,1171,45ea19a0dab49acacead15aa746ac4de092fee5c73f0625c739ec5123a027712,False,,True
_MV1_WORK/I/ARC1/_ARC1_CORRECTED_WORK/FRESH_VERIFY_R1_0/M3A_THREE_SCALE_MOVING_DIRECTION_ARC1/FINAL_ARC1_ASSESSMENT.md,.md,1468,10cfaa501f2daa2b63b9cf8c2b209098cc1cd57277db83f79ed3ac4357151193,False,,True
_MV1_WORK/I/ARC1/_ARC1_CORRECTED_WORK/FRESH_VERIFY_R1_0/M3A_THREE_SCALE_MOVING_DIRECTION_ARC1/FIXED_FIBRE_CITATION_AND_SCOPE_AUDIT.md,.md,630,72c4a819e3e9de2a97829b36e218b5ee309d045aa9b4d033ad3ded498a48d871,False,,True
_MV1_WORK/I/ARC1/_ARC1_CORRECTED_WORK/FRESH_VERIFY_R1_0/M3A_THREE_SCALE_MOVING_DIRECTION_ARC1/INPUT_ARCHIVES.sha256,.sha256,1485,9ddaae07f264a135566d68e4e2e2e22df22814728220855720188417cea2328a,False,,False
_MV1_WORK/I/ARC1/_ARC1_CORRECTED_WORK/FRESH_VERIFY_R1_0/M3A_THREE_SCALE_MOVING_DIRECTION_ARC1/INPUTS/ARC1_HANDOFF.md,.md,687,dc906e353dd4a358b03a782b8c25c356a11e158ef0f209f49c488944fbe90ab3,False,,True
_MV1_WORK/I/ARC1/_ARC1_CORRECTED_WORK/FRESH_VERIFY_R1_0/M3A_THREE_SCALE_MOVING_DIRECTION_ARC1/INPUTS/CLAIM_AND_NOVELTY_LEDGER.md,.md,1333,bdd1213684a2b1606c6d224422fab0f9031968627077276a5c0b2ccb919837d3,False,,True
_MV1_WORK/I/ARC1/_ARC1_CORRECTED_WORK/FRESH_VERIFY_R1_0/M3A_THREE_SCALE_MOVING_DIRECTION_ARC1/INPUTS/FIBREWISE_ARC1_FIREWALL.md,.md,900,a6057270c50267a27d502041483fa12788c9b2d8e634b586cb0bbf9ecdd49cd6,False,,True
_MV1_WORK/I/ARC1/_ARC1_CORRECTED_WORK/FRESH_VERIFY_R1_0/M3A_THREE_SCALE_MOVING_DIRECTION_ARC1/INPUTS/FINAL_NP1_ASSESSMENT.md,.md,1201,6948379a877b50804428c9e90283bf4df9102bf21c206470d9d6fcab2c203995,False,,True
_MV1_WORK/I/ARC1/_ARC1_CORRECTED_WORK/FRESH_VERIFY_R1_0/M3A_THREE_SCALE_MOVING_DIRECTION_ARC1/INPUTS/M3A_ARC1_FALSIFIER_AND_COLLEAGUE_REQUESTS_AUDIT_2026-08-01.md,.md,17601,a855e845cd1a278e8b16c16a63b44d0e7738eca8df80d4b48fa8acd925e244d5,False,,True
_MV1_WORK/I/ARC1/_ARC1_CORRECTED_WORK/FRESH_VERIFY_R1_0/M3A_THREE_SCALE_MOVING_DIRECTION_ARC1/INPUTS/M3A_NEWTON_PROTOCOL_ATLAS_NP1_R1_0.zip,.zip,23801570,,False,,False
_MV1_WORK/I/ARC1/_ARC1_CORRECTED_WORK/FRESH_VERIFY_R1_0/M3A_THREE_SCALE_MOVING_DIRECTION_ARC1/INPUTS/M3A_NEWTON_PROTOCOL_ATLAS_NP1_R1_0.zip.sha256,.sha256,105,dc8afe50cffae339cb51d040472f2f7755af22cf709b719b718031289072d4d2,False,,False
_MV1_WORK/I/ARC1/_ARC1_CORRECTED_WORK/FRESH_VERIFY_R1_0/M3A_THREE_SCALE_MOVING_DIRECTION_ARC1/INPUTS/MANIFEST.sha256,.sha256,5252,e0b97616a89f871286c106391f1f92032f4b38e86fe101b46e77ee09f77e81db,False,,False
_MV1_WORK/I/ARC1/_ARC1_CORRECTED_WORK/FRESH_VERIFY_R1_0/M3A_THREE_SCALE_MOVING_DIRECTION_ARC1/INPUTS/MOMENT_SUPPORT_CERTIFICATE.md,.md,1487,e13775cb015cf073a79f728178a8215db625d74c7a546f664525734ef685c889,False,,True
_MV1_WORK/I/ARC1/_ARC1_CORRECTED_WORK/FRESH_VERIFY_R1_0/M3A_THREE_SCALE_MOVING_DIRECTION_ARC1/INPUTS/NEWTON_FIBRE_TRICHOTOMY_THEOREM.tex,.tex,1372,09a875c2c1e39d205d503351d0bed6ebff6a3645f319cbb32b167ee16aa720b8,False,,True
_MV1_WORK/I/ARC1/_ARC1_CORRECTED_WORK/FRESH_VERIFY_R1_0/M3A_THREE_SCALE_MOVING_DIRECTION_ARC1/INPUTS/POSITIVE_PROTOCOL_FACE_THEOREM.tex,.tex,1245,161755513a6780be0be79abcbcd2c445537d68fd6b263821e0d0602bdc127bcb,False,,True
_MV1_WORK/I/ARC1/_ARC1_CORRECTED_WORK/FRESH_VERIFY_R1_0/M3A_THREE_SCALE_MOVING_DIRECTION_ARC1/INPUTS/REPRODUCE.sh,.sh,1303,921f9df39fbca405c3770ae66425268a56b701e11911da5922c00a525a226a94,False,,True
_MV1_WORK/I/ARC1/_ARC1_CORRECTED_WORK/FRESH_VERIFY_R1_0/M3A_THREE_SCALE_MOVING_DIRECTION_ARC1/INPUTS/TRANSFORMED_RESOLVENT_THEOREM.tex,.tex,1670,db838785f01eb0225777d54b1aa99ead3f340479bea193f6f5dda0aa03aa4328,False,,True
_MV1_WORK/I/ARC1/_ARC1_CORRECTED_WORK/FRESH_VERIFY_R1_0/M3A_THREE_SCALE_MOVING_DIRECTION_ARC1/INPUTS/WORKSTATION_ARC1_ANALYTIC_ARC_VALUATION_MASTER_PROMPT.md,.md,25185,af56237f2e8644037e6f51cd63b33ca26bc222febc4a88d31f6773da791bfd00,False,,True
_MV1_WORK/I/ARC1/_ARC1_CORRECTED_WORK/FRESH_VERIFY_R1_0/M3A_THREE_SCALE_MOVING_DIRECTION_ARC1/MANIFEST.sha256,.sha256,6569,a145679127db6abbdd727ee8564b39ce32a2c9402385591975d80340c50e9129,False,,False
_MV1_WORK/I/ARC1/_ARC1_CORRECTED_WORK/FRESH_VERIFY_R1_0/M3A_THREE_SCALE_MOVING_DIRECTION_ARC1/MANIFEST_POLICY.md,.md,1030,fb088ebff921cee9eb337dde2b2080094f61924c8e913462467e918dbccb2fc3,False,,True
_MV1_WORK/I/ARC1/_ARC1_CORRECTED_WORK/FRESH_VERIFY_R1_0/M3A_THREE_SCALE_MOVING_DIRECTION_ARC1/NEXT_STAGE_HANDOFF.md,.md,748,962bcc0eddeff7f7f86c66c613bd5f0ff5d35a9544b7dce300dd6e2b42729f3d,False,,True
_MV1_WORK/I/ARC1/_ARC1_CORRECTED_WORK/FRESH_VERIFY_R1_0/M3A_THREE_SCALE_MOVING_DIRECTION_ARC1/NP1_CONTROL_EVIDENCE_MAP.md,.md,1049,34364d94757763e4d082beb8ca61296cdc1201e8ca9cca1f04d1b9fd8c969665,False,,True
_MV1_WORK/I/ARC1/_ARC1_CORRECTED_WORK/FRESH_VERIFY_R1_0/M3A_THREE_SCALE_MOVING_DIRECTION_ARC1/PAPER_REVISION_RECOMMENDATION.md,.md,715,77ae6f41e3a62389d1d753350dead2ed51756a56b3f244582d42094d654a28d5,False,,True
_MV1_WORK/I/ARC1/_ARC1_CORRECTED_WORK/FRESH_VERIFY_R1_0/M3A_THREE_SCALE_MOVING_DIRECTION_ARC1/PRIOR_ART_AUDIT.md,.md,2217,e4952cd2561b839aceb30491d7e11831584079aeb9ab62759dcb2105489da1ce,False,,True
_MV1_WORK/I/ARC1/_ARC1_CORRECTED_WORK/FRESH_VERIFY_R1_0/M3A_THREE_SCALE_MOVING_DIRECTION_ARC1/R1_1_SCOPE_AND_INTERPRETATION_PATCH.tex,.tex,1066,c63a76a8b25abe99ec7872149461a8b84b272ab04629fe9ab7958766d59e91ca,False,,True
_MV1_WORK/I/ARC1/_ARC1_CORRECTED_WORK/FRESH_VERIFY_R1_0/M3A_THREE_SCALE_MOVING_DIRECTION_ARC1/REPARAMETERISATION_LAWS.md,.md,800,64d83cc9118c29dd718669f3d19b2b67240a9bf6a5fe0c1f74658d6dfc1fdc0a,False,,True
_MV1_WORK/I/ARC1/_ARC1_CORRECTED_WORK/FRESH_VERIFY_R1_0/M3A_THREE_SCALE_MOVING_DIRECTION_ARC1/REPRODUCE.sh,.sh,1483,b8bfa5c313b9d10cc6c4452a73a4e1ca017e875dbe5b56d0469acde6f669d9ad,False,,True
_MV1_WORK/I/ARC1/_ARC1_CORRECTED_WORK/FRESH_VERIFY_R1_0/M3A_THREE_SCALE_MOVING_DIRECTION_ARC1/REPRODUCIBILITY_PROTOCOL.md,.md,1110,c42b288a704808493c47d7a43034769c6ad9f7fd166bc500d3e39f908fb4b393,False,,True
_MV1_WORK/I/ARC1/_ARC1_CORRECTED_WORK/FRESH_VERIFY_R1_0/M3A_THREE_SCALE_MOVING_DIRECTION_ARC1/SIGNED_GRAPH_COLLEAGUE_HANDOFF.md,.md,1327,3a6004e291c068f7809aada2b2578e2b879a62b9901558444cbd60eacad3a824,False,,True
_MV1_WORK/I/ARC1/_ARC1_CORRECTED_WORK/FRESH_VERIFY_R1_0/M3A_THREE_SCALE_MOVING_DIRECTION_ARC1/SMOOTH_FLAT_FAILURE.md,.md,600,0025e62b2ef2f451fdbf43698a8518674927f6399dd1c0b86225e2253f98ad12,False,,True
_MV1_WORK/I/ARC1/_ARC1_CORRECTED_WORK/FRESH_VERIFY_R1_0/M3A_THREE_SCALE_MOVING_DIRECTION_ARC1/SUPERSESSION_AND_PARAMETERISATION_FIREWALL.md,.md,996,249173c8ea55f05424d4416bcb05561a5f77db3c95d1b8adf7463a4ac80229f2,False,,True
_MV1_WORK/I/ARC1/_ARC1_CORRECTED_WORK/FRESH_VERIFY_R1_0/M3A_THREE_SCALE_MOVING_DIRECTION_ARC1/THREE_SCALE_SUPPORT_THEOREM.tex,.tex,2247,24e53623715f08b0f2c1ab577c17d77983d915c98dcb311ec1ec0e54d401c539,False,,True
_MV1_WORK/I/ARC1/_ARC1_CORRECTED_WORK/FRESH_VERIFY_R1_0/M3A_THREE_SCALE_MOVING_DIRECTION_ARC1/TIE_FACE_CANCELLATION_AND_NEXT_ORDER.tex,.tex,1104,a5c3400e7906e56b00c51628b531e2bf8f9835a2e51fc12c14b9b109916a5e81,False,,True
_MV1_WORK/I/ARC1/_ARC1_CORRECTED_WORK/FRESH_VERIFY_R1_0/M3A_THREE_SCALE_MOVING_DIRECTION_ARC1/TRANSFORMED_RESOLVENT_THREE_SCALE_THEOREM.tex,.tex,1055,761f0419f8772c1924c4c58975af433fb84d9275bcbc6a2d8ee330a78468db6b,False,,True
_MV1_WORK/I/ARC1/_ARC1_CORRECTED_WORK/FRESH_VERIFY_R1_0_FINAL/M3A_THREE_SCALE_MOVING_DIRECTION_ARC1/ARC1_CERTIFICATES.json,.json,1822,a4194b5be2f8bcc3309dd4d2089a5b6e828f6637ca2105b4aa364f8aacd0c4a1,False,,True
_MV1_WORK/I/ARC1/_ARC1_CORRECTED_WORK/FRESH_VERIFY_R1_0_FINAL/M3A_THREE_SCALE_MOVING_DIRECTION_ARC1/ARC1_RANDOM_CENSUS.json,.json,21866,0143a610daef8d90c07df9f0a8a8ba9ba79f46ec7108472ea5338ead9dcca6ae,False,,True
_MV1_WORK/I/ARC1/_ARC1_CORRECTED_WORK/FRESH_VERIFY_R1_0_FINAL/M3A_THREE_SCALE_MOVING_DIRECTION_ARC1/ASSUMPTIONS_LOCK.md,.md,1444,56d218e51b3efdb328970653f730899c23ab6968df4765720500002d7181187c,False,,True
_MV1_WORK/I/ARC1/_ARC1_CORRECTED_WORK/FRESH_VERIFY_R1_0_FINAL/M3A_THREE_SCALE_MOVING_DIRECTION_ARC1/CLAIM_AND_NOVELTY_LEDGER.md,.md,1327,0de3033295e06312cb9cba2f277d104ad794794a184868f9e62111b708564980,False,,True
_MV1_WORK/I/ARC1/_ARC1_CORRECTED_WORK/FRESH_VERIFY_R1_0_FINAL/M3A_THREE_SCALE_MOVING_DIRECTION_ARC1/CODE_INDEPENDENT_C/support_geometry.py,.py,1463,124f9c41f167a18f21380b94480cb5d7fc8e75a44b03ee1bfc9be065fec643f8,False,,True
_MV1_WORK/I/ARC1/_ARC1_CORRECTED_WORK/FRESH_VERIFY_R1_0_FINAL/M3A_THREE_SCALE_MOVING_DIRECTION_ARC1/CODE_PRIMARY/compare_and_controls.py,.py,2972,ab2d8ca050aa21c091725064ac5bab336028118670b2a224f48f043dc1716a60,False,,True
_MV1_WORK/I/ARC1/_ARC1_CORRECTED_WORK/FRESH_VERIFY_R1_0_FINAL/M3A_THREE_SCALE_MOVING_DIRECTION_ARC1/CODE_PRIMARY/integrity_gate.py,.py,4379,7cce7fe3d44897fa1aeee5f70f5d6e66a782edcbd28adc653cb578196ccf8c3d,False,,True
_MV1_WORK/I/ARC1/_ARC1_CORRECTED_WORK/FRESH_VERIFY_R1_0_FINAL/M3A_THREE_SCALE_MOVING_DIRECTION_ARC1/CODE_PRIMARY/moving_direction_series.py,.py,5556,be49fd7cb0dccdf198a2b25e3152e780b53ab628fcc33ac5eded6314fd39b5f2,False,,True
_MV1_WORK/I/ARC1/_ARC1_CORRECTED_WORK/FRESH_VERIFY_R1_0_FINAL/M3A_THREE_SCALE_MOVING_DIRECTION_ARC1/CODE_PRIMARY/polynomial_arc_census.py,.py,2681,5071e761661aa0ea832d86d2f8a37d741b36a3746d578f3266e9813857d12261,False,,True
_MV1_WORK/I/ARC1/_ARC1_CORRECTED_WORK/FRESH_VERIFY_R1_0_FINAL/M3A_THREE_SCALE_MOVING_DIRECTION_ARC1/CODE_PRIMARY/verify_package.py,.py,1717,2fb6e06e7d81179ea241f73e6b254d64209e4cf73ff70c536f49d4fa1d65e2e4,False,,True
_MV1_WORK/I/ARC1/_ARC1_CORRECTED_WORK/FRESH_VERIFY_R1_0_FINAL/M3A_THREE_SCALE_MOVING_DIRECTION_ARC1/COMPARISON_POLICY.json,.json,1049,6200b013bd63f12c6c095aba4c7c3b18e490910847a06172cc5961303f5c551d,False,,True
_MV1_WORK/I/ARC1/_ARC1_CORRECTED_WORK/FRESH_VERIFY_R1_0_FINAL/M3A_THREE_SCALE_MOVING_DIRECTION_ARC1/COUNTEREXAMPLES_AND_CONTROLS.md,.md,2059,eb0d0afeac3d54e04f5fc05d60f089341d26cefc7433448678cdc2d69b43fec6,False,,True
_MV1_WORK/I/ARC1/_ARC1_CORRECTED_WORK/FRESH_VERIFY_R1_0_FINAL/M3A_THREE_SCALE_MOVING_DIRECTION_ARC1/DATA/census.json,.json,21866,0143a610daef8d90c07df9f0a8a8ba9ba79f46ec7108472ea5338ead9dcca6ae,False,,True
_MV1_WORK/I/ARC1/_ARC1_CORRECTED_WORK/FRESH_VERIFY_R1_0_FINAL/M3A_THREE_SCALE_MOVING_DIRECTION_ARC1/DATA/comparison.json,.json,1822,a4194b5be2f8bcc3309dd4d2089a5b6e828f6637ca2105b4aa364f8aacd0c4a1,False,,True
_MV1_WORK/I/ARC1/_ARC1_CORRECTED_WORK/FRESH_VERIFY_R1_0_FINAL/M3A_THREE_SCALE_MOVING_DIRECTION_ARC1/DATA/independent_a.json,.json,5597,ccc91f31100870643892afa8c5287e772c7a3d4af3bfb45f2f88907d47453065,False,,True
_MV1_WORK/I/ARC1/_ARC1_CORRECTED_WORK/FRESH_VERIFY_R1_0_FINAL/M3A_THREE_SCALE_MOVING_DIRECTION_ARC1/DATA/independent_b.json,.json,5589,cac5685909558efd3e6a50e46880c9c55b747d7ca50724c8a2884742b71748bb,False,,True
_MV1_WORK/I/ARC1/_ARC1_CORRECTED_WORK/FRESH_VERIFY_R1_0_FINAL/M3A_THREE_SCALE_MOVING_DIRECTION_ARC1/DATA/independent_c.json,.json,312,ddadde63ba7dee5fbcd067b295d5c10f7fcd272ccc11db11ab06a4673fc749f8,False,,True
_MV1_WORK/I/ARC1/_ARC1_CORRECTED_WORK/FRESH_VERIFY_R1_0_FINAL/M3A_THREE_SCALE_MOVING_DIRECTION_ARC1/DATA/integrity.json,.json,296,5c2fc519c8e3be0ac2386e1b7a26b79396d8bded0ebff796192ecb3a76b6b3c8,False,,True
_MV1_WORK/I/ARC1/_ARC1_CORRECTED_WORK/FRESH_VERIFY_R1_0_FINAL/M3A_THREE_SCALE_MOVING_DIRECTION_ARC1/DATA/np1_controls.json,.json,479,7515c4397347c3831f43001dc634624c36018acce48ea0569c2a6d7bbdad00e1,False,,True
_MV1_WORK/I/ARC1/_ARC1_CORRECTED_WORK/FRESH_VERIFY_R1_0_FINAL/M3A_THREE_SCALE_MOVING_DIRECTION_ARC1/DATA/primary.json,.json,5578,9ef468be3121689a8f5ba63981725a007ca4b2fde0aa48bd0b550cc718c10f15,False,,True
_MV1_WORK/I/ARC1/_ARC1_CORRECTED_WORK/FRESH_VERIFY_R1_0_FINAL/M3A_THREE_SCALE_MOVING_DIRECTION_ARC1/DECLARED_PROTOCOL_COROLLARY.tex,.tex,1017,79d1bb0d6a52d427436b811232413a6493ec2c1dafc604ce78aa6e0f95550273,False,,True
_MV1_WORK/I/ARC1/_ARC1_CORRECTED_WORK/FRESH_VERIFY_R1_0_FINAL/M3A_THREE_SCALE_MOVING_DIRECTION_ARC1/ENVIRONMENT_SPECIFICATION.txt,.txt,800,574c2fb44c315c186bff5b21cf3e08bed38e84230ace132c87aee3d8aa0c81d7,False,,True
_MV1_WORK/I/ARC1/_ARC1_CORRECTED_WORK/FRESH_VERIFY_R1_0_FINAL/M3A_THREE_SCALE_MOVING_DIRECTION_ARC1/EXACT_DARK_MOVING_ARC_THEOREM.tex,.tex,844,064cee0ce1899943b1cc4b7ce4df74099e2970c00255a173fd9371dbf05b734c,False,,True
_MV1_WORK/I/ARC1/_ARC1_CORRECTED_WORK/FRESH_VERIFY_R1_0_FINAL/M3A_THREE_SCALE_MOVING_DIRECTION_ARC1/EXPECTED/census.json,.json,21866,0143a610daef8d90c07df9f0a8a8ba9ba79f46ec7108472ea5338ead9dcca6ae,False,,True
_MV1_WORK/I/ARC1/_ARC1_CORRECTED_WORK/FRESH_VERIFY_R1_0_FINAL/M3A_THREE_SCALE_MOVING_DIRECTION_ARC1/EXPECTED/comparison.json,.json,1822,a4194b5be2f8bcc3309dd4d2089a5b6e828f6637ca2105b4aa364f8aacd0c4a1,False,,True
_MV1_WORK/I/ARC1/_ARC1_CORRECTED_WORK/FRESH_VERIFY_R1_0_FINAL/M3A_THREE_SCALE_MOVING_DIRECTION_ARC1/EXPECTED/independent_a.json,.json,5597,ccc91f31100870643892afa8c5287e772c7a3d4af3bfb45f2f88907d47453065,False,,True
_MV1_WORK/I/ARC1/_ARC1_CORRECTED_WORK/FRESH_VERIFY_R1_0_FINAL/M3A_THREE_SCALE_MOVING_DIRECTION_ARC1/EXPECTED/independent_b.json,.json,5589,cac5685909558efd3e6a50e46880c9c55b747d7ca50724c8a2884742b71748bb,False,,True
_MV1_WORK/I/ARC1/_ARC1_CORRECTED_WORK/FRESH_VERIFY_R1_0_FINAL/M3A_THREE_SCALE_MOVING_DIRECTION_ARC1/EXPECTED/independent_c.json,.json,312,ddadde63ba7dee5fbcd067b295d5c10f7fcd272ccc11db11ab06a4673fc749f8,False,,True
_MV1_WORK/I/ARC1/_ARC1_CORRECTED_WORK/FRESH_VERIFY_R1_0_FINAL/M3A_THREE_SCALE_MOVING_DIRECTION_ARC1/EXPECTED/integrity.json,.json,296,5c2fc519c8e3be0ac2386e1b7a26b79396d8bded0ebff796192ecb3a76b6b3c8,False,,True
_MV1_WORK/I/ARC1/_ARC1_CORRECTED_WORK/FRESH_VERIFY_R1_0_FINAL/M3A_THREE_SCALE_MOVING_DIRECTION_ARC1/EXPECTED/np1_controls.json,.json,479,7515c4397347c3831f43001dc634624c36018acce48ea0569c2a6d7bbdad00e1,False,,True
_MV1_WORK/I/ARC1/_ARC1_CORRECTED_WORK/FRESH_VERIFY_R1_0_FINAL/M3A_THREE_SCALE_MOVING_DIRECTION_ARC1/EXPECTED/primary.json,.json,5578,9ef468be3121689a8f5ba63981725a007ca4b2fde0aa48bd0b550cc718c10f15,False,,True
_MV1_WORK/I/ARC1/_ARC1_CORRECTED_WORK/FRESH_VERIFY_R1_0_FINAL/M3A_THREE_SCALE_MOVING_DIRECTION_ARC1/EXPECTED_CANONICAL.sha256,.sha256,731,eb76d505292c47a34de698b136f5f11a4fa4908946572787cd37f8ce3b0386d9,False,,False
_MV1_WORK/I/ARC1/_ARC1_CORRECTED_WORK/FRESH_VERIFY_R1_0_FINAL/M3A_THREE_SCALE_MOVING_DIRECTION_ARC1/FAILURE_LEDGER.md,.md,1200,62e7b0e9ab1ccf99ebd1d36f520874ea189e844fb160eee7be811ab87e9ad551,False,,True
_MV1_WORK/I/ARC1/_ARC1_CORRECTED_WORK/FRESH_VERIFY_R1_0_FINAL/M3A_THREE_SCALE_MOVING_DIRECTION_ARC1/FALSIFIER_CERTIFICATE.md,.md,1171,45ea19a0dab49acacead15aa746ac4de092fee5c73f0625c739ec5123a027712,False,,True
_MV1_WORK/I/ARC1/_ARC1_CORRECTED_WORK/FRESH_VERIFY_R1_0_FINAL/M3A_THREE_SCALE_MOVING_DIRECTION_ARC1/FINAL_ARC1_ASSESSMENT.md,.md,1468,10cfaa501f2daa2b63b9cf8c2b209098cc1cd57277db83f79ed3ac4357151193,False,,True
_MV1_WORK/I/ARC1/_ARC1_CORRECTED_WORK/FRESH_VERIFY_R1_0_FINAL/M3A_THREE_SCALE_MOVING_DIRECTION_ARC1/FIXED_FIBRE_CITATION_AND_SCOPE_AUDIT.md,.md,630,72c4a819e3e9de2a97829b36e218b5ee309d045aa9b4d033ad3ded498a48d871,False,,True
_MV1_WORK/I/ARC1/_ARC1_CORRECTED_WORK/FRESH_VERIFY_R1_0_FINAL/M3A_THREE_SCALE_MOVING_DIRECTION_ARC1/INPUT_ARCHIVES.sha256,.sha256,1489,c269d35619c81216c11a6a7e0d83c3650614ef8c8aa36a5abf70872e346666dd,False,,False
_MV1_WORK/I/ARC1/_ARC1_CORRECTED_WORK/FRESH_VERIFY_R1_0_FINAL/M3A_THREE_SCALE_MOVING_DIRECTION_ARC1/INPUTS/ARC1_HANDOFF.md,.md,687,dc906e353dd4a358b03a782b8c25c356a11e158ef0f209f49c488944fbe90ab3,False,,True
_MV1_WORK/I/ARC1/_ARC1_CORRECTED_WORK/FRESH_VERIFY_R1_0_FINAL/M3A_THREE_SCALE_MOVING_DIRECTION_ARC1/INPUTS/CLAIM_AND_NOVELTY_LEDGER.md,.md,1333,bdd1213684a2b1606c6d224422fab0f9031968627077276a5c0b2ccb919837d3,False,,True
_MV1_WORK/I/ARC1/_ARC1_CORRECTED_WORK/FRESH_VERIFY_R1_0_FINAL/M3A_THREE_SCALE_MOVING_DIRECTION_ARC1/INPUTS/FIBREWISE_ARC1_FIREWALL.md,.md,900,a6057270c50267a27d502041483fa12788c9b2d8e634b586cb0bbf9ecdd49cd6,False,,True
_MV1_WORK/I/ARC1/_ARC1_CORRECTED_WORK/FRESH_VERIFY_R1_0_FINAL/M3A_THREE_SCALE_MOVING_DIRECTION_ARC1/INPUTS/FINAL_NP1_ASSESSMENT.md,.md,1201,6948379a877b50804428c9e90283bf4df9102bf21c206470d9d6fcab2c203995,False,,True
_MV1_WORK/I/ARC1/_ARC1_CORRECTED_WORK/FRESH_VERIFY_R1_0_FINAL/M3A_THREE_SCALE_MOVING_DIRECTION_ARC1/INPUTS/M3A_ARC1_FALSIFIER_AND_COLLEAGUE_REQUESTS_AUDIT_2026-08-01.md,.md,17601,a855e845cd1a278e8b16c16a63b44d0e7738eca8df80d4b48fa8acd925e244d5,False,,True
_MV1_WORK/I/ARC1/_ARC1_CORRECTED_WORK/FRESH_VERIFY_R1_0_FINAL/M3A_THREE_SCALE_MOVING_DIRECTION_ARC1/INPUTS/M3A_NEWTON_PROTOCOL_ATLAS_NP1_R1_0.zip,.zip,23801570,,False,,False
_MV1_WORK/I/ARC1/_ARC1_CORRECTED_WORK/FRESH_VERIFY_R1_0_FINAL/M3A_THREE_SCALE_MOVING_DIRECTION_ARC1/INPUTS/M3A_NEWTON_PROTOCOL_ATLAS_NP1_R1_0.zip.sha256,.sha256,105,dc8afe50cffae339cb51d040472f2f7755af22cf709b719b718031289072d4d2,False,,False
_MV1_WORK/I/ARC1/_ARC1_CORRECTED_WORK/FRESH_VERIFY_R1_0_FINAL/M3A_THREE_SCALE_MOVING_DIRECTION_ARC1/INPUTS/MOMENT_SUPPORT_CERTIFICATE.md,.md,1487,e13775cb015cf073a79f728178a8215db625d74c7a546f664525734ef685c889,False,,True
_MV1_WORK/I/ARC1/_ARC1_CORRECTED_WORK/FRESH_VERIFY_R1_0_FINAL/M3A_THREE_SCALE_MOVING_DIRECTION_ARC1/INPUTS/NEWTON_FIBRE_TRICHOTOMY_THEOREM.tex,.tex,1372,09a875c2c1e39d205d503351d0bed6ebff6a3645f319cbb32b167ee16aa720b8,False,,True
_MV1_WORK/I/ARC1/_ARC1_CORRECTED_WORK/FRESH_VERIFY_R1_0_FINAL/M3A_THREE_SCALE_MOVING_DIRECTION_ARC1/INPUTS/NP1_MANIFEST.sha256,.sha256,5252,e0b97616a89f871286c106391f1f92032f4b38e86fe101b46e77ee09f77e81db,False,,False
_MV1_WORK/I/ARC1/_ARC1_CORRECTED_WORK/FRESH_VERIFY_R1_0_FINAL/M3A_THREE_SCALE_MOVING_DIRECTION_ARC1/INPUTS/POSITIVE_PROTOCOL_FACE_THEOREM.tex,.tex,1245,161755513a6780be0be79abcbcd2c445537d68fd6b263821e0d0602bdc127bcb,False,,True
_MV1_WORK/I/ARC1/_ARC1_CORRECTED_WORK/FRESH_VERIFY_R1_0_FINAL/M3A_THREE_SCALE_MOVING_DIRECTION_ARC1/INPUTS/REPRODUCE.sh,.sh,1303,921f9df39fbca405c3770ae66425268a56b701e11911da5922c00a525a226a94,False,,True
_MV1_WORK/I/ARC1/_ARC1_CORRECTED_WORK/FRESH_VERIFY_R1_0_FINAL/M3A_THREE_SCALE_MOVING_DIRECTION_ARC1/INPUTS/TRANSFORMED_RESOLVENT_THEOREM.tex,.tex,1670,db838785f01eb0225777d54b1aa99ead3f340479bea193f6f5dda0aa03aa4328,False,,True
_MV1_WORK/I/ARC1/_ARC1_CORRECTED_WORK/FRESH_VERIFY_R1_0_FINAL/M3A_THREE_SCALE_MOVING_DIRECTION_ARC1/INPUTS/WORKSTATION_ARC1_ANALYTIC_ARC_VALUATION_MASTER_PROMPT.md,.md,25185,af56237f2e8644037e6f51cd63b33ca26bc222febc4a88d31f6773da791bfd00,False,,True
_MV1_WORK/I/ARC1/_ARC1_CORRECTED_WORK/FRESH_VERIFY_R1_0_FINAL/M3A_THREE_SCALE_MOVING_DIRECTION_ARC1/MANIFEST.sha256,.sha256,6573,f975d2739c0c101524861dc85230fa39fb87fb0d3250e7ecb17f9a5145893c3d,False,,False
_MV1_WORK/I/ARC1/_ARC1_CORRECTED_WORK/FRESH_VERIFY_R1_0_FINAL/M3A_THREE_SCALE_MOVING_DIRECTION_ARC1/MANIFEST_POLICY.md,.md,1030,fb088ebff921cee9eb337dde2b2080094f61924c8e913462467e918dbccb2fc3,False,,True
_MV1_WORK/I/ARC1/_ARC1_CORRECTED_WORK/FRESH_VERIFY_R1_0_FINAL/M3A_THREE_SCALE_MOVING_DIRECTION_ARC1/NEXT_STAGE_HANDOFF.md,.md,748,962bcc0eddeff7f7f86c66c613bd5f0ff5d35a9544b7dce300dd6e2b42729f3d,False,,True
_MV1_WORK/I/ARC1/_ARC1_CORRECTED_WORK/FRESH_VERIFY_R1_0_FINAL/M3A_THREE_SCALE_MOVING_DIRECTION_ARC1/NP1_CONTROL_EVIDENCE_MAP.md,.md,1049,34364d94757763e4d082beb8ca61296cdc1201e8ca9cca1f04d1b9fd8c969665,False,,True
_MV1_WORK/I/ARC1/_ARC1_CORRECTED_WORK/FRESH_VERIFY_R1_0_FINAL/M3A_THREE_SCALE_MOVING_DIRECTION_ARC1/PAPER_REVISION_RECOMMENDATION.md,.md,715,77ae6f41e3a62389d1d753350dead2ed51756a56b3f244582d42094d654a28d5,False,,True
_MV1_WORK/I/ARC1/_ARC1_CORRECTED_WORK/FRESH_VERIFY_R1_0_FINAL/M3A_THREE_SCALE_MOVING_DIRECTION_ARC1/PRIOR_ART_AUDIT.md,.md,2217,e4952cd2561b839aceb30491d7e11831584079aeb9ab62759dcb2105489da1ce,False,,True
_MV1_WORK/I/ARC1/_ARC1_CORRECTED_WORK/FRESH_VERIFY_R1_0_FINAL/M3A_THREE_SCALE_MOVING_DIRECTION_ARC1/R1_1_SCOPE_AND_INTERPRETATION_PATCH.tex,.tex,1066,c63a76a8b25abe99ec7872149461a8b84b272ab04629fe9ab7958766d59e91ca,False,,True
_MV1_WORK/I/ARC1/_ARC1_CORRECTED_WORK/FRESH_VERIFY_R1_0_FINAL/M3A_THREE_SCALE_MOVING_DIRECTION_ARC1/REPARAMETERISATION_LAWS.md,.md,800,64d83cc9118c29dd718669f3d19b2b67240a9bf6a5fe0c1f74658d6dfc1fdc0a,False,,True
_MV1_WORK/I/ARC1/_ARC1_CORRECTED_WORK/FRESH_VERIFY_R1_0_FINAL/M3A_THREE_SCALE_MOVING_DIRECTION_ARC1/REPRODUCE.sh,.sh,1483,b8bfa5c313b9d10cc6c4452a73a4e1ca017e875dbe5b56d0469acde6f669d9ad,False,,True
_MV1_WORK/I/ARC1/_ARC1_CORRECTED_WORK/FRESH_VERIFY_R1_0_FINAL/M3A_THREE_SCALE_MOVING_DIRECTION_ARC1/REPRODUCIBILITY_PROTOCOL.md,.md,1110,c42b288a704808493c47d7a43034769c6ad9f7fd166bc500d3e39f908fb4b393,False,,True
_MV1_WORK/I/ARC1/_ARC1_CORRECTED_WORK/FRESH_VERIFY_R1_0_FINAL/M3A_THREE_SCALE_MOVING_DIRECTION_ARC1/SIGNED_GRAPH_COLLEAGUE_HANDOFF.md,.md,1327,3a6004e291c068f7809aada2b2578e2b879a62b9901558444cbd60eacad3a824,False,,True
_MV1_WORK/I/ARC1/_ARC1_CORRECTED_WORK/FRESH_VERIFY_R1_0_FINAL/M3A_THREE_SCALE_MOVING_DIRECTION_ARC1/SMOOTH_FLAT_FAILURE.md,.md,600,0025e62b2ef2f451fdbf43698a8518674927f6399dd1c0b86225e2253f98ad12,False,,True
_MV1_WORK/I/ARC1/_ARC1_CORRECTED_WORK/FRESH_VERIFY_R1_0_FINAL/M3A_THREE_SCALE_MOVING_DIRECTION_ARC1/SUPERSESSION_AND_PARAMETERISATION_FIREWALL.md,.md,996,249173c8ea55f05424d4416bcb05561a5f77db3c95d1b8adf7463a4ac80229f2,False,,True
_MV1_WORK/I/ARC1/_ARC1_CORRECTED_WORK/FRESH_VERIFY_R1_0_FINAL/M3A_THREE_SCALE_MOVING_DIRECTION_ARC1/THREE_SCALE_SUPPORT_THEOREM.tex,.tex,2247,24e53623715f08b0f2c1ab577c17d77983d915c98dcb311ec1ec0e54d401c539,False,,True
_MV1_WORK/I/ARC1/_ARC1_CORRECTED_WORK/FRESH_VERIFY_R1_0_FINAL/M3A_THREE_SCALE_MOVING_DIRECTION_ARC1/TIE_FACE_CANCELLATION_AND_NEXT_ORDER.tex,.tex,1104,a5c3400e7906e56b00c51628b531e2bf8f9835a2e51fc12c14b9b109916a5e81,False,,True
_MV1_WORK/I/ARC1/_ARC1_CORRECTED_WORK/FRESH_VERIFY_R1_0_FINAL/M3A_THREE_SCALE_MOVING_DIRECTION_ARC1/TRANSFORMED_RESOLVENT_THREE_SCALE_THEOREM.tex,.tex,1055,761f0419f8772c1924c4c58975af433fb84d9275bcbc6a2d8ee330a78468db6b,False,,True
_MV1_WORK/I/ARC1/_ARC1_CORRECTED_WORK/M3A_THREE_SCALE_MOVING_DIRECTION_ARC1/ARC1_CERTIFICATES.json,.json,1822,a4194b5be2f8bcc3309dd4d2089a5b6e828f6637ca2105b4aa364f8aacd0c4a1,False,,True
_MV1_WORK/I/ARC1/_ARC1_CORRECTED_WORK/M3A_THREE_SCALE_MOVING_DIRECTION_ARC1/ARC1_RANDOM_CENSUS.json,.json,21866,0143a610daef8d90c07df9f0a8a8ba9ba79f46ec7108472ea5338ead9dcca6ae,False,,True
_MV1_WORK/I/ARC1/_ARC1_CORRECTED_WORK/M3A_THREE_SCALE_MOVING_DIRECTION_ARC1/ASSUMPTIONS_LOCK.md,.md,1444,56d218e51b3efdb328970653f730899c23ab6968df4765720500002d7181187c,False,,True
_MV1_WORK/I/ARC1/_ARC1_CORRECTED_WORK/M3A_THREE_SCALE_MOVING_DIRECTION_ARC1/CLAIM_AND_NOVELTY_LEDGER.md,.md,1327,0de3033295e06312cb9cba2f277d104ad794794a184868f9e62111b708564980,False,,True
_MV1_WORK/I/ARC1/_ARC1_CORRECTED_WORK/M3A_THREE_SCALE_MOVING_DIRECTION_ARC1/CODE_INDEPENDENT_C/support_geometry.py,.py,1463,124f9c41f167a18f21380b94480cb5d7fc8e75a44b03ee1bfc9be065fec643f8,False,,True
_MV1_WORK/I/ARC1/_ARC1_CORRECTED_WORK/M3A_THREE_SCALE_MOVING_DIRECTION_ARC1/CODE_PRIMARY/compare_and_controls.py,.py,2972,ab2d8ca050aa21c091725064ac5bab336028118670b2a224f48f043dc1716a60,False,,True
_MV1_WORK/I/ARC1/_ARC1_CORRECTED_WORK/M3A_THREE_SCALE_MOVING_DIRECTION_ARC1/CODE_PRIMARY/integrity_gate.py,.py,4379,7cce7fe3d44897fa1aeee5f70f5d6e66a782edcbd28adc653cb578196ccf8c3d,False,,True
_MV1_WORK/I/ARC1/_ARC1_CORRECTED_WORK/M3A_THREE_SCALE_MOVING_DIRECTION_ARC1/CODE_PRIMARY/moving_direction_series.py,.py,5556,be49fd7cb0dccdf198a2b25e3152e780b53ab628fcc33ac5eded6314fd39b5f2,False,,True
_MV1_WORK/I/ARC1/_ARC1_CORRECTED_WORK/M3A_THREE_SCALE_MOVING_DIRECTION_ARC1/CODE_PRIMARY/polynomial_arc_census.py,.py,2681,5071e761661aa0ea832d86d2f8a37d741b36a3746d578f3266e9813857d12261,False,,True
_MV1_WORK/I/ARC1/_ARC1_CORRECTED_WORK/M3A_THREE_SCALE_MOVING_DIRECTION_ARC1/CODE_PRIMARY/verify_package.py,.py,1717,2fb6e06e7d81179ea241f73e6b254d64209e4cf73ff70c536f49d4fa1d65e2e4,False,,True
_MV1_WORK/I/ARC1/_ARC1_CORRECTED_WORK/M3A_THREE_SCALE_MOVING_DIRECTION_ARC1/COMPARISON_POLICY.json,.json,1049,6200b013bd63f12c6c095aba4c7c3b18e490910847a06172cc5961303f5c551d,False,,True
_MV1_WORK/I/ARC1/_ARC1_CORRECTED_WORK/M3A_THREE_SCALE_MOVING_DIRECTION_ARC1/COUNTEREXAMPLES_AND_CONTROLS.md,.md,2059,eb0d0afeac3d54e04f5fc05d60f089341d26cefc7433448678cdc2d69b43fec6,False,,True
_MV1_WORK/I/ARC1/_ARC1_CORRECTED_WORK/M3A_THREE_SCALE_MOVING_DIRECTION_ARC1/DATA/census.json,.json,21866,0143a610daef8d90c07df9f0a8a8ba9ba79f46ec7108472ea5338ead9dcca6ae,False,,True
_MV1_WORK/I/ARC1/_ARC1_CORRECTED_WORK/M3A_THREE_SCALE_MOVING_DIRECTION_ARC1/DATA/comparison.json,.json,1822,a4194b5be2f8bcc3309dd4d2089a5b6e828f6637ca2105b4aa364f8aacd0c4a1,False,,True
_MV1_WORK/I/ARC1/_ARC1_CORRECTED_WORK/M3A_THREE_SCALE_MOVING_DIRECTION_ARC1/DATA/independent_a.json,.json,5597,ccc91f31100870643892afa8c5287e772c7a3d4af3bfb45f2f88907d47453065,False,,True
_MV1_WORK/I/ARC1/_ARC1_CORRECTED_WORK/M3A_THREE_SCALE_MOVING_DIRECTION_ARC1/DATA/independent_b.json,.json,5589,cac5685909558efd3e6a50e46880c9c55b747d7ca50724c8a2884742b71748bb,False,,True
_MV1_WORK/I/ARC1/_ARC1_CORRECTED_WORK/M3A_THREE_SCALE_MOVING_DIRECTION_ARC1/DATA/independent_c.json,.json,312,ddadde63ba7dee5fbcd067b295d5c10f7fcd272ccc11db11ab06a4673fc749f8,False,,True
_MV1_WORK/I/ARC1/_ARC1_CORRECTED_WORK/M3A_THREE_SCALE_MOVING_DIRECTION_ARC1/DATA/integrity.json,.json,296,5c2fc519c8e3be0ac2386e1b7a26b79396d8bded0ebff796192ecb3a76b6b3c8,False,,True
_MV1_WORK/I/ARC1/_ARC1_CORRECTED_WORK/M3A_THREE_SCALE_MOVING_DIRECTION_ARC1/DATA/np1_controls.json,.json,479,7515c4397347c3831f43001dc634624c36018acce48ea0569c2a6d7bbdad00e1,False,,True
_MV1_WORK/I/ARC1/_ARC1_CORRECTED_WORK/M3A_THREE_SCALE_MOVING_DIRECTION_ARC1/DATA/primary.json,.json,5578,9ef468be3121689a8f5ba63981725a007ca4b2fde0aa48bd0b550cc718c10f15,False,,True
_MV1_WORK/I/ARC1/_ARC1_CORRECTED_WORK/M3A_THREE_SCALE_MOVING_DIRECTION_ARC1/DECLARED_PROTOCOL_COROLLARY.tex,.tex,1017,79d1bb0d6a52d427436b811232413a6493ec2c1dafc604ce78aa6e0f95550273,False,,True
_MV1_WORK/I/ARC1/_ARC1_CORRECTED_WORK/M3A_THREE_SCALE_MOVING_DIRECTION_ARC1/ENVIRONMENT_SPECIFICATION.txt,.txt,800,574c2fb44c315c186bff5b21cf3e08bed38e84230ace132c87aee3d8aa0c81d7,False,,True
_MV1_WORK/I/ARC1/_ARC1_CORRECTED_WORK/M3A_THREE_SCALE_MOVING_DIRECTION_ARC1/EXACT_DARK_MOVING_ARC_THEOREM.tex,.tex,844,064cee0ce1899943b1cc4b7ce4df74099e2970c00255a173fd9371dbf05b734c,False,,True
_MV1_WORK/I/ARC1/_ARC1_CORRECTED_WORK/M3A_THREE_SCALE_MOVING_DIRECTION_ARC1/EXPECTED/census.json,.json,21866,0143a610daef8d90c07df9f0a8a8ba9ba79f46ec7108472ea5338ead9dcca6ae,False,,True
_MV1_WORK/I/ARC1/_ARC1_CORRECTED_WORK/M3A_THREE_SCALE_MOVING_DIRECTION_ARC1/EXPECTED/comparison.json,.json,1822,a4194b5be2f8bcc3309dd4d2089a5b6e828f6637ca2105b4aa364f8aacd0c4a1,False,,True
_MV1_WORK/I/ARC1/_ARC1_CORRECTED_WORK/M3A_THREE_SCALE_MOVING_DIRECTION_ARC1/EXPECTED/independent_a.json,.json,5597,ccc91f31100870643892afa8c5287e772c7a3d4af3bfb45f2f88907d47453065,False,,True
_MV1_WORK/I/ARC1/_ARC1_CORRECTED_WORK/M3A_THREE_SCALE_MOVING_DIRECTION_ARC1/EXPECTED/independent_b.json,.json,5589,cac5685909558efd3e6a50e46880c9c55b747d7ca50724c8a2884742b71748bb,False,,True
_MV1_WORK/I/ARC1/_ARC1_CORRECTED_WORK/M3A_THREE_SCALE_MOVING_DIRECTION_ARC1/EXPECTED/independent_c.json,.json,312,ddadde63ba7dee5fbcd067b295d5c10f7fcd272ccc11db11ab06a4673fc749f8,False,,True
_MV1_WORK/I/ARC1/_ARC1_CORRECTED_WORK/M3A_THREE_SCALE_MOVING_DIRECTION_ARC1/EXPECTED/integrity.json,.json,296,5c2fc519c8e3be0ac2386e1b7a26b79396d8bded0ebff796192ecb3a76b6b3c8,False,,True
_MV1_WORK/I/ARC1/_ARC1_CORRECTED_WORK/M3A_THREE_SCALE_MOVING_DIRECTION_ARC1/EXPECTED/np1_controls.json,.json,479,7515c4397347c3831f43001dc634624c36018acce48ea0569c2a6d7bbdad00e1,False,,True
_MV1_WORK/I/ARC1/_ARC1_CORRECTED_WORK/M3A_THREE_SCALE_MOVING_DIRECTION_ARC1/EXPECTED/primary.json,.json,5578,9ef468be3121689a8f5ba63981725a007ca4b2fde0aa48bd0b550cc718c10f15,False,,True
_MV1_WORK/I/ARC1/_ARC1_CORRECTED_WORK/M3A_THREE_SCALE_MOVING_DIRECTION_ARC1/EXPECTED_CANONICAL.sha256,.sha256,731,eb76d505292c47a34de698b136f5f11a4fa4908946572787cd37f8ce3b0386d9,False,,False
_MV1_WORK/I/ARC1/_ARC1_CORRECTED_WORK/M3A_THREE_SCALE_MOVING_DIRECTION_ARC1/FAILURE_LEDGER.md,.md,1200,62e7b0e9ab1ccf99ebd1d36f520874ea189e844fb160eee7be811ab87e9ad551,False,,True
_MV1_WORK/I/ARC1/_ARC1_CORRECTED_WORK/M3A_THREE_SCALE_MOVING_DIRECTION_ARC1/FALSIFIER_CERTIFICATE.md,.md,1171,45ea19a0dab49acacead15aa746ac4de092fee5c73f0625c739ec5123a027712,False,,True
_MV1_WORK/I/ARC1/_ARC1_CORRECTED_WORK/M3A_THREE_SCALE_MOVING_DIRECTION_ARC1/FINAL_ARC1_ASSESSMENT.md,.md,1468,10cfaa501f2daa2b63b9cf8c2b209098cc1cd57277db83f79ed3ac4357151193,False,,True
_MV1_WORK/I/ARC1/_ARC1_CORRECTED_WORK/M3A_THREE_SCALE_MOVING_DIRECTION_ARC1/FIXED_FIBRE_CITATION_AND_SCOPE_AUDIT.md,.md,630,72c4a819e3e9de2a97829b36e218b5ee309d045aa9b4d033ad3ded498a48d871,False,,True
_MV1_WORK/I/ARC1/_ARC1_CORRECTED_WORK/M3A_THREE_SCALE_MOVING_DIRECTION_ARC1/INPUT_ARCHIVES.sha256,.sha256,1489,c269d35619c81216c11a6a7e0d83c3650614ef8c8aa36a5abf70872e346666dd,False,,False
_MV1_WORK/I/ARC1/_ARC1_CORRECTED_WORK/M3A_THREE_SCALE_MOVING_DIRECTION_ARC1/INPUTS/ARC1_HANDOFF.md,.md,687,dc906e353dd4a358b03a782b8c25c356a11e158ef0f209f49c488944fbe90ab3,False,,True
_MV1_WORK/I/ARC1/_ARC1_CORRECTED_WORK/M3A_THREE_SCALE_MOVING_DIRECTION_ARC1/INPUTS/CLAIM_AND_NOVELTY_LEDGER.md,.md,1333,bdd1213684a2b1606c6d224422fab0f9031968627077276a5c0b2ccb919837d3,False,,True
_MV1_WORK/I/ARC1/_ARC1_CORRECTED_WORK/M3A_THREE_SCALE_MOVING_DIRECTION_ARC1/INPUTS/FIBREWISE_ARC1_FIREWALL.md,.md,900,a6057270c50267a27d502041483fa12788c9b2d8e634b586cb0bbf9ecdd49cd6,False,,True
_MV1_WORK/I/ARC1/_ARC1_CORRECTED_WORK/M3A_THREE_SCALE_MOVING_DIRECTION_ARC1/INPUTS/FINAL_NP1_ASSESSMENT.md,.md,1201,6948379a877b50804428c9e90283bf4df9102bf21c206470d9d6fcab2c203995,False,,True
_MV1_WORK/I/ARC1/_ARC1_CORRECTED_WORK/M3A_THREE_SCALE_MOVING_DIRECTION_ARC1/INPUTS/M3A_ARC1_FALSIFIER_AND_COLLEAGUE_REQUESTS_AUDIT_2026-08-01.md,.md,17601,a855e845cd1a278e8b16c16a63b44d0e7738eca8df80d4b48fa8acd925e244d5,False,,True
_MV1_WORK/I/ARC1/_ARC1_CORRECTED_WORK/M3A_THREE_SCALE_MOVING_DIRECTION_ARC1/INPUTS/M3A_NEWTON_PROTOCOL_ATLAS_NP1_R1_0.zip,.zip,23801570,,False,,False
_MV1_WORK/I/ARC1/_ARC1_CORRECTED_WORK/M3A_THREE_SCALE_MOVING_DIRECTION_ARC1/INPUTS/M3A_NEWTON_PROTOCOL_ATLAS_NP1_R1_0.zip.sha256,.sha256,105,dc8afe50cffae339cb51d040472f2f7755af22cf709b719b718031289072d4d2,False,,False
_MV1_WORK/I/ARC1/_ARC1_CORRECTED_WORK/M3A_THREE_SCALE_MOVING_DIRECTION_ARC1/INPUTS/MOMENT_SUPPORT_CERTIFICATE.md,.md,1487,e13775cb015cf073a79f728178a8215db625d74c7a546f664525734ef685c889,False,,True
_MV1_WORK/I/ARC1/_ARC1_CORRECTED_WORK/M3A_THREE_SCALE_MOVING_DIRECTION_ARC1/INPUTS/NEWTON_FIBRE_TRICHOTOMY_THEOREM.tex,.tex,1372,09a875c2c1e39d205d503351d0bed6ebff6a3645f319cbb32b167ee16aa720b8,False,,True
_MV1_WORK/I/ARC1/_ARC1_CORRECTED_WORK/M3A_THREE_SCALE_MOVING_DIRECTION_ARC1/INPUTS/NP1_MANIFEST.sha256,.sha256,5252,e0b97616a89f871286c106391f1f92032f4b38e86fe101b46e77ee09f77e81db,False,,False
_MV1_WORK/I/ARC1/_ARC1_CORRECTED_WORK/M3A_THREE_SCALE_MOVING_DIRECTION_ARC1/INPUTS/POSITIVE_PROTOCOL_FACE_THEOREM.tex,.tex,1245,161755513a6780be0be79abcbcd2c445537d68fd6b263821e0d0602bdc127bcb,False,,True
_MV1_WORK/I/ARC1/_ARC1_CORRECTED_WORK/M3A_THREE_SCALE_MOVING_DIRECTION_ARC1/INPUTS/REPRODUCE.sh,.sh,1303,921f9df39fbca405c3770ae66425268a56b701e11911da5922c00a525a226a94,False,,True
_MV1_WORK/I/ARC1/_ARC1_CORRECTED_WORK/M3A_THREE_SCALE_MOVING_DIRECTION_ARC1/INPUTS/TRANSFORMED_RESOLVENT_THEOREM.tex,.tex,1670,db838785f01eb0225777d54b1aa99ead3f340479bea193f6f5dda0aa03aa4328,False,,True
_MV1_WORK/I/ARC1/_ARC1_CORRECTED_WORK/M3A_THREE_SCALE_MOVING_DIRECTION_ARC1/INPUTS/WORKSTATION_ARC1_ANALYTIC_ARC_VALUATION_MASTER_PROMPT.md,.md,25185,af56237f2e8644037e6f51cd63b33ca26bc222febc4a88d31f6773da791bfd00,False,,True
_MV1_WORK/I/ARC1/_ARC1_CORRECTED_WORK/M3A_THREE_SCALE_MOVING_DIRECTION_ARC1/MANIFEST.sha256,.sha256,6573,f975d2739c0c101524861dc85230fa39fb87fb0d3250e7ecb17f9a5145893c3d,False,,False
_MV1_WORK/I/ARC1/_ARC1_CORRECTED_WORK/M3A_THREE_SCALE_MOVING_DIRECTION_ARC1/MANIFEST_POLICY.md,.md,1030,fb088ebff921cee9eb337dde2b2080094f61924c8e913462467e918dbccb2fc3,False,,True
_MV1_WORK/I/ARC1/_ARC1_CORRECTED_WORK/M3A_THREE_SCALE_MOVING_DIRECTION_ARC1/NEXT_STAGE_HANDOFF.md,.md,748,962bcc0eddeff7f7f86c66c613bd5f0ff5d35a9544b7dce300dd6e2b42729f3d,False,,True
_MV1_WORK/I/ARC1/_ARC1_CORRECTED_WORK/M3A_THREE_SCALE_MOVING_DIRECTION_ARC1/NP1_CONTROL_EVIDENCE_MAP.md,.md,1049,34364d94757763e4d082beb8ca61296cdc1201e8ca9cca1f04d1b9fd8c969665,False,,True
_MV1_WORK/I/ARC1/_ARC1_CORRECTED_WORK/M3A_THREE_SCALE_MOVING_DIRECTION_ARC1/PAPER_REVISION_RECOMMENDATION.md,.md,715,77ae6f41e3a62389d1d753350dead2ed51756a56b3f244582d42094d654a28d5,False,,True
_MV1_WORK/I/ARC1/_ARC1_CORRECTED_WORK/M3A_THREE_SCALE_MOVING_DIRECTION_ARC1/PRIOR_ART_AUDIT.md,.md,2217,e4952cd2561b839aceb30491d7e11831584079aeb9ab62759dcb2105489da1ce,False,,True
_MV1_WORK/I/ARC1/_ARC1_CORRECTED_WORK/M3A_THREE_SCALE_MOVING_DIRECTION_ARC1/R1_1_SCOPE_AND_INTERPRETATION_PATCH.tex,.tex,1066,c63a76a8b25abe99ec7872149461a8b84b272ab04629fe9ab7958766d59e91ca,False,,True
_MV1_WORK/I/ARC1/_ARC1_CORRECTED_WORK/M3A_THREE_SCALE_MOVING_DIRECTION_ARC1/REPARAMETERISATION_LAWS.md,.md,800,64d83cc9118c29dd718669f3d19b2b67240a9bf6a5fe0c1f74658d6dfc1fdc0a,False,,True
_MV1_WORK/I/ARC1/_ARC1_CORRECTED_WORK/M3A_THREE_SCALE_MOVING_DIRECTION_ARC1/REPRODUCE.sh,.sh,1483,b8bfa5c313b9d10cc6c4452a73a4e1ca017e875dbe5b56d0469acde6f669d9ad,False,,True
_MV1_WORK/I/ARC1/_ARC1_CORRECTED_WORK/M3A_THREE_SCALE_MOVING_DIRECTION_ARC1/REPRODUCIBILITY_PROTOCOL.md,.md,1110,c42b288a704808493c47d7a43034769c6ad9f7fd166bc500d3e39f908fb4b393,False,,True
_MV1_WORK/I/ARC1/_ARC1_CORRECTED_WORK/M3A_THREE_SCALE_MOVING_DIRECTION_ARC1/SIGNED_GRAPH_COLLEAGUE_HANDOFF.md,.md,1327,3a6004e291c068f7809aada2b2578e2b879a62b9901558444cbd60eacad3a824,False,,True
_MV1_WORK/I/ARC1/_ARC1_CORRECTED_WORK/M3A_THREE_SCALE_MOVING_DIRECTION_ARC1/SMOOTH_FLAT_FAILURE.md,.md,600,0025e62b2ef2f451fdbf43698a8518674927f6399dd1c0b86225e2253f98ad12,False,,True
_MV1_WORK/I/ARC1/_ARC1_CORRECTED_WORK/M3A_THREE_SCALE_MOVING_DIRECTION_ARC1/SUPERSESSION_AND_PARAMETERISATION_FIREWALL.md,.md,996,249173c8ea55f05424d4416bcb05561a5f77db3c95d1b8adf7463a4ac80229f2,False,,True
_MV1_WORK/I/ARC1/_ARC1_CORRECTED_WORK/M3A_THREE_SCALE_MOVING_DIRECTION_ARC1/THREE_SCALE_SUPPORT_THEOREM.tex,.tex,2247,24e53623715f08b0f2c1ab577c17d77983d915c98dcb311ec1ec0e54d401c539,False,,True
_MV1_WORK/I/ARC1/_ARC1_CORRECTED_WORK/M3A_THREE_SCALE_MOVING_DIRECTION_ARC1/TIE_FACE_CANCELLATION_AND_NEXT_ORDER.tex,.tex,1104,a5c3400e7906e56b00c51628b531e2bf8f9835a2e51fc12c14b9b109916a5e81,False,,True
_MV1_WORK/I/ARC1/_ARC1_CORRECTED_WORK/M3A_THREE_SCALE_MOVING_DIRECTION_ARC1/TRANSFORMED_RESOLVENT_THREE_SCALE_THEOREM.tex,.tex,1055,761f0419f8772c1924c4c58975af433fb84d9275bcbc6a2d8ee330a78468db6b,False,,True
_MV1_WORK/I/EA1/M3A_ENDPOINT_ACCESS_WORD_SUPPORT_EA1_R1_1/ASSUMPTIONS_AND_SCOPE_LOCK.md,.md,2407,1d88e3039b9f4c0daa1819facd79e4405e90eba4952664a03649d900c242c33e,False,,True
_MV1_WORK/I/EA1/M3A_ENDPOINT_ACCESS_WORD_SUPPORT_EA1_R1_1/BASELINE_ORDER_ZERO_FIREWALL.md,.md,718,113df4631f378926907045b13110f8c51bd5be4163df2c770eacf9938d2de0f3,False,,True
_MV1_WORK/I/EA1/M3A_ENDPOINT_ACCESS_WORD_SUPPORT_EA1_R1_1/CLAIM_AND_NOVELTY_LEDGER.md,.md,2082,09937b0dafa419639df930be5ba84bbf4b04fc6e041bce31f50b5cef7fc5f2e5,False,,True
_MV1_WORK/I/EA1/M3A_ENDPOINT_ACCESS_WORD_SUPPORT_EA1_R1_1/CODE_INDEPENDENT_A/formal_automaton.py,.py,3211,9aa9940828a541365668e70917b67e4d962816d6e1a6e0fb0faaad1144bb09a8,False,,True
_MV1_WORK/I/EA1/M3A_ENDPOINT_ACCESS_WORD_SUPPORT_EA1_R1_1/CODE_INDEPENDENT_B/polynomial_matrix.py,.py,3405,0d85f4b1add61ddc9cb98be09ed791de23810c185b2e79c2acbe111a2cbf3159,False,,True
_MV1_WORK/I/EA1/M3A_ENDPOINT_ACCESS_WORD_SUPPORT_EA1_R1_1/CODE_PRIMARY/canonical_io.py,.py,1435,efd0d73d61fcebcd78a73498d11a9f48d0f74ddffc9e768e580f765961baa34b,False,,True
_MV1_WORK/I/EA1/M3A_ENDPOINT_ACCESS_WORD_SUPPORT_EA1_R1_1/CODE_PRIMARY/ea1_primary.py,.py,17884,35fa0b719e0dfa8bb7ca34cf68539b3c9dd577dee79f2132e8d5185ca5da7edc,False,,True
_MV1_WORK/I/EA1/M3A_ENDPOINT_ACCESS_WORD_SUPPORT_EA1_R1_1/CODE_PRIMARY/krylov_depths.py,.py,3512,9c9a970f8c5317cab43bf5155f47661a2936ee5c26e68560f47a2634644ae8a5,False,,True
_MV1_WORK/I/EA1/M3A_ENDPOINT_ACCESS_WORD_SUPPORT_EA1_R1_1/CODE_PRIMARY/seal_package.py,.py,3690,1385e67c838bb044597f64440afeb3db5a387aebe4de5ceec50b62e782cb9d2e,False,,True
_MV1_WORK/I/EA1/M3A_ENDPOINT_ACCESS_WORD_SUPPORT_EA1_R1_1/CODE_PRIMARY/verify_package.py,.py,8625,0631d5f33f086ec613fa6c550831a5161ff6457bc6874a6fdcabf47308ab80e5,False,,True
_MV1_WORK/I/EA1/M3A_ENDPOINT_ACCESS_WORD_SUPPORT_EA1_R1_1/CODE_PRIMARY/verify_release.py,.py,4080,93dd86d3d01fa27eed0a2161b09c965effc4a608624873595ce92bae7b712697,False,,True
_MV1_WORK/I/EA1/M3A_ENDPOINT_ACCESS_WORD_SUPPORT_EA1_R1_1/COMPARISON_POLICY.json,.json,1046,4e9ddb583625b6aaf579d362e097598e187162a914c1a3f5f0d8e9d6eb90348d,False,,True
_MV1_WORK/I/EA1/M3A_ENDPOINT_ACCESS_WORD_SUPPORT_EA1_R1_1/COUNTEREXAMPLES_AND_CONTROLS.md,.md,9345,b60b85360e0741a66a0eee0a1e9afa754fa068c69c239cbfb335a6848f09651a,False,,True
_MV1_WORK/I/EA1/M3A_ENDPOINT_ACCESS_WORD_SUPPORT_EA1_R1_1/DATA/independent_automaton.json,.json,538,7bd3181b77f79d61d43ae545394d876da5bd185a213651fb1a030bd6be3c69b7,False,,True
_MV1_WORK/I/EA1/M3A_ENDPOINT_ACCESS_WORD_SUPPORT_EA1_R1_1/DATA/independent_javascript.json,.json,1442,bc81dffff29d5d797ee4626a1ba8ba33db281105ccf40c6a70caac1de6dc72de,False,,True
_MV1_WORK/I/EA1/M3A_ENDPOINT_ACCESS_WORD_SUPPORT_EA1_R1_1/DATA/independent_polynomial.json,.json,523,5b17e3d942fc9c10ea37ef6de504e2e08f9e25795e60a9cec1b8017300e783b1,False,,True
_MV1_WORK/I/EA1/M3A_ENDPOINT_ACCESS_WORD_SUPPORT_EA1_R1_1/DATA/krylov_certificate.json,.json,2391,6c81051167fc1b329409f08aece47b837448c43ec1d3d5f16a30e261a16615a4,False,,True
_MV1_WORK/I/EA1/M3A_ENDPOINT_ACCESS_WORD_SUPPORT_EA1_R1_1/DATA/primary_exact.json,.json,24567,c444bf5a2b3e24456c8b9bdb4a496d5893097017aca9b6738b84ebe91a78d575,False,,True
_MV1_WORK/I/EA1/M3A_ENDPOINT_ACCESS_WORD_SUPPORT_EA1_R1_1/DATA/random_census.json,.json,1015128,497c876e14257d5724bbb5649080c8a163c72d2106c9e909b56e2b6c5e1320a0,False,,True
_MV1_WORK/I/EA1/M3A_ENDPOINT_ACCESS_WORD_SUPPORT_EA1_R1_1/DEFINITIONS_AND_INDEXING.md,.md,1359,81f621b5a15389c934a90f03b6b693acbced645c9109791d476963fd6a1bcf13,False,,True
_MV1_WORK/I/EA1/M3A_ENDPOINT_ACCESS_WORD_SUPPORT_EA1_R1_1/EA1_EXACT_CERTIFICATES.json,.json,24567,c444bf5a2b3e24456c8b9bdb4a496d5893097017aca9b6738b84ebe91a78d575,False,,True
_MV1_WORK/I/EA1/M3A_ENDPOINT_ACCESS_WORD_SUPPORT_EA1_R1_1/EA1_R1_1_RELEASE_REPAIR_REPORT.md,.md,2274,bd322f69710fab8439607081a3556ff69d10c9606684602eade82704659f7f1a,False,,True
_MV1_WORK/I/EA1/M3A_ENDPOINT_ACCESS_WORD_SUPPORT_EA1_R1_1/EA1_RANDOM_CENSUS.json,.json,1015128,497c876e14257d5724bbb5649080c8a163c72d2106c9e909b56e2b6c5e1320a0,False,,True
_MV1_WORK/I/EA1/M3A_ENDPOINT_ACCESS_WORD_SUPPORT_EA1_R1_1/ENDPOINT_ACCESS_DEPTHS.md,.md,1951,41473f2216e712a3e7ab98044913bce0be7aad8af779e158eed5518b8e7db96c,False,,True
_MV1_WORK/I/EA1/M3A_ENDPOINT_ACCESS_WORD_SUPPORT_EA1_R1_1/ENVIRONMENT_SPECIFICATION.txt,.txt,966,5bb3e6901f6b15f2fbac49a75e55c982ef5766cbac9be89328463701401135e0,False,,True
_MV1_WORK/I/EA1/M3A_ENDPOINT_ACCESS_WORD_SUPPORT_EA1_R1_1/EQUALITY_SHARPNESS_AND_CANCELLATION_THEOREM.tex,.tex,2357,8c8c1e68bc354f67342cb1c4b73099418391372ad135010a18344e10de2ce8d1,False,,True
_MV1_WORK/I/EA1/M3A_ENDPOINT_ACCESS_WORD_SUPPORT_EA1_R1_1/EXPECTED/independent_automaton.json,.json,538,7bd3181b77f79d61d43ae545394d876da5bd185a213651fb1a030bd6be3c69b7,False,,True
_MV1_WORK/I/EA1/M3A_ENDPOINT_ACCESS_WORD_SUPPORT_EA1_R1_1/EXPECTED/independent_javascript.json,.json,1442,bc81dffff29d5d797ee4626a1ba8ba33db281105ccf40c6a70caac1de6dc72de,False,,True
_MV1_WORK/I/EA1/M3A_ENDPOINT_ACCESS_WORD_SUPPORT_EA1_R1_1/EXPECTED/independent_polynomial.json,.json,523,5b17e3d942fc9c10ea37ef6de504e2e08f9e25795e60a9cec1b8017300e783b1,False,,True
_MV1_WORK/I/EA1/M3A_ENDPOINT_ACCESS_WORD_SUPPORT_EA1_R1_1/EXPECTED/krylov_certificate.json,.json,2391,6c81051167fc1b329409f08aece47b837448c43ec1d3d5f16a30e261a16615a4,False,,True
_MV1_WORK/I/EA1/M3A_ENDPOINT_ACCESS_WORD_SUPPORT_EA1_R1_1/EXPECTED/primary_exact.json,.json,24567,c444bf5a2b3e24456c8b9bdb4a496d5893097017aca9b6738b84ebe91a78d575,False,,True
_MV1_WORK/I/EA1/M3A_ENDPOINT_ACCESS_WORD_SUPPORT_EA1_R1_1/EXPECTED/random_census.json,.json,1015128,497c876e14257d5724bbb5649080c8a163c72d2106c9e909b56e2b6c5e1320a0,False,,True
_MV1_WORK/I/EA1/M3A_ENDPOINT_ACCESS_WORD_SUPPORT_EA1_R1_1/EXPECTED_CANONICAL.sha256,.sha256,778,ee950ed4b4cb0ba3a510c4b463b55b3d9529d4bcb94a3288cec1d1a05ab5852d,False,,False
_MV1_WORK/I/EA1/M3A_ENDPOINT_ACCESS_WORD_SUPPORT_EA1_R1_1/FAILURE_LEDGER.md,.md,1269,920bc90e2255e74096e340ad450713f24da67f565cf3afcc79accba88a9fe8fc,False,,True
_MV1_WORK/I/EA1/M3A_ENDPOINT_ACCESS_WORD_SUPPORT_EA1_R1_1/FINAL_EA1_REPORT.md,.md,8530,7bd37b5808f34196b2458e91cfb0d6235e126c0ced59e085630fe87bee887034,False,,True
_MV1_WORK/I/EA1/M3A_ENDPOINT_ACCESS_WORD_SUPPORT_EA1_R1_1/FINITE_ENDPOINT_DEPTH_CERTIFICATE.tex,.tex,2667,c17f2799a643017cb883b1d13851ff341a0019335cac782a912b1624b9d042e2,False,,True
_MV1_WORK/I/EA1/M3A_ENDPOINT_ACCESS_WORD_SUPPORT_EA1_R1_1/INPUT_ARCHIVES.sha256,.sha256,558,ca6e8ca0aeb530980b4883817f4ac99a7f2306ed6e726aee4e1778790979a638,False,,False
_MV1_WORK/I/EA1/M3A_ENDPOINT_ACCESS_WORD_SUPPORT_EA1_R1_1/INPUTS/_ARC1_CORRECTED_WORK.zip,.zip,71692325,,False,,False
_MV1_WORK/I/EA1/M3A_ENDPOINT_ACCESS_WORD_SUPPORT_EA1_R1_1/INPUTS/_NP1_WORK.zip,.zip,71007853,,False,,False
_MV1_WORK/I/EA1/M3A_ENDPOINT_ACCESS_WORD_SUPPORT_EA1_R1_1/INPUTS/M3A_Diagonal_Family_Trichotomy_Paper_R1_2.pdf,.pdf,374126,4135498db2f973d8c3dbd4f77b8ebc94c2f3ea8bfc11e9dd710ef694b65d3222,False,,False
_MV1_WORK/I/EA1/M3A_ENDPOINT_ACCESS_WORD_SUPPORT_EA1_R1_1/INPUTS/M3A_Diagonal_Family_Trichotomy_Paper_R1_2.tex,.tex,36123,c5e1d29848307e0b3852d962a6af843499524377ff72c97b647af03052e35009,False,,True
_MV1_WORK/I/EA1/M3A_ENDPOINT_ACCESS_WORD_SUPPORT_EA1_R1_1/INPUTS/WORKSTATION_EA1_ENDPOINT_ACCESS_WORD_SUPPORT_MASTER_PROMPT.md,.md,21411,45de20c3e12cd0526195fb009f0b0fa6baa3a0071b15292950d726bb61b871a3,False,,True
_MV1_WORK/I/EA1/M3A_ENDPOINT_ACCESS_WORD_SUPPORT_EA1_R1_1/LABEL_SENSITIVE_ENDPOINT_SUPPORT_THEOREM.tex,.tex,1248,f489bb9f784d1ac2404ebf2c6c8d7cff92dad21acac6f410c75558cc1c9e94f2,False,,True
_MV1_WORK/I/EA1/M3A_ENDPOINT_ACCESS_WORD_SUPPORT_EA1_R1_1/MANIFEST.sha256,.sha256,6573,e87ba52c1a77d4dcad1ae1be79c1cc26043be1cd4c4fb9840c9104a74d12d8c6,False,,False
_MV1_WORK/I/EA1/M3A_ENDPOINT_ACCESS_WORD_SUPPORT_EA1_R1_1/MANIFEST_POLICY.md,.md,1111,d471c373d4783895c8f08b908e41f1e1a36b37bd3935cd3ca5ce3f57f1151d8b,False,,True
_MV1_WORK/I/EA1/M3A_ENDPOINT_ACCESS_WORD_SUPPORT_EA1_R1_1/MATRIX_PORT_AND_ENTRYWISE_EXTENSION.tex,.tex,2141,30bc863586874ed1beb9192c23c8b2ff9faf41a3f6561d693d57d2ef51890c4f,False,,True
_MV1_WORK/I/EA1/M3A_ENDPOINT_ACCESS_WORD_SUPPORT_EA1_R1_1/MULTIINDEX_ENDPOINT_SUPPORT_COROLLARY.tex,.tex,1839,321de218834706c6931563b1e1237d3048d2dcf44c549461fc4069181ceaf3ac,False,,True
_MV1_WORK/I/EA1/M3A_ENDPOINT_ACCESS_WORD_SUPPORT_EA1_R1_1/NONCOMMUTATIVE_WORD_COEFFICIENT_FORMULA.tex,.tex,2603,41dd8129becc2a0b9e43682b6e7a09983ac121290e16e0346271b4f0861ddd92,False,,True
_MV1_WORK/I/EA1/M3A_ENDPOINT_ACCESS_WORD_SUPPORT_EA1_R1_1/PB1_HANDOFF.md,.md,727,9a2a1e223cdf720e66f0a350e8ccd4ac40541345961f2df6929fac4ab6d895d0,False,,True
_MV1_WORK/I/EA1/M3A_ENDPOINT_ACCESS_WORD_SUPPORT_EA1_R1_1/PRIOR_ART_AUDIT.md,.md,4397,bcb26ecc3588320d95e91b19ecab71401a40feda041f60d61d622b6babb6a998,False,,True
_MV1_WORK/I/EA1/M3A_ENDPOINT_ACCESS_WORD_SUPPORT_EA1_R1_1/R1_2_ENDPOINT_LEMMA_RECOVERY.md,.md,1032,1ba8d8985288ee0704004f2fa8b2b08b4d0fee166e299662142dc446848ceff3,False,,True
_MV1_WORK/I/EA1/M3A_ENDPOINT_ACCESS_WORD_SUPPORT_EA1_R1_1/RELEASE_PROVENANCE.json,.json,1655,6f1cdee77dfff1e5cb347efbad47697fa7070857f0110a616fd1933f780b32d7,False,,True
_MV1_WORK/I/EA1/M3A_ENDPOINT_ACCESS_WORD_SUPPORT_EA1_R1_1/REPAIR_EVIDENCE/ALLOWED_CHANGE_LIST.md,.md,1736,2254840983994d5dfa677b7e12c8220dedb34b0340b28531f0bb497f6d4bf748,False,,True
_MV1_WORK/I/EA1/M3A_ENDPOINT_ACCESS_WORD_SUPPORT_EA1_R1_1/REPAIR_EVIDENCE/BEFORE_AFTER_FILE_DIFF.json,.json,22261,c61c0b7d005600b145658fadccaf35c52d281256a7179806e5b9e8cc3c4ffdbb,False,,True
_MV1_WORK/I/EA1/M3A_ENDPOINT_ACCESS_WORD_SUPPORT_EA1_R1_1/REPAIR_EVIDENCE/BEFORE_REPAIR_AUDIT.md,.md,2918,82709e13a0ff3c087021bd3b2e955f5bcbe987861261a39b9a91fb0f6fc77550,False,,True
_MV1_WORK/I/EA1/M3A_ENDPOINT_ACCESS_WORD_SUPPORT_EA1_R1_1/REPAIR_EVIDENCE/BEFORE_REPAIR_HASHES.sha256,.sha256,5079,d54bf81c40975ae941717da833d60d1b886f8db7f28814c9e40f99fd1b8fdffd,False,,False
_MV1_WORK/I/EA1/M3A_ENDPOINT_ACCESS_WORD_SUPPORT_EA1_R1_1/REPAIR_EVIDENCE/BEFORE_REPAIR_NEWLINES.json,.json,23861,2feffc96158b373226926fec8cbb8d3d59fd9428aba51a600703e1cccc1bec13,False,,True
_MV1_WORK/I/EA1/M3A_ENDPOINT_ACCESS_WORD_SUPPORT_EA1_R1_1/REPAIR_EVIDENCE/DETERMINISM_TESTS.md,.md,1579,6b94903b1a2653bb5c53f3f407d0b873646034653ff5d85f18cf28aa5db3e1c8,False,,True
_MV1_WORK/I/EA1/M3A_ENDPOINT_ACCESS_WORD_SUPPORT_EA1_R1_1/REPAIR_EVIDENCE/DETERMINISTIC_ZIP_HASHES.json,.json,2072,c05b521069f8303aec8e4c3c99b425d419322f6e8e6a58fda80d8dcf828138c3,False,,True
_MV1_WORK/I/EA1/M3A_ENDPOINT_ACCESS_WORD_SUPPORT_EA1_R1_1/REPAIR_EVIDENCE/JSON_SEMANTIC_EQUIVALENCE.json,.json,5698,0cb2a7ae750f88253ace0339e23e8417416d25849dea5f2a27b5c293dcf51690,False,,True
_MV1_WORK/I/EA1/M3A_ENDPOINT_ACCESS_WORD_SUPPORT_EA1_R1_1/REPAIR_EVIDENCE/REPAIR_CHANGELOG.md,.md,637,2dc29998bcaafb3d9b855d9f7091be7ca519fc0e7edca76e3c30e746d3de5f4e,False,,True
_MV1_WORK/I/EA1/M3A_ENDPOINT_ACCESS_WORD_SUPPORT_EA1_R1_1/REPAIR_EVIDENCE/SIDECAR_VERIFICATION.json,.json,789,b73b3218d862f10d22c857296c26a2b33d1802112e1feeb0dc0dd55c78342e75,False,,True
_MV1_WORK/I/EA1/M3A_ENDPOINT_ACCESS_WORD_SUPPORT_EA1_R1_1/REPAIR_EVIDENCE/UNCHANGED_SCIENTIFIC_FILES.sha256,.sha256,2328,404b3fa2d7ba846fb0db2784f99116731bf6f1c68e78f4c63d9cc20e0a0f87f7,False,,False
_MV1_WORK/I/EA1/M3A_ENDPOINT_ACCESS_WORD_SUPPORT_EA1_R1_1/REPRODUCE.sh,.sh,882,75abfbabe747ec2cf360eb67599f2b87ed4958b29d19256b0333baa603293d3d,False,,True
_MV1_WORK/I/EA1/M3A_ENDPOINT_ACCESS_WORD_SUPPORT_EA1_R1_1/REPRODUCIBILITY_PROTOCOL.md,.md,1130,cf15120636f6c5ca0bab3c698bad5ea53b1435d16d11761f4a6a04cb0b5d1ab8,False,,True
_MV1_WORK/I/EA1/M3A_ENDPOINT_ACCESS_WORD_SUPPORT_EA1_R1_1/TIME_AND_TRANSFORMED_RESOLVENT_COROLLARY.tex,.tex,1416,83323b47834abed818f1f4646871b6d89a92a6cb041867595ae03a6d67227848,False,,True
_MV1_WORK/I/LOCKED/M3A_ARC1_COLLEAGUE_LOCKED_DEFINITIONS_R1_0/00_START_HERE.md,.md,3744,b4a8c99f768edde0cff0d92bae0cfd51354f25b0b9dccebb9facba6e15f1ce9a,False,,True
_MV1_WORK/I/LOCKED/M3A_ARC1_COLLEAGUE_LOCKED_DEFINITIONS_R1_0/01_LOCKED_DYNAMICAL_MODEL.md,.md,3184,e03e399046249bdddcd8c4556c8440a6836fb6b55dbff275f347399234a9d8de,False,,True
_MV1_WORK/I/LOCKED/M3A_ARC1_COLLEAGUE_LOCKED_DEFINITIONS_R1_0/02_LOCKED_NOTATION_AND_ZERO_CONVENTIONS.md,.md,2766,37ca254b40c7b8b6b62874fa4aede2e16b7347633533705754e3a2ca062ccaaa,False,,True
_MV1_WORK/I/LOCKED/M3A_ARC1_COLLEAGUE_LOCKED_DEFINITIONS_R1_0/03_LOCKED_THEOREM_AND_QUANTIFIER_MAP.md,.md,2578,8cde2dbfa8bff5e12d28db2422ccd1e3d2cba9c21d1edf678c526e1c06de1de3,False,,True
_MV1_WORK/I/LOCKED/M3A_ARC1_COLLEAGUE_LOCKED_DEFINITIONS_R1_0/04_SUPPORT_AND_ENDPOINT_FIREWALL.md,.md,1910,869aa7a24af07260b1f438bfcbab47a7e98b075a5541b4ab2c52d756a15040cd,False,,True
_MV1_WORK/I/LOCKED/M3A_ARC1_COLLEAGUE_LOCKED_DEFINITIONS_R1_0/05_EXACT_DARK_GEOMETRY.md,.md,2092,828053974543741f5aeee7e3b055751d36e42637c8991ca61fdaa4b6630d32a8,False,,True
_MV1_WORK/I/LOCKED/M3A_ARC1_COLLEAGUE_LOCKED_DEFINITIONS_R1_0/06_THREE_SCALE_FACE_CLASSIFICATION.md,.md,3309,42e1d08c1cc995869918e7126644acbaa996bce61519ac69eb4c842699d73efa,False,,True
_MV1_WORK/I/LOCKED/M3A_ARC1_COLLEAGUE_LOCKED_DEFINITIONS_R1_0/07_REPRODUCTION_QUICKSTART.md,.md,2767,0bcb2bc0636da00f8b192163cb25f81a4f18ac5c7c14c6e468df41191e81026f,False,,True
_MV1_WORK/I/LOCKED/M3A_ARC1_COLLEAGUE_LOCKED_DEFINITIONS_R1_0/08_SOURCE_PROVENANCE_AND_HASHES.md,.md,3707,5eb661e5a9e8454be4763598a59cec3c280f58c66402b64ba7be907f396c8ab2,False,,True
_MV1_WORK/I/LOCKED/M3A_ARC1_COLLEAGUE_LOCKED_DEFINITIONS_R1_0/09_CLAIM_STATUS_AND_OPEN_GAPS.md,.md,4129,128956390ad62bbf1578eb050d18dd9b58392e1f2f0f9f496ff96686b0f198c9,False,,True
_MV1_WORK/I/LOCKED/M3A_ARC1_COLLEAGUE_LOCKED_DEFINITIONS_R1_0/10_GLOSSARY.md,.md,2394,4ddfb67f69de603d8964847c8e3af5e58ccd81b10de498d711bef89b78fa2b16,False,,True
_MV1_WORK/I/LOCKED/M3A_ARC1_COLLEAGUE_LOCKED_DEFINITIONS_R1_0/11_QUESTION_TO_SOURCE_INDEX.md,.md,2229,12b535b256e9d6ba5bcf8b84c8763feee2d5e0baca4d755d78f4258c17675f4a,False,,True
_MV1_WORK/I/LOCKED/M3A_ARC1_COLLEAGUE_LOCKED_DEFINITIONS_R1_0/12_PRIOR_ART_CONTEXT.md,.md,2845,f864a615a5b03452bf0a51b587a5596bbf3b785c989b65f4cb879c180829d6ed,False,,True
_MV1_WORK/I/LOCKED/M3A_ARC1_COLLEAGUE_LOCKED_DEFINITIONS_R1_0/ARC1_LOCKED_DEFINITIONS_REFERENCE.pdf,.pdf,15578,07948d0d9b606db20874eed5941ade3dbc423782d96a94fafd199e8ccdc03444,False,,False
_MV1_WORK/I/LOCKED/M3A_ARC1_COLLEAGUE_LOCKED_DEFINITIONS_R1_0/ARC1_LOCKED_DEFINITIONS_REFERENCE.tex,.tex,4184,bf2cea917307982c52845cba39a2dcd134aa2a95da2a18ecb6535c9e380aeb3d,False,,True
_MV1_WORK/I/LOCKED/M3A_ARC1_COLLEAGUE_LOCKED_DEFINITIONS_R1_0/BUILD_REFERENCE_PDF.py,.py,9516,37edd089a63e9ba265fa90cbe8e4bf18e39646e5ae9f3277b273320933f7439d,False,,True
_MV1_WORK/I/LOCKED/M3A_ARC1_COLLEAGUE_LOCKED_DEFINITIONS_R1_0/LOCKED_DEFINITIONS.json,.json,9710,6b12ac4b38476f6e83164580c35a8c75606a62c5c88463e7ae0797aaf1e36ab5,False,,True
_MV1_WORK/I/LOCKED/M3A_ARC1_COLLEAGUE_LOCKED_DEFINITIONS_R1_0/MANIFEST.sha256,.sha256,3785,1928b1c58da3d5d24f31edf91b21ecd33f1afcb38c9fdeb50ec44144b27eab19,False,,False
_MV1_WORK/I/LOCKED/M3A_ARC1_COLLEAGUE_LOCKED_DEFINITIONS_R1_0/MINIMAL_REPRO/EXPECTED_OUTPUT.txt,.txt,263,0535cc9fe3bcf8d0513ed6880564b9a8f951068210c2e9b0da7ffc96d7cfd939,False,,True
_MV1_WORK/I/LOCKED/M3A_ARC1_COLLEAGUE_LOCKED_DEFINITIONS_R1_0/MINIMAL_REPRO/README.md,.md,839,3d8525f139d642ec7faa986f1249771effa4eab2097be942521a62ba6c688317,False,,True
_MV1_WORK/I/LOCKED/M3A_ARC1_COLLEAGUE_LOCKED_DEFINITIONS_R1_0/MINIMAL_REPRO/reproduce_key_claims.py,.py,3957,6241f2dadaab880bcf66a1db231013dce58adc0d9781efd81b91895d5bbadf7a,False,,True
_MV1_WORK/I/LOCKED/M3A_ARC1_COLLEAGUE_LOCKED_DEFINITIONS_R1_0/REPRODUCE.sh,.sh,111,a42c52b9bc8d290248093b736add0a571a053dfa66f5cf39263f90b6e4e8b949,False,,True
_MV1_WORK/I/LOCKED/M3A_ARC1_COLLEAGUE_LOCKED_DEFINITIONS_R1_0/SOURCES/ARC1/CLAIM_AND_NOVELTY_LEDGER.md,.md,1327,0de3033295e06312cb9cba2f277d104ad794794a184868f9e62111b708564980,False,,True
_MV1_WORK/I/LOCKED/M3A_ARC1_COLLEAGUE_LOCKED_DEFINITIONS_R1_0/SOURCES/ARC1/EXACT_DARK_MOVING_ARC_THEOREM.tex,.tex,844,064cee0ce1899943b1cc4b7ce4df74099e2970c00255a173fd9371dbf05b734c,False,,True
_MV1_WORK/I/LOCKED/M3A_ARC1_COLLEAGUE_LOCKED_DEFINITIONS_R1_0/SOURCES/ARC1/FALSIFIER_CERTIFICATE.md,.md,1171,45ea19a0dab49acacead15aa746ac4de092fee5c73f0625c739ec5123a027712,False,,True
_MV1_WORK/I/LOCKED/M3A_ARC1_COLLEAGUE_LOCKED_DEFINITIONS_R1_0/SOURCES/ARC1/REPARAMETERISATION_LAWS.md,.md,800,64d83cc9118c29dd718669f3d19b2b67240a9bf6a5fe0c1f74658d6dfc1fdc0a,False,,True
_MV1_WORK/I/LOCKED/M3A_ARC1_COLLEAGUE_LOCKED_DEFINITIONS_R1_0/SOURCES/ARC1/THREE_SCALE_SUPPORT_THEOREM.tex,.tex,2247,24e53623715f08b0f2c1ab577c17d77983d915c98dcb311ec1ec0e54d401c539,False,,True
_MV1_WORK/I/LOCKED/M3A_ARC1_COLLEAGUE_LOCKED_DEFINITIONS_R1_0/SOURCES/ARC1/TIE_FACE_CANCELLATION_AND_NEXT_ORDER.tex,.tex,1104,a5c3400e7906e56b00c51628b531e2bf8f9835a2e51fc12c14b9b109916a5e81,False,,True
_MV1_WORK/I/LOCKED/M3A_ARC1_COLLEAGUE_LOCKED_DEFINITIONS_R1_0/SOURCES/ARC1/TRANSFORMED_RESOLVENT_THREE_SCALE_THEOREM.tex,.tex,1055,761f0419f8772c1924c4c58975af433fb84d9275bcbc6a2d8ee330a78468db6b,False,,True
_MV1_WORK/I/LOCKED/M3A_ARC1_COLLEAGUE_LOCKED_DEFINITIONS_R1_0/SOURCES/AUDITS/M3A_ARC1_FALSIFIER_AND_COLLEAGUE_REQUESTS_AUDIT_2026-08-01.md,.md,17601,a855e845cd1a278e8b16c16a63b44d0e7738eca8df80d4b48fa8acd925e244d5,False,,True
_MV1_WORK/I/LOCKED/M3A_ARC1_COLLEAGUE_LOCKED_DEFINITIONS_R1_0/SOURCES/PROMPTS/WORKSTATION_ARC1_COLLEAGUE_CLARIFICATION_PATCH_PROMPT_R1_1.md,.md,17405,70bd48d7b21eb82f1c5db1f69ad47ea357f11c008b45a6df6656300ff5c64e9a,False,,True
_MV1_WORK/I/LOCKED/M3A_ARC1_COLLEAGUE_LOCKED_DEFINITIONS_R1_0/SOURCES/R1_2/M3A_Diagonal_Family_Trichotomy_Paper_R1_2.pdf,.pdf,374126,4135498db2f973d8c3dbd4f77b8ebc94c2f3ea8bfc11e9dd710ef694b65d3222,False,,False
_MV1_WORK/I/LOCKED/M3A_ARC1_COLLEAGUE_LOCKED_DEFINITIONS_R1_0/SOURCES/R1_2/M3A_Diagonal_Family_Trichotomy_Paper_R1_2.tex,.tex,36123,c5e1d29848307e0b3852d962a6af843499524377ff72c97b647af03052e35009,False,,True
_MV1_WORK/I/LOCKED/M3A_ARC1_COLLEAGUE_LOCKED_DEFINITIONS_R1_0/SOURCES/SCRIPTS/CODE_PRIMARY/moving_direction_series.py,.py,5556,be49fd7cb0dccdf198a2b25e3152e780b53ab628fcc33ac5eded6314fd39b5f2,False,,True
_MV1_WORK/I/LOCKED/M3A_ARC1_COLLEAGUE_LOCKED_DEFINITIONS_R1_0/VERIFY_PACKAGE.py,.py,4490,631f6e6e0063d5f411a8f38d2f604679c21d24e4223b0d0fa0031d5c829123a7,False,,True
_MV1_WORK/I/NP1/M3A_NEWTON_PROTOCOL_ATLAS_NP1/ARC1_HANDOFF.md,.md,687,dc906e353dd4a358b03a782b8c25c356a11e158ef0f209f49c488944fbe90ab3,False,,True
_MV1_WORK/I/NP1/M3A_NEWTON_PROTOCOL_ATLAS_NP1/ASSUMPTIONS_LOCK.md,.md,1700,a73ed2f93140154779fdabf39ce56bfa0bb5bef21f3c648afc87b14a01e22e8b,False,,True
_MV1_WORK/I/NP1/M3A_NEWTON_PROTOCOL_ATLAS_NP1/ATLAS_TABLE.md,.md,1019,1ffd3487e8094a2f34abf5f185d38b115eae2eacc9fa2e40c04cd9e4b77ab5df,False,,True
_MV1_WORK/I/NP1/M3A_NEWTON_PROTOCOL_ATLAS_NP1/CLAIM_AND_NOVELTY_LEDGER.md,.md,1333,bdd1213684a2b1606c6d224422fab0f9031968627077276a5c0b2ccb919837d3,False,,True
_MV1_WORK/I/NP1/M3A_NEWTON_PROTOCOL_ATLAS_NP1/CODE_INDEPENDENT_A/word_enumeration.py,.py,4426,60bb1dda20a220025621a40160f9c254c52b825247722e6a6d99002fcf1c28e9,False,,True
_MV1_WORK/I/NP1/M3A_NEWTON_PROTOCOL_ATLAS_NP1/CODE_PRIMARY/integrity_gate.py,.py,3076,84fb089667952798a27b67bb55ac715245b6d409a0c5f5baa2c59d82b4780424,False,,True
_MV1_WORK/I/NP1/M3A_NEWTON_PROTOCOL_ATLAS_NP1/CODE_PRIMARY/verify_package.py,.py,1494,5a657232d6d31d6440013467e023dd1331b5225b7bf52bd23ee35a3908c86f9a,False,,True
_MV1_WORK/I/NP1/M3A_NEWTON_PROTOCOL_ATLAS_NP1/COMPARISON_POLICY.json,.json,716,26e5601dea62fbc27679f6a2ade50b610f26ebccb84aa87942be2589235fbf8e,False,,True
_MV1_WORK/I/NP1/M3A_NEWTON_PROTOCOL_ATLAS_NP1/COUNTEREXAMPLES_AND_CONTROLS.md,.md,3614,081c9c25ec65821c23b19443515fccfe5d1ad2fefe6fc2d0cc88f6a88f3b7748,False,,True
_MV1_WORK/I/NP1/M3A_NEWTON_PROTOCOL_ATLAS_NP1/DATA/comparison.json,.json,658,08ab25a962c731e1970bb5bc93d8998c0f3c6f7f65fae46d09aada70a3f43fb8,False,,True
_MV1_WORK/I/NP1/M3A_NEWTON_PROTOCOL_ATLAS_NP1/DATA/independent_a.json,.json,14158,69bfacc4a2ec83aa0f4ec343096e0445d452085243e4ca7b2cec7834e213afa8,False,,True
_MV1_WORK/I/NP1/M3A_NEWTON_PROTOCOL_ATLAS_NP1/DATA/independent_b.json,.json,1238,5832c7491ea19ac4b35220143001f65f0730d2205a3ebce7d5e52e5658731a80,False,,True
_MV1_WORK/I/NP1/M3A_NEWTON_PROTOCOL_ATLAS_NP1/DATA/integrity.json,.json,241,96c3ddbdbf8ee4f8341da668a2713c0b12695172e245981435765cf863c35501,False,,True
_MV1_WORK/I/NP1/M3A_NEWTON_PROTOCOL_ATLAS_NP1/DATA/primary.json,.json,14142,f3ec66c586d8b6af6a2470bd87f4ff5fc2917ab04c8a6a362d3a385a123aa6b3,False,,True
_MV1_WORK/I/NP1/M3A_NEWTON_PROTOCOL_ATLAS_NP1/ENVIRONMENT_SPECIFICATION.txt,.txt,669,6d099c54d1be72be9103d97bbf2c069a60fb837bde721df262229a45bcd9f03c,False,,True
_MV1_WORK/I/NP1/M3A_NEWTON_PROTOCOL_ATLAS_NP1/EXACT_DARK_FIBRE_CERTIFICATE.json,.json,521,744b1ef6042242d7c8378ae528d83835c8280660f3c4ecc1920912bffe6377f5,False,,True
_MV1_WORK/I/NP1/M3A_NEWTON_PROTOCOL_ATLAS_NP1/EXPECTED/comparison.json,.json,658,08ab25a962c731e1970bb5bc93d8998c0f3c6f7f65fae46d09aada70a3f43fb8,False,,True
_MV1_WORK/I/NP1/M3A_NEWTON_PROTOCOL_ATLAS_NP1/EXPECTED/independent_a.json,.json,14158,69bfacc4a2ec83aa0f4ec343096e0445d452085243e4ca7b2cec7834e213afa8,False,,True
_MV1_WORK/I/NP1/M3A_NEWTON_PROTOCOL_ATLAS_NP1/EXPECTED/independent_b.json,.json,1238,5832c7491ea19ac4b35220143001f65f0730d2205a3ebce7d5e52e5658731a80,False,,True
_MV1_WORK/I/NP1/M3A_NEWTON_PROTOCOL_ATLAS_NP1/EXPECTED/integrity.json,.json,241,96c3ddbdbf8ee4f8341da668a2713c0b12695172e245981435765cf863c35501,False,,True
_MV1_WORK/I/NP1/M3A_NEWTON_PROTOCOL_ATLAS_NP1/EXPECTED/primary.json,.json,14142,f3ec66c586d8b6af6a2470bd87f4ff5fc2917ab04c8a6a362d3a385a123aa6b3,False,,True
_MV1_WORK/I/NP1/M3A_NEWTON_PROTOCOL_ATLAS_NP1/EXPECTED_CANONICAL.sha256,.sha256,457,d39da9bbd95374efa9f3188d0032c22357670f81bf6d1ceb46e7d712ba05fc93,False,,False
_MV1_WORK/I/NP1/M3A_NEWTON_PROTOCOL_ATLAS_NP1/FAILURE_LEDGER.md,.md,1059,2d4d07bcc60ee730fe5d048256dc571f77fe877ecc748b0b2fe5d28693157766,False,,True
_MV1_WORK/I/NP1/M3A_NEWTON_PROTOCOL_ATLAS_NP1/FIBREWISE_ARC1_FIREWALL.md,.md,900,a6057270c50267a27d502041483fa12788c9b2d8e634b586cb0bbf9ecdd49cd6,False,,True
_MV1_WORK/I/NP1/M3A_NEWTON_PROTOCOL_ATLAS_NP1/FINAL_NP1_ASSESSMENT.md,.md,1201,6948379a877b50804428c9e90283bf4df9102bf21c206470d9d6fcab2c203995,False,,True
_MV1_WORK/I/NP1/M3A_NEWTON_PROTOCOL_ATLAS_NP1/INPUT_ARCHIVES.sha256,.sha256,1350,06392e454d571d008542c7773a3898b61dfab724893d894fe352f624764fa32d,False,,False
_MV1_WORK/I/NP1/M3A_NEWTON_PROTOCOL_ATLAS_NP1/INPUTS/M3A_000029_SINGLE_PATH_POSITIVE_WEIGHT_THEOREM_LOCKED_v1_0.tex,.tex,10433,133878b890ac3982e1757766d0d236069298106aae8e910e5b7460614fc30249,False,,True
_MV1_WORK/I/NP1/M3A_NEWTON_PROTOCOL_ATLAS_NP1/INPUTS/M3A_000029_SINGLE_PATH_POSITIVE_WEIGHT_THEOREM_LOCKED_v1_0.tex.sha256,.sha256,129,c7437d9b2a8853b58b8a0801a620eac840619927d29da758da1019b6a15733d2,False,,False
_MV1_WORK/I/NP1/M3A_NEWTON_PROTOCOL_ATLAS_NP1/INPUTS/M3A_Diagonal_Family_Trichotomy_Paper_R1_1.pdf,.pdf,357423,36b27ccef80998fd43517be20d7915772d24a8f9d055b8abd0532054761f0013,False,,False
_MV1_WORK/I/NP1/M3A_NEWTON_PROTOCOL_ATLAS_NP1/INPUTS/M3A_Diagonal_Family_Trichotomy_Paper_R1_1.pdf.sha256,.sha256,112,7bae86c25ba60d7ab42bb908b644aba413792d28fa301491231ddd5e2b2d4096,False,,False
_MV1_WORK/I/NP1/M3A_NEWTON_PROTOCOL_ATLAS_NP1/INPUTS/M3A_Diagonal_Family_Trichotomy_Paper_R1_1.tex,.tex,28225,1b8d04a04dcf5941566368b261932e78c7773beb83b8816af35de1ebb3902d6e,False,,True
_MV1_WORK/I/NP1/M3A_NEWTON_PROTOCOL_ATLAS_NP1/INPUTS/M3A_Diagonal_Family_Trichotomy_Paper_R1_1.tex.sha256,.sha256,112,b30647c671b0e8a56d520b7759895f6d2287dba324ef2032ab0a3a6c5c176ecc,False,,False
_MV1_WORK/I/NP1/M3A_NEWTON_PROTOCOL_ATLAS_NP1/INPUTS/M3A_DIAGONAL_FAMILY_TRICHOTOMY_TF1_R1_1.zip,.zip,23380247,,False,,False
_MV1_WORK/I/NP1/M3A_NEWTON_PROTOCOL_ATLAS_NP1/INPUTS/M3A_DIAGONAL_FAMILY_TRICHOTOMY_TF1_R1_1.zip.sha256,.sha256,110,4e5057b2eee23bd649f65eb26cdac1cad288b2de51da8a1850ecaa57c3471b58,False,,False
_MV1_WORK/I/NP1/M3A_NEWTON_PROTOCOL_ATLAS_NP1/INPUTS/M3A_NP1_EXTRA_MATH_AUDIT.md,.md,5642,36cc9c678857fe00dff90658aaf3aaf2050d30c30f3d90a9edd8053b06ce2466,False,,True
_MV1_WORK/I/NP1/M3A_NEWTON_PROTOCOL_ATLAS_NP1/INPUTS/M3A_TF1_R1_1_IMPLEMENTATION_REPORT.md,.md,6940,f159de05f0f628126787ecbf3d0f3289a5a790fd609412d21fc6b516ab776140,False,,True
_MV1_WORK/I/NP1/M3A_NEWTON_PROTOCOL_ATLAS_NP1/INPUTS/WORKSTATION_NP1_NEWTON_PROTOCOL_ATLAS_MASTER_PROMPT.md,.md,16441,3d93e38ca272cbb23b289c7dbd04be2af4aa6e0e0d298bfde5789ee7322908cc,False,,True
_MV1_WORK/I/NP1/M3A_NEWTON_PROTOCOL_ATLAS_NP1/MANIFEST.sha256,.sha256,5252,e0b97616a89f871286c106391f1f92032f4b38e86fe101b46e77ee09f77e81db,False,,False
_MV1_WORK/I/NP1/M3A_NEWTON_PROTOCOL_ATLAS_NP1/MANIFEST_POLICY.md,.md,1056,d11a7e51afbb48eeecf5290940bf5766f2c8cfbcd3d00f57d70864570a74c59b,False,,True
_MV1_WORK/I/NP1/M3A_NEWTON_PROTOCOL_ATLAS_NP1/MOMENT_SUPPORT_CERTIFICATE.md,.md,1487,e13775cb015cf073a79f728178a8215db625d74c7a546f664525734ef685c889,False,,True
_MV1_WORK/I/NP1/M3A_NEWTON_PROTOCOL_ATLAS_NP1/NEWTON_FIBRE_TRICHOTOMY_THEOREM.tex,.tex,1372,09a875c2c1e39d205d503351d0bed6ebff6a3645f319cbb32b167ee16aa720b8,False,,True
_MV1_WORK/I/NP1/M3A_NEWTON_PROTOCOL_ATLAS_NP1/NEWTON_PROTOCOL_DEFINITIONS.tex,.tex,1508,422ca09c666d461dc6bfa3f13d1132edd4e1a0398c2c85d67eb5c34821824f5b,False,,True
_MV1_WORK/I/NP1/M3A_NEWTON_PROTOCOL_ATLAS_NP1/NORMAL_CONE_AND_TROPICAL_AUDIT.md,.md,1454,d894d8639269e65dd263fdf8ddec6819dfef3aa2b018e4c7d6393a24d5185c1d,False,,True
_MV1_WORK/I/NP1/M3A_NEWTON_PROTOCOL_ATLAS_NP1/NUMERATOR_TROPICALISATION_FIREWALL.md,.md,895,ddc365b1b2952760d65742563169fdbdbcd145c9991b01da83c52e3633117301,False,,True
_MV1_WORK/I/NP1/M3A_NEWTON_PROTOCOL_ATLAS_NP1/POSITIVE_PROTOCOL_FACE_THEOREM.tex,.tex,1245,161755513a6780be0be79abcbcd2c445537d68fd6b263821e0d0602bdc127bcb,False,,True
_MV1_WORK/I/NP1/M3A_NEWTON_PROTOCOL_ATLAS_NP1/PRIOR_ART_AUDIT.md,.md,2697,05bffacadb7c9b9d2dafe78ad3aad9412f2d785c85a748ca9112fbdf9a0ca8f2,False,,True
_MV1_WORK/I/NP1/M3A_NEWTON_PROTOCOL_ATLAS_NP1/REPRODUCE.sh,.sh,1303,921f9df39fbca405c3770ae66425268a56b701e11911da5922c00a525a226a94,False,,True
_MV1_WORK/I/NP1/M3A_NEWTON_PROTOCOL_ATLAS_NP1/REPRODUCIBILITY_PROTOCOL.md,.md,1183,a23d0f95ee7e9978c670c5c554e7318fa927cafcc7fc133bc14be23742812907,False,,True
_MV1_WORK/I/NP1/M3A_NEWTON_PROTOCOL_ATLAS_NP1/STRATUM_I_CERTIFICATE.json,.json,529,80f7ee4f69755c14e8a9363851c4262c0a3bddd102714a11b29e46caed08e0b7,False,,True
_MV1_WORK/I/NP1/M3A_NEWTON_PROTOCOL_ATLAS_NP1/STRATUM_II_CERTIFICATE.json,.json,754,f0331f5d63c604bcc994b74347e4397b650d8b43a6913a17ec4232ecd4a07e82,False,,True
_MV1_WORK/I/NP1/M3A_NEWTON_PROTOCOL_ATLAS_NP1/TRANSFORMED_RESOLVENT_THEOREM.tex,.tex,1670,db838785f01eb0225777d54b1aa99ead3f340479bea193f6f5dda0aa03aa4328,False,,True
_MV1_WORK/I/PB1/M3A_MONOMIAL_PULLBACK_FACE_COLLISION_PB1/ARC1_FACE_COLLISION_RECOVERY.md,.md,1334,3d05ad3a81405dd1badd19b1f6f31b03e4fb6690de99f07fd6486ba82e31d95a,False,,True
_MV1_WORK/I/PB1/M3A_MONOMIAL_PULLBACK_FACE_COLLISION_PB1/ASSOCIATED_GRADED_FACE_PUSHFORWARD_THEOREM.tex,.tex,2575,ac1112378f3bc12572155185e996e68d0b05610a5dbacbd3e01664ee5e2fea18,False,,True
_MV1_WORK/I/PB1/M3A_MONOMIAL_PULLBACK_FACE_COLLISION_PB1/ASSUMPTIONS_AND_SCOPE_LOCK.md,.md,3868,4ed72af01007ab7fd5d11ddb9304b655cde4697d7e26b845ae4f14c55030fe6c,False,,True
_MV1_WORK/I/PB1/M3A_MONOMIAL_PULLBACK_FACE_COLLISION_PB1/CANCELLATION_LOCUS_AND_NONCANCELLATION_CRITERIA.tex,.tex,2821,3529ecacf16006959c52fca6ec0cd3f2c0c7d73bc7d4363aba7dba7f9d1b6de0,False,,True
_MV1_WORK/I/PB1/M3A_MONOMIAL_PULLBACK_FACE_COLLISION_PB1/CLAIM_AND_NOVELTY_LEDGER.md,.md,2939,4585b4b1362d53058eaf9309b4882dc8ce661651c5b85bb3187e33acd6b53b76,False,,True
_MV1_WORK/I/PB1/M3A_MONOMIAL_PULLBACK_FACE_COLLISION_PB1/CODE_INDEPENDENT_A/direct_substitution.py,.py,3386,1460f57172e8fd086ddef015677e0f703dba1e4db29b58f622ea36573988ea40,False,,True
_MV1_WORK/I/PB1/M3A_MONOMIAL_PULLBACK_FACE_COLLISION_PB1/CODE_INDEPENDENT_B/graded_convex.py,.py,3274,14ece30a8f47bcee4ee8d5f7bef1eea26cc52972bd95448902327a8fe5ff8d07,False,,True
_MV1_WORK/I/PB1/M3A_MONOMIAL_PULLBACK_FACE_COLLISION_PB1/CODE_PRIMARY/canonical_io.py,.py,885,36f1e9c83e64160b48a9d801402bde57be375a5d8f5b251e514c796c73ee7ddd,False,,True
_MV1_WORK/I/PB1/M3A_MONOMIAL_PULLBACK_FACE_COLLISION_PB1/CODE_PRIMARY/create_release.py,.py,1480,06f3497ac2077855a70a13eeac140ab5ea7298a9bf56c1451f5247da3729b812,False,,True
_MV1_WORK/I/PB1/M3A_MONOMIAL_PULLBACK_FACE_COLLISION_PB1/CODE_PRIMARY/pb1_primary.py,.py,29834,439f34f8c102258d0fc9e69c1df296cd0fcfd2cb08e04b4f2fdb9cf8e79b7439,False,,True
_MV1_WORK/I/PB1/M3A_MONOMIAL_PULLBACK_FACE_COLLISION_PB1/CODE_PRIMARY/seal_package.py,.py,1694,4fa1e273db71bf0b94a63b221349d840a052efa2e3e5b50c1f0f6c1474f6e02d,False,,True
_MV1_WORK/I/PB1/M3A_MONOMIAL_PULLBACK_FACE_COLLISION_PB1/CODE_PRIMARY/verify_package.py,.py,5569,83a8ecdb108dc4cba4cf42c9237bf4c0e1b0681b0e2c20cd70dd9b054ff72521,False,,True
_MV1_WORK/I/PB1/M3A_MONOMIAL_PULLBACK_FACE_COLLISION_PB1/CODE_PRIMARY/verify_release.py,.py,2229,d93548cbbb92784c62eab5f8f826eb1d48b5c05601c008cac6acbc1d282081ca,False,,True
_MV1_WORK/I/PB1/M3A_MONOMIAL_PULLBACK_FACE_COLLISION_PB1/COMPARISON_POLICY.json,.json,716,33b414ef3a64818ddad3da3f3adf339b5bf7ed4d0416cf6bb2db5875ddc2f789,False,,True
_MV1_WORK/I/PB1/M3A_MONOMIAL_PULLBACK_FACE_COLLISION_PB1/COUNTEREXAMPLES_AND_CONTROLS.md,.md,12610,cb77e7d81da13169d4f5af2f27ecf412f5d5cb2a336152f4311b06c2c59b14ab,False,,True
_MV1_WORK/I/PB1/M3A_MONOMIAL_PULLBACK_FACE_COLLISION_PB1/DATA/direct_substitution.json,.json,678,182b2ccaee2a078f7806b6d9d260dcdbd53d34569b4e524cbe976f433117f981,False,,True
_MV1_WORK/I/PB1/M3A_MONOMIAL_PULLBACK_FACE_COLLISION_PB1/DATA/graded_convex.json,.json,488,312abc4280ec07ee3457b99eb46960abc9ce9cebf65053b1143b5fa31ce8af1f,False,,True
_MV1_WORK/I/PB1/M3A_MONOMIAL_PULLBACK_FACE_COLLISION_PB1/DATA/independent_javascript.json,.json,477,5b6999bb5b687521286c476cdf0e160ff4ef3412c647ca0514a6695cf739ad24,False,,True
_MV1_WORK/I/PB1/M3A_MONOMIAL_PULLBACK_FACE_COLLISION_PB1/DATA/primary_exact.json,.json,38305,9a54cdba15ffc2ca4417579204e341121807ab6c799b62a71857bd108dc2da8e,False,,True
_MV1_WORK/I/PB1/M3A_MONOMIAL_PULLBACK_FACE_COLLISION_PB1/DATA/random_census.json,.json,1229799,57a70416c951ed3f52b892086a8fa9b6a9ee47e3c98dc51641e32a060e8ed758,False,,True
_MV1_WORK/I/PB1/M3A_MONOMIAL_PULLBACK_FACE_COLLISION_PB1/DEFINITIONS_AND_CONVENTIONS.md,.md,1800,6936b57745e03132de48898e29f4cbc92d2a602722c3faa51ac68462bd00da06,False,,True
_MV1_WORK/I/PB1/M3A_MONOMIAL_PULLBACK_FACE_COLLISION_PB1/EA1_SCALAR_RAY_PULLBACK_COROLLARY.tex,.tex,1638,570822786f3c42643fec826ccd1ab582599ad9bae9a1a0f083b35c4df6bc729a,False,,True
_MV1_WORK/I/PB1/M3A_MONOMIAL_PULLBACK_FACE_COLLISION_PB1/ENVIRONMENT_SPECIFICATION.txt,.txt,910,cc92e861ccd2d347215f5cdbf1075f801a137f7636a1ff5eab3b75af6c4c16d1,False,,True
_MV1_WORK/I/PB1/M3A_MONOMIAL_PULLBACK_FACE_COLLISION_PB1/EXACT_MONOMIAL_PULLBACK_THEOREM.tex,.tex,2115,f52d706ada6a5c875526d5b2cc05538f7915e4d327251961f4536f2b3fc520c7,False,,True
_MV1_WORK/I/PB1/M3A_MONOMIAL_PULLBACK_FACE_COLLISION_PB1/EXPECTED/direct_substitution.json,.json,678,182b2ccaee2a078f7806b6d9d260dcdbd53d34569b4e524cbe976f433117f981,False,,True
_MV1_WORK/I/PB1/M3A_MONOMIAL_PULLBACK_FACE_COLLISION_PB1/EXPECTED/graded_convex.json,.json,488,312abc4280ec07ee3457b99eb46960abc9ce9cebf65053b1143b5fa31ce8af1f,False,,True
_MV1_WORK/I/PB1/M3A_MONOMIAL_PULLBACK_FACE_COLLISION_PB1/EXPECTED/independent_javascript.json,.json,477,5b6999bb5b687521286c476cdf0e160ff4ef3412c647ca0514a6695cf739ad24,False,,True
_MV1_WORK/I/PB1/M3A_MONOMIAL_PULLBACK_FACE_COLLISION_PB1/EXPECTED/primary_exact.json,.json,38305,9a54cdba15ffc2ca4417579204e341121807ab6c799b62a71857bd108dc2da8e,False,,True
_MV1_WORK/I/PB1/M3A_MONOMIAL_PULLBACK_FACE_COLLISION_PB1/EXPECTED/random_census.json,.json,1229799,57a70416c951ed3f52b892086a8fa9b6a9ee47e3c98dc51641e32a060e8ed758,False,,True
_MV1_WORK/I/PB1/M3A_MONOMIAL_PULLBACK_FACE_COLLISION_PB1/EXPECTED_CANONICAL.sha256,.sha256,668,7b93a31db5264f51830e03bb2b82f836fbe78ddaf8d4d78a37b2fd135a45d754,False,,False
_MV1_WORK/I/PB1/M3A_MONOMIAL_PULLBACK_FACE_COLLISION_PB1/EXPONENT_LATTICE_AND_COLLISION_FIBRES.md,.md,1245,f876fe18343030fd58e13c393015d44c3e1c3b62fa032fd211838df32319fa09,False,,True
_MV1_WORK/I/PB1/M3A_MONOMIAL_PULLBACK_FACE_COLLISION_PB1/FAILURE_LEDGER.md,.md,2802,32ab1c2eece629987938884ef604dd8c2b3e5e5b8dbe6de4f6dacee5ad07685f,False,,True
_MV1_WORK/I/PB1/M3A_MONOMIAL_PULLBACK_FACE_COLLISION_PB1/FINAL_PB1_REPORT.md,.md,10271,c1885ee545ddd23aabed363860701ec36f6a9bf1d7772b6d92d2405fea978236,False,,True
_MV1_WORK/I/PB1/M3A_MONOMIAL_PULLBACK_FACE_COLLISION_PB1/INPUT_ARCHIVES.sha256,.sha256,720,d27e2e1bd8e93eff01f8ae89a5dff496042ec8465c39b89dd8cf845d9ce16a61,False,,False
_MV1_WORK/I/PB1/M3A_MONOMIAL_PULLBACK_FACE_COLLISION_PB1/INPUTS/_ARC1_CORRECTED_WORK.zip,.zip,71692325,,False,,False
_MV1_WORK/I/PB1/M3A_MONOMIAL_PULLBACK_FACE_COLLISION_PB1/INPUTS/M3A_Diagonal_Family_Trichotomy_Paper_R1_2.pdf,.pdf,374126,4135498db2f973d8c3dbd4f77b8ebc94c2f3ea8bfc11e9dd710ef694b65d3222,False,,False
_MV1_WORK/I/PB1/M3A_MONOMIAL_PULLBACK_FACE_COLLISION_PB1/INPUTS/M3A_Diagonal_Family_Trichotomy_Paper_R1_2.tex,.tex,36123,c5e1d29848307e0b3852d962a6af843499524377ff72c97b647af03052e35009,False,,True
_MV1_WORK/I/PB1/M3A_MONOMIAL_PULLBACK_FACE_COLLISION_PB1/INPUTS/M3A_ENDPOINT_ACCESS_WORD_SUPPORT_EA1_R1_1.zip,.zip,143146908,,False,,False
_MV1_WORK/I/PB1/M3A_MONOMIAL_PULLBACK_FACE_COLLISION_PB1/INPUTS/M3A_ENDPOINT_ACCESS_WORD_SUPPORT_EA1_R1_1.zip.sha256,.sha256,112,34d649d59d30f1eee4a0640a48b354fb0b7ba698578660fefd484fe2df54caad,False,,False
_MV1_WORK/I/PB1/M3A_MONOMIAL_PULLBACK_FACE_COLLISION_PB1/INPUTS/WORKSTATION_PB1_MONOMIAL_PULLBACK_FACE_COLLISION_MASTER_PROMPT.md,.md,27876,f3576bc6558648f44aa57c5268e730076303957db8c1a87418ec915c11012cff,False,,True
_MV1_WORK/I/PB1/M3A_MONOMIAL_PULLBACK_FACE_COLLISION_PB1/MANIFEST.sha256,.sha256,5363,e58bfc5dcce6b148d32999bc4d486210e730251a760f14d7d2ddb9dee3db87a1,False,,False
_MV1_WORK/I/PB1/M3A_MONOMIAL_PULLBACK_FACE_COLLISION_PB1/MANIFEST_POLICY.md,.md,1495,08ecde1cd8fb9827779660d1dbb3f4d25bd81d30255ab969ff1e9935940b8457,False,,True
_MV1_WORK/I/PB1/M3A_MONOMIAL_PULLBACK_FACE_COLLISION_PB1/MONOMIAL_LEADING_ANALYTIC_CLOCK_THEOREM.tex,.tex,2287,62769f13f95f55a5444e50c934ca6c3c64683e0d3df3e60aeb28737e198584d1,False,,True
_MV1_WORK/I/PB1/M3A_MONOMIAL_PULLBACK_FACE_COLLISION_PB1/MONOMIAL_PULLBACK_COMPOSITION_THEOREM.tex,.tex,1538,fe381daf4db2494272df24929454ce06e1c33327d0703777116bda28c9f3023f,False,,True
_MV1_WORK/I/PB1/M3A_MONOMIAL_PULLBACK_FACE_COLLISION_PB1/MV1_HANDOFF.md,.md,2407,bd22af5ebe44133d30bbe5e5833eb90eafb6d50703b3cc6de6f137e07d471221,False,,True
_MV1_WORK/I/PB1/M3A_MONOMIAL_PULLBACK_FACE_COLLISION_PB1/NAIVE_IMAGE_VERSUS_ACTUAL_SUPPORT.tex,.tex,2006,a9d6302da6f0f55995655e1b40c5eb402f549540aad4b68fd2edb10d3af3c54c,False,,True
_MV1_WORK/I/PB1/M3A_MONOMIAL_PULLBACK_FACE_COLLISION_PB1/ONE_PARAMETER_FACE_COEFFICIENT_THEOREM.tex,.tex,1376,3e41b18595d28e4776c06703529ddbbe2ee33a9668660495130518fa9b1e1802,False,,True
_MV1_WORK/I/PB1/M3A_MONOMIAL_PULLBACK_FACE_COLLISION_PB1/PB1_EXACT_CERTIFICATES.json,.json,38305,9a54cdba15ffc2ca4417579204e341121807ab6c799b62a71857bd108dc2da8e,False,,True
_MV1_WORK/I/PB1/M3A_MONOMIAL_PULLBACK_FACE_COLLISION_PB1/PB1_RANDOM_CENSUS.json,.json,1229799,57a70416c951ed3f52b892086a8fa9b6a9ee47e3c98dc51641e32a060e8ed758,False,,True
_MV1_WORK/I/PB1/M3A_MONOMIAL_PULLBACK_FACE_COLLISION_PB1/POST_CANCELLATION_JET_FIREWALL.md,.md,1361,eb9dec00465b146f3cb8e8179abba4f0a639b83d9897690a4d0c71d05d09345f,False,,True
_MV1_WORK/I/PB1/M3A_MONOMIAL_PULLBACK_FACE_COLLISION_PB1/PRIOR_ART_AUDIT.md,.md,5154,66166e8079c3944c83a509a2bec5bc0ab9c86aa363026112b6da85e70895368a,False,,True
_MV1_WORK/I/PB1/M3A_MONOMIAL_PULLBACK_FACE_COLLISION_PB1/R1_2_FIXED_FIBRE_PULLBACK_RECOVERY.md,.md,1436,90c92284ab11df0306d43c0ca27db0984e6433fdaa9dadc9dfdb62229a917d7d,False,,True
_MV1_WORK/I/PB1/M3A_MONOMIAL_PULLBACK_FACE_COLLISION_PB1/REPRODUCE.sh,.sh,833,0cd59e307ecc1dcbd166792d137ac7e4853b8bcbd2f03ae31cf5e3b5d01efe11,False,,True
_MV1_WORK/I/PB1/M3A_MONOMIAL_PULLBACK_FACE_COLLISION_PB1/REPRODUCIBILITY_PROTOCOL.md,.md,1379,e608627ef4cafe03607182d1a9fe52272867a2b581fb635aa8be9e9f12096c66,False,,True
_MV1_WORK/I/POLY/M3A_000029_exact_polynomial_certificate/code/verify_m3a_000029.py,.py,2228,c24b59c0f441a2f80ce53b6cad66b99bf6401f509f41a6cd64b984afae559c14,False,,True
_MV1_WORK/I/POLY/M3A_000029_exact_polynomial_certificate/MANIFEST.sha256,.sha256,651,4c1cc046190d3e94c103d5854d2dd3c230762474d26fd50be50c29417550a6d4,False,,False
_MV1_WORK/I/POLY/M3A_000029_exact_polynomial_certificate/outputs/exact_results.json,.json,12055,c174aa5abb9385425e2b31476c2d12d4eced0863eca045ec701a84b79c20ea2a,False,,True
_MV1_WORK/I/POLY/M3A_000029_exact_polynomial_certificate/outputs/verification_report.txt,.txt,1145,409a89e1c77538d150b2b6d421fdf0ccd3b0c490df059068609bdd5c5560cd06,False,,True
_MV1_WORK/I/POLY/M3A_000029_exact_polynomial_certificate/README.md,.md,759,9920747c88e006108a796cd96b2e5ae47fe4d5241bf65853f2b7b1c34bb457ce,False,,True
_MV1_WORK/I/POLY/M3A_000029_exact_polynomial_certificate/report/M3A_000029_resolvent_certificate.md,.md,6691,bb3fab6e52505f6f29ec2d2546cc2d5b16868b4fee297d0201d21d498e6682ae,False,,True
_MV1_WORK/I/POLY/M3A_000029_exact_polynomial_certificate/source/M3A_000029_record.json,.json,1072,fc91004487424b75b59a9cd1bd247a5f4a784fa2ed0aa6ec87280acb89f7e2df,False,,True
_MV1_WORK/I/POLY/M3A_000029_exact_polynomial_certificate/source/PROVENANCE.md,.md,579,627384a87e18ade38e5b1fbba3144cb3fedbe4ad1bc0e698133876910e659ffa,False,,True
_NP1_WORK.zip,.zip,71007853,,False,,False
_NP1_WORK/BASELINE/M3A_DIAGONAL_FAMILY_TRICHOTOMY_TF1/ASSUMPTIONS_LOCK.md,.md,1680,1a255b18a9cd45195b9446c01fea27a64f2a50aa2a5c7f3e5bdba519efe35026,True,utf-8-sig,False
_NP1_WORK/BASELINE/M3A_DIAGONAL_FAMILY_TRICHOTOMY_TF1/CLAIM_AND_NOVELTY_LEDGER.md,.md,1611,a41b89e7f4c8719d32abc85efe7873896751f6db5a97e04dfbe147fa41e84f47,True,utf-8-sig,False
_NP1_WORK/BASELINE/M3A_DIAGONAL_FAMILY_TRICHOTOMY_TF1/CODE_PRIMARY/integrity_gate.ps1,.ps1,5814,a82b968e581feda6758c1f9eacd0804992ffccf445f88625370f6b860d320cfd,True,utf-8-sig,False
_NP1_WORK/BASELINE/M3A_DIAGONAL_FAMILY_TRICHOTOMY_TF1/COMPARISON_POLICY.json,.json,543,51e49ab6e83a177a64a568800ca4138f012ed0bfd883e3d8d31419f0d44da5cf,True,utf-8-sig,False
_NP1_WORK/BASELINE/M3A_DIAGONAL_FAMILY_TRICHOTOMY_TF1/COUNTEREXAMPLES_AND_SCOPE.md,.md,1363,00f31c0f04e5e6fe1cd1cb8530d82432ae7be198905f5512497d0193249b62ef,True,utf-8-sig,False
_NP1_WORK/BASELINE/M3A_DIAGONAL_FAMILY_TRICHOTOMY_TF1/DATA/independent_a.json,.json,517,b0f41b7518e6cc130ceb84e939ee6b843bf68620e30fb3775b70785d0befbfdb,True,utf-8-sig,False
_NP1_WORK/BASELINE/M3A_DIAGONAL_FAMILY_TRICHOTOMY_TF1/DATA/independent_b.json,.json,14275,ee278fc5065789417fcb0ceba1338a95966ac17fcf5d15951126bca39b10a3a6,True,utf-8-sig,False
_NP1_WORK/BASELINE/M3A_DIAGONAL_FAMILY_TRICHOTOMY_TF1/DATA/integrity_gate.json,.json,1357,e652d65adcea90a0f24f634eeeba125d99c9ead5741adb86560fd3069a039faf,True,utf-8-sig,False
_NP1_WORK/BASELINE/M3A_DIAGONAL_FAMILY_TRICHOTOMY_TF1/DATA/primary.json,.json,13856,b928506a7b82c7b055eb8f691e99ba4c25617165a7b556d37804a99e63b8dd1a,True,utf-8-sig,False
_NP1_WORK/BASELINE/M3A_DIAGONAL_FAMILY_TRICHOTOMY_TF1/DATA/TF1_CONTROLS.json,.json,2159,57a65bd60519300e36bfddf482afb14a0c5b3d40af5f467497ac9cba422af1e4,True,utf-8-sig,False
_NP1_WORK/BASELINE/M3A_DIAGONAL_FAMILY_TRICHOTOMY_TF1/DENOMINATOR_AND_CANCELLATION_AUDIT.md,.md,3080,72bfbdd6e503de0da8e607444ccb84acd4eda013b89fa125a04849dc05357f92,True,utf-8-sig,False
_NP1_WORK/BASELINE/M3A_DIAGONAL_FAMILY_TRICHOTOMY_TF1/DIAGONAL_FAMILY_TRICHOTOMY_THEOREM.tex,.tex,1953,ba207dce7eed7f7f1e77eefc090c681e97ded0b460594401af51f219873f143d,True,utf-8-sig,False
_NP1_WORK/BASELINE/M3A_DIAGONAL_FAMILY_TRICHOTOMY_TF1/ENDPOINT_SUPPORT_BOUND.md,.md,937,8675304a40cfc8cdf057181f9d25b39c45e56855f0451d86b16b2cded3c5122d,True,utf-8-sig,False
_NP1_WORK/BASELINE/M3A_DIAGONAL_FAMILY_TRICHOTOMY_TF1/ENVIRONMENT_SPECIFICATION.txt,.txt,549,9cbed4153221562f746251dae83015365f06deb0ecf6424f47610ee2dbd5be37,True,utf-8-sig,False
_NP1_WORK/BASELINE/M3A_DIAGONAL_FAMILY_TRICHOTOMY_TF1/EXACT_DARK_COMPONENT_DECOMPOSITION.md,.md,1509,0cd77e2e8a399c272e974b383d657e74b798c27bb6b882144e7d60a64a055a5b,True,utf-8-sig,False
_NP1_WORK/BASELINE/M3A_DIAGONAL_FAMILY_TRICHOTOMY_TF1/EXACT_FAMILY_NUMERATOR_THEOREM.tex,.tex,1175,8916652f8d34f17deb684bfe9ec9f92a4c1cb7310fd554702ab13abd1eef4967,True,utf-8-sig,False
_NP1_WORK/BASELINE/M3A_DIAGONAL_FAMILY_TRICHOTOMY_TF1/EXPECTED/independent_a.json,.json,517,b0f41b7518e6cc130ceb84e939ee6b843bf68620e30fb3775b70785d0befbfdb,False,,True
_NP1_WORK/BASELINE/M3A_DIAGONAL_FAMILY_TRICHOTOMY_TF1/EXPECTED/independent_b.json,.json,14275,ee278fc5065789417fcb0ceba1338a95966ac17fcf5d15951126bca39b10a3a6,False,,True
_NP1_WORK/BASELINE/M3A_DIAGONAL_FAMILY_TRICHOTOMY_TF1/EXPECTED/primary.json,.json,13856,b928506a7b82c7b055eb8f691e99ba4c25617165a7b556d37804a99e63b8dd1a,False,,True
_NP1_WORK/BASELINE/M3A_DIAGONAL_FAMILY_TRICHOTOMY_TF1/EXPECTED_CANONICAL.sha256,.sha256,249,295596b2fcde47b2add4ca6eafc955650938cebe5193a7097fe74ebbb2b5cef6,False,,False
_NP1_WORK/BASELINE/M3A_DIAGONAL_FAMILY_TRICHOTOMY_TF1/FAILURE_LEDGER.md,.md,949,e21a96510e51eff9e671b3ea6f548989ec7afec022cfbd6f47d4c6d9c401f44b,True,utf-8-sig,False
_NP1_WORK/BASELINE/M3A_DIAGONAL_FAMILY_TRICHOTOMY_TF1/FINAL_TF1_ASSESSMENT.md,.md,2383,05d232359de30deb5bf87ab38b39ed0d60c2bc236e5e5bdc7fda30f8f75c4436,True,utf-8-sig,False
_NP1_WORK/BASELINE/M3A_DIAGONAL_FAMILY_TRICHOTOMY_TF1/INPUT_ARCHIVES.sha256,.sha256,989,2e80c8b443b97a26eb07a751f576f682ff7ebdc0c978454219b0ccf1f0acf652,False,,False
_NP1_WORK/BASELINE/M3A_DIAGONAL_FAMILY_TRICHOTOMY_TF1/INPUTS/M3A_000029_exact_polynomial_certificate.zip,.zip,9415,6ec4425d54a3e69a10a91fa0d56c9241b67fdbfb1bc71428664cf3752eb5e72e,False,,False
_NP1_WORK/BASELINE/M3A_DIAGONAL_FAMILY_TRICHOTOMY_TF1/INPUTS/M3A_000029_FIRST_PRINCIPLES_REDERIVATION_POSITIVE_WEIGHT_THEOREM.zip,.zip,16419,278ec717a037d694014c25a86959818102e37a4985fca5251608b471db2b3640,False,,False
_NP1_WORK/BASELINE/M3A_DIAGONAL_FAMILY_TRICHOTOMY_TF1/INPUTS/M3A_000029_SINGLE_PATH_POSITIVE_WEIGHT_THEOREM_LOCKED_v1_0.tex,.tex,10433,133878b890ac3982e1757766d0d236069298106aae8e910e5b7460614fc30249,False,,True
_NP1_WORK/BASELINE/M3A_DIAGONAL_FAMILY_TRICHOTOMY_TF1/INPUTS/M3A_000029_SINGLE_PATH_POSITIVE_WEIGHT_THEOREM_LOCKED_v1_0.tex.sha256,.sha256,129,c7437d9b2a8853b58b8a0801a620eac840619927d29da758da1019b6a15733d2,False,,False
_NP1_WORK/BASELINE/M3A_DIAGONAL_FAMILY_TRICHOTOMY_TF1/INPUTS/M3A_POSITIVE_WEIGHT_DOMINANCE_THEOREM_NUCLEUS_TC1.zip,.zip,18140743,07d91b3596298d349bfca3ec2c544e749e580be0b3f4a3899dac3c35b71bb15d,False,,False
_NP1_WORK/BASELINE/M3A_DIAGONAL_FAMILY_TRICHOTOMY_TF1/INPUTS/STAGE_C5_M3A_EXACT_FIRST_INVERSE_DESIGN_2026-07-31_R1_0.zip,.zip,5165673,c131293afd71a15f5c254071a83ae848f859bc3d1f3655986b3a463256eb8534,False,,False
_NP1_WORK/BASELINE/M3A_DIAGONAL_FAMILY_TRICHOTOMY_TF1/INPUTS/TF1_DIAGONAL_FAMILY_TRICHOTOMY_AUDIT_PROMPT.md,.md,17836,71284d17d71d483f72ddcc29f350d70e4503efd736b95b9b26792e7d66c58b79,True,utf-8-sig,False
_NP1_WORK/BASELINE/M3A_DIAGONAL_FAMILY_TRICHOTOMY_TF1/INPUTS/TF1_DIAGONAL_FAMILY_TRICHOTOMY_AUDIT_PROMPT.md.sha256,.sha256,113,ed144e525028ef5cc6dc9d8255da90a6308e7fb1fd386b20306d5e17d45f6108,False,,False
_NP1_WORK/BASELINE/M3A_DIAGONAL_FAMILY_TRICHOTOMY_TF1/INVERSE_CONSTRUCTIONS.md,.md,520,24243dabae7cefd6d8e519d3b18a3c590d04aebeb74699fef1376b96d84895c4,True,utf-8-sig,False
_NP1_WORK/BASELINE/M3A_DIAGONAL_FAMILY_TRICHOTOMY_TF1/LEADING_COEFFICIENT_CERTIFICATES.json,.json,848,2983a59cfb2751a735c698556085ab3e2a68bed6b44473e8482f978bc396c195,True,utf-8-sig,False
_NP1_WORK/BASELINE/M3A_DIAGONAL_FAMILY_TRICHOTOMY_TF1/M3A_TF1_R1_1_CHANGELOG.md,.md,1639,327f80aa28b0eb5b91574ac1a98f29a6cea76644f83b8874de366e43382a1803,True,utf-8-sig,False
_NP1_WORK/BASELINE/M3A_DIAGONAL_FAMILY_TRICHOTOMY_TF1/MANIFEST.sha256,.sha256,5092,5d8b3e1f4b51b47ba14d90c1927c4a6bd0e3fead0c94aa3a52e8c3c4f691b7df,False,,False
_NP1_WORK/BASELINE/M3A_DIAGONAL_FAMILY_TRICHOTOMY_TF1/MANIFEST_POLICY.md,.md,571,7b8d5c0ddd46daa83b83fc90f9d77df7123b90cbaea5b68cf0938b1d78ae5948,True,utf-8-sig,False
_NP1_WORK/BASELINE/M3A_DIAGONAL_FAMILY_TRICHOTOMY_TF1/MOMENT_WORD_PROOF.md,.md,1394,de958130db6cac79c7ffb4ef1dd8af47ded096ff4feb92023ebbec0f0f3aa690,True,utf-8-sig,False
_NP1_WORK/BASELINE/M3A_DIAGONAL_FAMILY_TRICHOTOMY_TF1/PAPER_POSITIONING_HANDOFF.md,.md,992,e9551ac68bb66c97f8f2b90c0269205b57c7eaa07979c834865e612843f2f748,True,utf-8-sig,False
_NP1_WORK/BASELINE/M3A_DIAGONAL_FAMILY_TRICHOTOMY_TF1/POSITIVE_WEIGHT_FAMILY_THEOREM.tex,.tex,2736,5cb8650a21e09fc86bc09869badaa28a79454301a9651715c94f1f4922917271,True,utf-8-sig,False
_NP1_WORK/BASELINE/M3A_DIAGONAL_FAMILY_TRICHOTOMY_TF1/PRIOR_ART_AUDIT.md,.md,4159,13246c701c66d4a1de3f17cdddf9d79d1c026a65273f373e028e2656941d0dee,True,utf-8-sig,False
_NP1_WORK/BASELINE/M3A_DIAGONAL_FAMILY_TRICHOTOMY_TF1/RAW_FAMILY_MODEL.json,.json,695,703b2b23f9a362e8fe991db3c54ecc8f6948152aa88eaf0443e454cfa05ecc4f,True,utf-8-sig,False
_NP1_WORK/BASELINE/M3A_DIAGONAL_FAMILY_TRICHOTOMY_TF1/REPRODUCE.sh,.sh,6741,4b722863a29051405b46f9d0a790a776d22dac90a30a7e1de6630a01f8a4fae8,True,utf-8-sig,False
_NP1_WORK/BASELINE/M3A_DIAGONAL_FAMILY_TRICHOTOMY_TF1/REPRODUCIBILITY_PROTOCOL.md,.md,924,250daa28acffd16c7f1f3738d92df27b9b892bac71068ed136c25709c0272089,True,utf-8-sig,False
_NP1_WORK/BASELINE/M3A_DIAGONAL_FAMILY_TRICHOTOMY_TF1/SYZYGY_CERTIFICATE.md,.md,576,8295595e3519f6e985bd74ded18155b43d68367b6f54112f9992e834edcfc6bf,True,utf-8-sig,False
_NP1_WORK/FRESH_VERIFY_R1_0/M3A_NEWTON_PROTOCOL_ATLAS_NP1/ARC1_HANDOFF.md,.md,687,dc906e353dd4a358b03a782b8c25c356a11e158ef0f209f49c488944fbe90ab3,False,,True
_NP1_WORK/FRESH_VERIFY_R1_0/M3A_NEWTON_PROTOCOL_ATLAS_NP1/ASSUMPTIONS_LOCK.md,.md,1700,a73ed2f93140154779fdabf39ce56bfa0bb5bef21f3c648afc87b14a01e22e8b,False,,True
_NP1_WORK/FRESH_VERIFY_R1_0/M3A_NEWTON_PROTOCOL_ATLAS_NP1/ATLAS_TABLE.md,.md,1019,1ffd3487e8094a2f34abf5f185d38b115eae2eacc9fa2e40c04cd9e4b77ab5df,False,,True
_NP1_WORK/FRESH_VERIFY_R1_0/M3A_NEWTON_PROTOCOL_ATLAS_NP1/CLAIM_AND_NOVELTY_LEDGER.md,.md,1333,bdd1213684a2b1606c6d224422fab0f9031968627077276a5c0b2ccb919837d3,False,,True
_NP1_WORK/FRESH_VERIFY_R1_0/M3A_NEWTON_PROTOCOL_ATLAS_NP1/CODE_INDEPENDENT_A/word_enumeration.py,.py,4426,60bb1dda20a220025621a40160f9c254c52b825247722e6a6d99002fcf1c28e9,False,,True
_NP1_WORK/FRESH_VERIFY_R1_0/M3A_NEWTON_PROTOCOL_ATLAS_NP1/CODE_PRIMARY/integrity_gate.py,.py,3076,84fb089667952798a27b67bb55ac715245b6d409a0c5f5baa2c59d82b4780424,False,,True
_NP1_WORK/FRESH_VERIFY_R1_0/M3A_NEWTON_PROTOCOL_ATLAS_NP1/CODE_PRIMARY/verify_package.py,.py,1494,5a657232d6d31d6440013467e023dd1331b5225b7bf52bd23ee35a3908c86f9a,False,,True
_NP1_WORK/FRESH_VERIFY_R1_0/M3A_NEWTON_PROTOCOL_ATLAS_NP1/COMPARISON_POLICY.json,.json,716,26e5601dea62fbc27679f6a2ade50b610f26ebccb84aa87942be2589235fbf8e,False,,True
_NP1_WORK/FRESH_VERIFY_R1_0/M3A_NEWTON_PROTOCOL_ATLAS_NP1/COUNTEREXAMPLES_AND_CONTROLS.md,.md,3614,081c9c25ec65821c23b19443515fccfe5d1ad2fefe6fc2d0cc88f6a88f3b7748,False,,True
_NP1_WORK/FRESH_VERIFY_R1_0/M3A_NEWTON_PROTOCOL_ATLAS_NP1/DATA/comparison.json,.json,658,08ab25a962c731e1970bb5bc93d8998c0f3c6f7f65fae46d09aada70a3f43fb8,False,,True
_NP1_WORK/FRESH_VERIFY_R1_0/M3A_NEWTON_PROTOCOL_ATLAS_NP1/DATA/independent_a.json,.json,14158,69bfacc4a2ec83aa0f4ec343096e0445d452085243e4ca7b2cec7834e213afa8,False,,True
_NP1_WORK/FRESH_VERIFY_R1_0/M3A_NEWTON_PROTOCOL_ATLAS_NP1/DATA/independent_b.json,.json,1238,5832c7491ea19ac4b35220143001f65f0730d2205a3ebce7d5e52e5658731a80,False,,True
_NP1_WORK/FRESH_VERIFY_R1_0/M3A_NEWTON_PROTOCOL_ATLAS_NP1/DATA/integrity.json,.json,241,96c3ddbdbf8ee4f8341da668a2713c0b12695172e245981435765cf863c35501,False,,True
_NP1_WORK/FRESH_VERIFY_R1_0/M3A_NEWTON_PROTOCOL_ATLAS_NP1/DATA/primary.json,.json,14142,f3ec66c586d8b6af6a2470bd87f4ff5fc2917ab04c8a6a362d3a385a123aa6b3,False,,True
_NP1_WORK/FRESH_VERIFY_R1_0/M3A_NEWTON_PROTOCOL_ATLAS_NP1/ENVIRONMENT_SPECIFICATION.txt,.txt,669,6d099c54d1be72be9103d97bbf2c069a60fb837bde721df262229a45bcd9f03c,False,,True
_NP1_WORK/FRESH_VERIFY_R1_0/M3A_NEWTON_PROTOCOL_ATLAS_NP1/EXACT_DARK_FIBRE_CERTIFICATE.json,.json,521,744b1ef6042242d7c8378ae528d83835c8280660f3c4ecc1920912bffe6377f5,False,,True
_NP1_WORK/FRESH_VERIFY_R1_0/M3A_NEWTON_PROTOCOL_ATLAS_NP1/EXPECTED/comparison.json,.json,658,08ab25a962c731e1970bb5bc93d8998c0f3c6f7f65fae46d09aada70a3f43fb8,False,,True
_NP1_WORK/FRESH_VERIFY_R1_0/M3A_NEWTON_PROTOCOL_ATLAS_NP1/EXPECTED/independent_a.json,.json,14158,69bfacc4a2ec83aa0f4ec343096e0445d452085243e4ca7b2cec7834e213afa8,False,,True
_NP1_WORK/FRESH_VERIFY_R1_0/M3A_NEWTON_PROTOCOL_ATLAS_NP1/EXPECTED/independent_b.json,.json,1238,5832c7491ea19ac4b35220143001f65f0730d2205a3ebce7d5e52e5658731a80,False,,True
_NP1_WORK/FRESH_VERIFY_R1_0/M3A_NEWTON_PROTOCOL_ATLAS_NP1/EXPECTED/integrity.json,.json,241,96c3ddbdbf8ee4f8341da668a2713c0b12695172e245981435765cf863c35501,False,,True
_NP1_WORK/FRESH_VERIFY_R1_0/M3A_NEWTON_PROTOCOL_ATLAS_NP1/EXPECTED/primary.json,.json,14142,f3ec66c586d8b6af6a2470bd87f4ff5fc2917ab04c8a6a362d3a385a123aa6b3,False,,True
_NP1_WORK/FRESH_VERIFY_R1_0/M3A_NEWTON_PROTOCOL_ATLAS_NP1/EXPECTED_CANONICAL.sha256,.sha256,457,d39da9bbd95374efa9f3188d0032c22357670f81bf6d1ceb46e7d712ba05fc93,False,,False
_NP1_WORK/FRESH_VERIFY_R1_0/M3A_NEWTON_PROTOCOL_ATLAS_NP1/FAILURE_LEDGER.md,.md,1059,2d4d07bcc60ee730fe5d048256dc571f77fe877ecc748b0b2fe5d28693157766,False,,True
_NP1_WORK/FRESH_VERIFY_R1_0/M3A_NEWTON_PROTOCOL_ATLAS_NP1/FIBREWISE_ARC1_FIREWALL.md,.md,900,a6057270c50267a27d502041483fa12788c9b2d8e634b586cb0bbf9ecdd49cd6,False,,True
_NP1_WORK/FRESH_VERIFY_R1_0/M3A_NEWTON_PROTOCOL_ATLAS_NP1/FINAL_NP1_ASSESSMENT.md,.md,1201,6948379a877b50804428c9e90283bf4df9102bf21c206470d9d6fcab2c203995,False,,True
_NP1_WORK/FRESH_VERIFY_R1_0/M3A_NEWTON_PROTOCOL_ATLAS_NP1/INPUT_ARCHIVES.sha256,.sha256,1350,06392e454d571d008542c7773a3898b61dfab724893d894fe352f624764fa32d,False,,False
_NP1_WORK/FRESH_VERIFY_R1_0/M3A_NEWTON_PROTOCOL_ATLAS_NP1/INPUTS/M3A_000029_SINGLE_PATH_POSITIVE_WEIGHT_THEOREM_LOCKED_v1_0.tex,.tex,10433,133878b890ac3982e1757766d0d236069298106aae8e910e5b7460614fc30249,False,,True
_NP1_WORK/FRESH_VERIFY_R1_0/M3A_NEWTON_PROTOCOL_ATLAS_NP1/INPUTS/M3A_000029_SINGLE_PATH_POSITIVE_WEIGHT_THEOREM_LOCKED_v1_0.tex.sha256,.sha256,129,c7437d9b2a8853b58b8a0801a620eac840619927d29da758da1019b6a15733d2,False,,False
_NP1_WORK/FRESH_VERIFY_R1_0/M3A_NEWTON_PROTOCOL_ATLAS_NP1/INPUTS/M3A_Diagonal_Family_Trichotomy_Paper_R1_1.pdf,.pdf,357423,36b27ccef80998fd43517be20d7915772d24a8f9d055b8abd0532054761f0013,False,,False
_NP1_WORK/FRESH_VERIFY_R1_0/M3A_NEWTON_PROTOCOL_ATLAS_NP1/INPUTS/M3A_Diagonal_Family_Trichotomy_Paper_R1_1.pdf.sha256,.sha256,112,7bae86c25ba60d7ab42bb908b644aba413792d28fa301491231ddd5e2b2d4096,False,,False
_NP1_WORK/FRESH_VERIFY_R1_0/M3A_NEWTON_PROTOCOL_ATLAS_NP1/INPUTS/M3A_Diagonal_Family_Trichotomy_Paper_R1_1.tex,.tex,28225,1b8d04a04dcf5941566368b261932e78c7773beb83b8816af35de1ebb3902d6e,False,,True
_NP1_WORK/FRESH_VERIFY_R1_0/M3A_NEWTON_PROTOCOL_ATLAS_NP1/INPUTS/M3A_Diagonal_Family_Trichotomy_Paper_R1_1.tex.sha256,.sha256,112,b30647c671b0e8a56d520b7759895f6d2287dba324ef2032ab0a3a6c5c176ecc,False,,False
_NP1_WORK/FRESH_VERIFY_R1_0/M3A_NEWTON_PROTOCOL_ATLAS_NP1/INPUTS/M3A_DIAGONAL_FAMILY_TRICHOTOMY_TF1_R1_1.zip,.zip,23380247,,False,,False
_NP1_WORK/FRESH_VERIFY_R1_0/M3A_NEWTON_PROTOCOL_ATLAS_NP1/INPUTS/M3A_DIAGONAL_FAMILY_TRICHOTOMY_TF1_R1_1.zip.sha256,.sha256,110,4e5057b2eee23bd649f65eb26cdac1cad288b2de51da8a1850ecaa57c3471b58,False,,False
_NP1_WORK/FRESH_VERIFY_R1_0/M3A_NEWTON_PROTOCOL_ATLAS_NP1/INPUTS/M3A_NP1_EXTRA_MATH_AUDIT.md,.md,5642,36cc9c678857fe00dff90658aaf3aaf2050d30c30f3d90a9edd8053b06ce2466,False,,True
_NP1_WORK/FRESH_VERIFY_R1_0/M3A_NEWTON_PROTOCOL_ATLAS_NP1/INPUTS/M3A_TF1_R1_1_IMPLEMENTATION_REPORT.md,.md,6940,f159de05f0f628126787ecbf3d0f3289a5a790fd609412d21fc6b516ab776140,False,,True
_NP1_WORK/FRESH_VERIFY_R1_0/M3A_NEWTON_PROTOCOL_ATLAS_NP1/INPUTS/WORKSTATION_NP1_NEWTON_PROTOCOL_ATLAS_MASTER_PROMPT.md,.md,16441,3d93e38ca272cbb23b289c7dbd04be2af4aa6e0e0d298bfde5789ee7322908cc,False,,True
_NP1_WORK/FRESH_VERIFY_R1_0/M3A_NEWTON_PROTOCOL_ATLAS_NP1/MANIFEST.sha256,.sha256,5252,e0b97616a89f871286c106391f1f92032f4b38e86fe101b46e77ee09f77e81db,False,,False
_NP1_WORK/FRESH_VERIFY_R1_0/M3A_NEWTON_PROTOCOL_ATLAS_NP1/MANIFEST_POLICY.md,.md,1056,d11a7e51afbb48eeecf5290940bf5766f2c8cfbcd3d00f57d70864570a74c59b,False,,True
_NP1_WORK/FRESH_VERIFY_R1_0/M3A_NEWTON_PROTOCOL_ATLAS_NP1/MOMENT_SUPPORT_CERTIFICATE.md,.md,1487,e13775cb015cf073a79f728178a8215db625d74c7a546f664525734ef685c889,False,,True
_NP1_WORK/FRESH_VERIFY_R1_0/M3A_NEWTON_PROTOCOL_ATLAS_NP1/NEWTON_FIBRE_TRICHOTOMY_THEOREM.tex,.tex,1372,09a875c2c1e39d205d503351d0bed6ebff6a3645f319cbb32b167ee16aa720b8,False,,True
_NP1_WORK/FRESH_VERIFY_R1_0/M3A_NEWTON_PROTOCOL_ATLAS_NP1/NEWTON_PROTOCOL_DEFINITIONS.tex,.tex,1508,422ca09c666d461dc6bfa3f13d1132edd4e1a0398c2c85d67eb5c34821824f5b,False,,True
_NP1_WORK/FRESH_VERIFY_R1_0/M3A_NEWTON_PROTOCOL_ATLAS_NP1/NORMAL_CONE_AND_TROPICAL_AUDIT.md,.md,1454,d894d8639269e65dd263fdf8ddec6819dfef3aa2b018e4c7d6393a24d5185c1d,False,,True
_NP1_WORK/FRESH_VERIFY_R1_0/M3A_NEWTON_PROTOCOL_ATLAS_NP1/NUMERATOR_TROPICALISATION_FIREWALL.md,.md,895,ddc365b1b2952760d65742563169fdbdbcd145c9991b01da83c52e3633117301,False,,True
_NP1_WORK/FRESH_VERIFY_R1_0/M3A_NEWTON_PROTOCOL_ATLAS_NP1/POSITIVE_PROTOCOL_FACE_THEOREM.tex,.tex,1245,161755513a6780be0be79abcbcd2c445537d68fd6b263821e0d0602bdc127bcb,False,,True
_NP1_WORK/FRESH_VERIFY_R1_0/M3A_NEWTON_PROTOCOL_ATLAS_NP1/PRIOR_ART_AUDIT.md,.md,2697,05bffacadb7c9b9d2dafe78ad3aad9412f2d785c85a748ca9112fbdf9a0ca8f2,False,,True
_NP1_WORK/FRESH_VERIFY_R1_0/M3A_NEWTON_PROTOCOL_ATLAS_NP1/REPRODUCE.sh,.sh,1303,921f9df39fbca405c3770ae66425268a56b701e11911da5922c00a525a226a94,False,,True
_NP1_WORK/FRESH_VERIFY_R1_0/M3A_NEWTON_PROTOCOL_ATLAS_NP1/REPRODUCIBILITY_PROTOCOL.md,.md,1183,a23d0f95ee7e9978c670c5c554e7318fa927cafcc7fc133bc14be23742812907,False,,True
_NP1_WORK/FRESH_VERIFY_R1_0/M3A_NEWTON_PROTOCOL_ATLAS_NP1/STRATUM_I_CERTIFICATE.json,.json,529,80f7ee4f69755c14e8a9363851c4262c0a3bddd102714a11b29e46caed08e0b7,False,,True
_NP1_WORK/FRESH_VERIFY_R1_0/M3A_NEWTON_PROTOCOL_ATLAS_NP1/STRATUM_II_CERTIFICATE.json,.json,754,f0331f5d63c604bcc994b74347e4397b650d8b43a6913a17ec4232ecd4a07e82,False,,True
_NP1_WORK/FRESH_VERIFY_R1_0/M3A_NEWTON_PROTOCOL_ATLAS_NP1/TRANSFORMED_RESOLVENT_THEOREM.tex,.tex,1670,db838785f01eb0225777d54b1aa99ead3f340479bea193f6f5dda0aa03aa4328,False,,True
_NP1_WORK/M3A_NEWTON_PROTOCOL_ATLAS_NP1/ARC1_HANDOFF.md,.md,687,dc906e353dd4a358b03a782b8c25c356a11e158ef0f209f49c488944fbe90ab3,False,,True
_NP1_WORK/M3A_NEWTON_PROTOCOL_ATLAS_NP1/ASSUMPTIONS_LOCK.md,.md,1700,a73ed2f93140154779fdabf39ce56bfa0bb5bef21f3c648afc87b14a01e22e8b,False,,True
_NP1_WORK/M3A_NEWTON_PROTOCOL_ATLAS_NP1/ATLAS_TABLE.md,.md,1019,1ffd3487e8094a2f34abf5f185d38b115eae2eacc9fa2e40c04cd9e4b77ab5df,False,,True
_NP1_WORK/M3A_NEWTON_PROTOCOL_ATLAS_NP1/CLAIM_AND_NOVELTY_LEDGER.md,.md,1333,bdd1213684a2b1606c6d224422fab0f9031968627077276a5c0b2ccb919837d3,False,,True
_NP1_WORK/M3A_NEWTON_PROTOCOL_ATLAS_NP1/CODE_INDEPENDENT_A/word_enumeration.py,.py,4426,60bb1dda20a220025621a40160f9c254c52b825247722e6a6d99002fcf1c28e9,False,,True
_NP1_WORK/M3A_NEWTON_PROTOCOL_ATLAS_NP1/CODE_PRIMARY/integrity_gate.py,.py,3076,84fb089667952798a27b67bb55ac715245b6d409a0c5f5baa2c59d82b4780424,False,,True
_NP1_WORK/M3A_NEWTON_PROTOCOL_ATLAS_NP1/CODE_PRIMARY/verify_package.py,.py,1494,5a657232d6d31d6440013467e023dd1331b5225b7bf52bd23ee35a3908c86f9a,False,,True
_NP1_WORK/M3A_NEWTON_PROTOCOL_ATLAS_NP1/COMPARISON_POLICY.json,.json,716,26e5601dea62fbc27679f6a2ade50b610f26ebccb84aa87942be2589235fbf8e,False,,True
_NP1_WORK/M3A_NEWTON_PROTOCOL_ATLAS_NP1/COUNTEREXAMPLES_AND_CONTROLS.md,.md,3614,081c9c25ec65821c23b19443515fccfe5d1ad2fefe6fc2d0cc88f6a88f3b7748,False,,True
_NP1_WORK/M3A_NEWTON_PROTOCOL_ATLAS_NP1/DATA/comparison.json,.json,658,08ab25a962c731e1970bb5bc93d8998c0f3c6f7f65fae46d09aada70a3f43fb8,False,,True
_NP1_WORK/M3A_NEWTON_PROTOCOL_ATLAS_NP1/DATA/independent_a.json,.json,14158,69bfacc4a2ec83aa0f4ec343096e0445d452085243e4ca7b2cec7834e213afa8,False,,True
_NP1_WORK/M3A_NEWTON_PROTOCOL_ATLAS_NP1/DATA/independent_b.json,.json,1238,5832c7491ea19ac4b35220143001f65f0730d2205a3ebce7d5e52e5658731a80,False,,True
_NP1_WORK/M3A_NEWTON_PROTOCOL_ATLAS_NP1/DATA/integrity.json,.json,241,96c3ddbdbf8ee4f8341da668a2713c0b12695172e245981435765cf863c35501,False,,True
_NP1_WORK/M3A_NEWTON_PROTOCOL_ATLAS_NP1/DATA/primary.json,.json,14142,f3ec66c586d8b6af6a2470bd87f4ff5fc2917ab04c8a6a362d3a385a123aa6b3,False,,True
_NP1_WORK/M3A_NEWTON_PROTOCOL_ATLAS_NP1/ENVIRONMENT_SPECIFICATION.txt,.txt,669,6d099c54d1be72be9103d97bbf2c069a60fb837bde721df262229a45bcd9f03c,False,,True
_NP1_WORK/M3A_NEWTON_PROTOCOL_ATLAS_NP1/EXACT_DARK_FIBRE_CERTIFICATE.json,.json,521,744b1ef6042242d7c8378ae528d83835c8280660f3c4ecc1920912bffe6377f5,False,,True
_NP1_WORK/M3A_NEWTON_PROTOCOL_ATLAS_NP1/EXPECTED/comparison.json,.json,658,08ab25a962c731e1970bb5bc93d8998c0f3c6f7f65fae46d09aada70a3f43fb8,False,,True
_NP1_WORK/M3A_NEWTON_PROTOCOL_ATLAS_NP1/EXPECTED/independent_a.json,.json,14158,69bfacc4a2ec83aa0f4ec343096e0445d452085243e4ca7b2cec7834e213afa8,False,,True
_NP1_WORK/M3A_NEWTON_PROTOCOL_ATLAS_NP1/EXPECTED/independent_b.json,.json,1238,5832c7491ea19ac4b35220143001f65f0730d2205a3ebce7d5e52e5658731a80,False,,True
_NP1_WORK/M3A_NEWTON_PROTOCOL_ATLAS_NP1/EXPECTED/integrity.json,.json,241,96c3ddbdbf8ee4f8341da668a2713c0b12695172e245981435765cf863c35501,False,,True
_NP1_WORK/M3A_NEWTON_PROTOCOL_ATLAS_NP1/EXPECTED/primary.json,.json,14142,f3ec66c586d8b6af6a2470bd87f4ff5fc2917ab04c8a6a362d3a385a123aa6b3,False,,True
_NP1_WORK/M3A_NEWTON_PROTOCOL_ATLAS_NP1/EXPECTED_CANONICAL.sha256,.sha256,457,d39da9bbd95374efa9f3188d0032c22357670f81bf6d1ceb46e7d712ba05fc93,False,,False
_NP1_WORK/M3A_NEWTON_PROTOCOL_ATLAS_NP1/FAILURE_LEDGER.md,.md,1059,2d4d07bcc60ee730fe5d048256dc571f77fe877ecc748b0b2fe5d28693157766,False,,True
_NP1_WORK/M3A_NEWTON_PROTOCOL_ATLAS_NP1/FIBREWISE_ARC1_FIREWALL.md,.md,900,a6057270c50267a27d502041483fa12788c9b2d8e634b586cb0bbf9ecdd49cd6,False,,True
_NP1_WORK/M3A_NEWTON_PROTOCOL_ATLAS_NP1/FINAL_NP1_ASSESSMENT.md,.md,1201,6948379a877b50804428c9e90283bf4df9102bf21c206470d9d6fcab2c203995,False,,True
_NP1_WORK/M3A_NEWTON_PROTOCOL_ATLAS_NP1/INPUT_ARCHIVES.sha256,.sha256,1350,06392e454d571d008542c7773a3898b61dfab724893d894fe352f624764fa32d,False,,False
_NP1_WORK/M3A_NEWTON_PROTOCOL_ATLAS_NP1/INPUTS/M3A_000029_SINGLE_PATH_POSITIVE_WEIGHT_THEOREM_LOCKED_v1_0.tex,.tex,10433,133878b890ac3982e1757766d0d236069298106aae8e910e5b7460614fc30249,False,,True
_NP1_WORK/M3A_NEWTON_PROTOCOL_ATLAS_NP1/INPUTS/M3A_000029_SINGLE_PATH_POSITIVE_WEIGHT_THEOREM_LOCKED_v1_0.tex.sha256,.sha256,129,c7437d9b2a8853b58b8a0801a620eac840619927d29da758da1019b6a15733d2,False,,False
_NP1_WORK/M3A_NEWTON_PROTOCOL_ATLAS_NP1/INPUTS/M3A_Diagonal_Family_Trichotomy_Paper_R1_1.pdf,.pdf,357423,36b27ccef80998fd43517be20d7915772d24a8f9d055b8abd0532054761f0013,False,,False
_NP1_WORK/M3A_NEWTON_PROTOCOL_ATLAS_NP1/INPUTS/M3A_Diagonal_Family_Trichotomy_Paper_R1_1.pdf.sha256,.sha256,112,7bae86c25ba60d7ab42bb908b644aba413792d28fa301491231ddd5e2b2d4096,False,,False
_NP1_WORK/M3A_NEWTON_PROTOCOL_ATLAS_NP1/INPUTS/M3A_Diagonal_Family_Trichotomy_Paper_R1_1.tex,.tex,28225,1b8d04a04dcf5941566368b261932e78c7773beb83b8816af35de1ebb3902d6e,False,,True
_NP1_WORK/M3A_NEWTON_PROTOCOL_ATLAS_NP1/INPUTS/M3A_Diagonal_Family_Trichotomy_Paper_R1_1.tex.sha256,.sha256,112,b30647c671b0e8a56d520b7759895f6d2287dba324ef2032ab0a3a6c5c176ecc,False,,False
_NP1_WORK/M3A_NEWTON_PROTOCOL_ATLAS_NP1/INPUTS/M3A_DIAGONAL_FAMILY_TRICHOTOMY_TF1_R1_1.zip,.zip,23380247,,False,,False
_NP1_WORK/M3A_NEWTON_PROTOCOL_ATLAS_NP1/INPUTS/M3A_DIAGONAL_FAMILY_TRICHOTOMY_TF1_R1_1.zip.sha256,.sha256,110,4e5057b2eee23bd649f65eb26cdac1cad288b2de51da8a1850ecaa57c3471b58,False,,False
_NP1_WORK/M3A_NEWTON_PROTOCOL_ATLAS_NP1/INPUTS/M3A_NP1_EXTRA_MATH_AUDIT.md,.md,5642,36cc9c678857fe00dff90658aaf3aaf2050d30c30f3d90a9edd8053b06ce2466,False,,True
_NP1_WORK/M3A_NEWTON_PROTOCOL_ATLAS_NP1/INPUTS/M3A_TF1_R1_1_IMPLEMENTATION_REPORT.md,.md,6940,f159de05f0f628126787ecbf3d0f3289a5a790fd609412d21fc6b516ab776140,False,,True
_NP1_WORK/M3A_NEWTON_PROTOCOL_ATLAS_NP1/INPUTS/WORKSTATION_NP1_NEWTON_PROTOCOL_ATLAS_MASTER_PROMPT.md,.md,16441,3d93e38ca272cbb23b289c7dbd04be2af4aa6e0e0d298bfde5789ee7322908cc,False,,True
_NP1_WORK/M3A_NEWTON_PROTOCOL_ATLAS_NP1/MANIFEST.sha256,.sha256,5252,e0b97616a89f871286c106391f1f92032f4b38e86fe101b46e77ee09f77e81db,False,,False
_NP1_WORK/M3A_NEWTON_PROTOCOL_ATLAS_NP1/MANIFEST_POLICY.md,.md,1056,d11a7e51afbb48eeecf5290940bf5766f2c8cfbcd3d00f57d70864570a74c59b,False,,True
_NP1_WORK/M3A_NEWTON_PROTOCOL_ATLAS_NP1/MOMENT_SUPPORT_CERTIFICATE.md,.md,1487,e13775cb015cf073a79f728178a8215db625d74c7a546f664525734ef685c889,False,,True
_NP1_WORK/M3A_NEWTON_PROTOCOL_ATLAS_NP1/NEWTON_FIBRE_TRICHOTOMY_THEOREM.tex,.tex,1372,09a875c2c1e39d205d503351d0bed6ebff6a3645f319cbb32b167ee16aa720b8,False,,True
_NP1_WORK/M3A_NEWTON_PROTOCOL_ATLAS_NP1/NEWTON_PROTOCOL_DEFINITIONS.tex,.tex,1508,422ca09c666d461dc6bfa3f13d1132edd4e1a0398c2c85d67eb5c34821824f5b,False,,True
_NP1_WORK/M3A_NEWTON_PROTOCOL_ATLAS_NP1/NORMAL_CONE_AND_TROPICAL_AUDIT.md,.md,1454,d894d8639269e65dd263fdf8ddec6819dfef3aa2b018e4c7d6393a24d5185c1d,False,,True
_NP1_WORK/M3A_NEWTON_PROTOCOL_ATLAS_NP1/NUMERATOR_TROPICALISATION_FIREWALL.md,.md,895,ddc365b1b2952760d65742563169fdbdbcd145c9991b01da83c52e3633117301,False,,True
_NP1_WORK/M3A_NEWTON_PROTOCOL_ATLAS_NP1/POSITIVE_PROTOCOL_FACE_THEOREM.tex,.tex,1245,161755513a6780be0be79abcbcd2c445537d68fd6b263821e0d0602bdc127bcb,False,,True
_NP1_WORK/M3A_NEWTON_PROTOCOL_ATLAS_NP1/PRIOR_ART_AUDIT.md,.md,2697,05bffacadb7c9b9d2dafe78ad3aad9412f2d785c85a748ca9112fbdf9a0ca8f2,False,,True
_NP1_WORK/M3A_NEWTON_PROTOCOL_ATLAS_NP1/REPRODUCE.sh,.sh,1303,921f9df39fbca405c3770ae66425268a56b701e11911da5922c00a525a226a94,False,,True
_NP1_WORK/M3A_NEWTON_PROTOCOL_ATLAS_NP1/REPRODUCIBILITY_PROTOCOL.md,.md,1183,a23d0f95ee7e9978c670c5c554e7318fa927cafcc7fc133bc14be23742812907,False,,True
_NP1_WORK/M3A_NEWTON_PROTOCOL_ATLAS_NP1/STRATUM_I_CERTIFICATE.json,.json,529,80f7ee4f69755c14e8a9363851c4262c0a3bddd102714a11b29e46caed08e0b7,False,,True
_NP1_WORK/M3A_NEWTON_PROTOCOL_ATLAS_NP1/STRATUM_II_CERTIFICATE.json,.json,754,f0331f5d63c604bcc994b74347e4397b650d8b43a6913a17ec4232ecd4a07e82,False,,True
_NP1_WORK/M3A_NEWTON_PROTOCOL_ATLAS_NP1/TRANSFORMED_RESOLVENT_THEOREM.tex,.tex,1670,db838785f01eb0225777d54b1aa99ead3f340479bea193f6f5dda0aa03aa4328,False,,True
_TF1_R1_1_WORK/CORRECTIONS/M3A_handover_corrections/01_corrected_lemma_6_1_and_theorem_8_2.pdf,.pdf,151133,9671a461df4ad9b3521b07da790200c28424325195b64ffbd5a82140a6f03b2d,False,,False
_TF1_R1_1_WORK/CORRECTIONS/M3A_handover_corrections/01_corrected_lemma_6_1_and_theorem_8_2.tex,.tex,5000,279136aeff03f2ee9c9a68fa0213618014de602122574a774ee3247a6615aa7d,True,utf-8-sig,False
_TF1_R1_1_WORK/CORRECTIONS/M3A_handover_corrections/02_formal_referee_report.md,.md,8872,13617f69c341eaa16c0755a57a37a67075b50b538b3b09839517fb817d29ab2b,True,utf-8-sig,False
_TF1_R1_1_WORK/CORRECTIONS/M3A_handover_corrections/03_newton_polyhedron_handover_note.md,.md,5125,0000e689c411a351ae0359ea81ea9878caccb43c9a55afca60280634a1f2845f,True,utf-8-sig,False
_TF1_R1_1_WORK/CORRECTIONS/M3A_handover_corrections/05_REPRODUCE.patched.sh,.sh,6741,4b722863a29051405b46f9d0a790a776d22dac90a30a7e1de6630a01f8a4fae8,False,,True
_TF1_R1_1_WORK/CORRECTIONS/M3A_handover_corrections/README.md,.md,1700,030d12418444113674eacd8fad81edb2606df4d1c6b18a4a924aa47b0cda16b5,True,utf-8-sig,False
_TF1_R1_1_WORK/CORRECTIONS/M3A_handover_corrections/SHA256SUMS.txt,.txt,690,3d27860925ffb76d3086c068e0dd0b10cf85e8b9544b139cc59fd722254d2bc3,True,utf-8-sig,False
_TF1_R1_1_WORK/FINAL_REPRO/M3A_DIAGONAL_FAMILY_TRICHOTOMY_TF1/ASSUMPTIONS_LOCK.md,.md,1680,1a255b18a9cd45195b9446c01fea27a64f2a50aa2a5c7f3e5bdba519efe35026,False,,True
_TF1_R1_1_WORK/FINAL_REPRO/M3A_DIAGONAL_FAMILY_TRICHOTOMY_TF1/CLAIM_AND_NOVELTY_LEDGER.md,.md,1611,a41b89e7f4c8719d32abc85efe7873896751f6db5a97e04dfbe147fa41e84f47,False,,True
_TF1_R1_1_WORK/FINAL_REPRO/M3A_DIAGONAL_FAMILY_TRICHOTOMY_TF1/CODE_PRIMARY/integrity_gate.ps1,.ps1,5814,a82b968e581feda6758c1f9eacd0804992ffccf445f88625370f6b860d320cfd,False,,True
_TF1_R1_1_WORK/FINAL_REPRO/M3A_DIAGONAL_FAMILY_TRICHOTOMY_TF1/COMPARISON_POLICY.json,.json,543,51e49ab6e83a177a64a568800ca4138f012ed0bfd883e3d8d31419f0d44da5cf,False,,True
_TF1_R1_1_WORK/FINAL_REPRO/M3A_DIAGONAL_FAMILY_TRICHOTOMY_TF1/COUNTEREXAMPLES_AND_SCOPE.md,.md,1363,00f31c0f04e5e6fe1cd1cb8530d82432ae7be198905f5512497d0193249b62ef,False,,True
_TF1_R1_1_WORK/FINAL_REPRO/M3A_DIAGONAL_FAMILY_TRICHOTOMY_TF1/DATA/independent_a.json,.json,517,b0f41b7518e6cc130ceb84e939ee6b843bf68620e30fb3775b70785d0befbfdb,False,,True
_TF1_R1_1_WORK/FINAL_REPRO/M3A_DIAGONAL_FAMILY_TRICHOTOMY_TF1/DATA/independent_b.json,.json,14275,ee278fc5065789417fcb0ceba1338a95966ac17fcf5d15951126bca39b10a3a6,False,,True
_TF1_R1_1_WORK/FINAL_REPRO/M3A_DIAGONAL_FAMILY_TRICHOTOMY_TF1/DATA/integrity_gate.json,.json,1357,e652d65adcea90a0f24f634eeeba125d99c9ead5741adb86560fd3069a039faf,False,,True
_TF1_R1_1_WORK/FINAL_REPRO/M3A_DIAGONAL_FAMILY_TRICHOTOMY_TF1/DATA/primary.json,.json,13856,b928506a7b82c7b055eb8f691e99ba4c25617165a7b556d37804a99e63b8dd1a,False,,True
_TF1_R1_1_WORK/FINAL_REPRO/M3A_DIAGONAL_FAMILY_TRICHOTOMY_TF1/DATA/TF1_CONTROLS.json,.json,2159,57a65bd60519300e36bfddf482afb14a0c5b3d40af5f467497ac9cba422af1e4,False,,True
_TF1_R1_1_WORK/FINAL_REPRO/M3A_DIAGONAL_FAMILY_TRICHOTOMY_TF1/DENOMINATOR_AND_CANCELLATION_AUDIT.md,.md,3080,72bfbdd6e503de0da8e607444ccb84acd4eda013b89fa125a04849dc05357f92,False,,True
_TF1_R1_1_WORK/FINAL_REPRO/M3A_DIAGONAL_FAMILY_TRICHOTOMY_TF1/DIAGONAL_FAMILY_TRICHOTOMY_THEOREM.tex,.tex,1953,ba207dce7eed7f7f1e77eefc090c681e97ded0b460594401af51f219873f143d,False,,True
_TF1_R1_1_WORK/FINAL_REPRO/M3A_DIAGONAL_FAMILY_TRICHOTOMY_TF1/ENDPOINT_SUPPORT_BOUND.md,.md,937,8675304a40cfc8cdf057181f9d25b39c45e56855f0451d86b16b2cded3c5122d,False,,True
_TF1_R1_1_WORK/FINAL_REPRO/M3A_DIAGONAL_FAMILY_TRICHOTOMY_TF1/ENVIRONMENT_SPECIFICATION.txt,.txt,549,9cbed4153221562f746251dae83015365f06deb0ecf6424f47610ee2dbd5be37,False,,True
_TF1_R1_1_WORK/FINAL_REPRO/M3A_DIAGONAL_FAMILY_TRICHOTOMY_TF1/EXACT_DARK_COMPONENT_DECOMPOSITION.md,.md,1509,0cd77e2e8a399c272e974b383d657e74b798c27bb6b882144e7d60a64a055a5b,False,,True
_TF1_R1_1_WORK/FINAL_REPRO/M3A_DIAGONAL_FAMILY_TRICHOTOMY_TF1/EXACT_FAMILY_NUMERATOR_THEOREM.tex,.tex,1175,8916652f8d34f17deb684bfe9ec9f92a4c1cb7310fd554702ab13abd1eef4967,False,,True
_TF1_R1_1_WORK/FINAL_REPRO/M3A_DIAGONAL_FAMILY_TRICHOTOMY_TF1/EXPECTED/independent_a.json,.json,517,b0f41b7518e6cc130ceb84e939ee6b843bf68620e30fb3775b70785d0befbfdb,False,,True
_TF1_R1_1_WORK/FINAL_REPRO/M3A_DIAGONAL_FAMILY_TRICHOTOMY_TF1/EXPECTED/independent_b.json,.json,14275,ee278fc5065789417fcb0ceba1338a95966ac17fcf5d15951126bca39b10a3a6,False,,True
_TF1_R1_1_WORK/FINAL_REPRO/M3A_DIAGONAL_FAMILY_TRICHOTOMY_TF1/EXPECTED/primary.json,.json,13856,b928506a7b82c7b055eb8f691e99ba4c25617165a7b556d37804a99e63b8dd1a,False,,True
_TF1_R1_1_WORK/FINAL_REPRO/M3A_DIAGONAL_FAMILY_TRICHOTOMY_TF1/EXPECTED_CANONICAL.sha256,.sha256,249,295596b2fcde47b2add4ca6eafc955650938cebe5193a7097fe74ebbb2b5cef6,False,,False
_TF1_R1_1_WORK/FINAL_REPRO/M3A_DIAGONAL_FAMILY_TRICHOTOMY_TF1/FAILURE_LEDGER.md,.md,949,e21a96510e51eff9e671b3ea6f548989ec7afec022cfbd6f47d4c6d9c401f44b,False,,True
_TF1_R1_1_WORK/FINAL_REPRO/M3A_DIAGONAL_FAMILY_TRICHOTOMY_TF1/FINAL_TF1_ASSESSMENT.md,.md,2383,05d232359de30deb5bf87ab38b39ed0d60c2bc236e5e5bdc7fda30f8f75c4436,False,,True
_TF1_R1_1_WORK/FINAL_REPRO/M3A_DIAGONAL_FAMILY_TRICHOTOMY_TF1/INPUT_ARCHIVES.sha256,.sha256,989,2e80c8b443b97a26eb07a751f576f682ff7ebdc0c978454219b0ccf1f0acf652,False,,False
_TF1_R1_1_WORK/FINAL_REPRO/M3A_DIAGONAL_FAMILY_TRICHOTOMY_TF1/INPUTS/M3A_000029_exact_polynomial_certificate.zip,.zip,9415,6ec4425d54a3e69a10a91fa0d56c9241b67fdbfb1bc71428664cf3752eb5e72e,False,,False
_TF1_R1_1_WORK/FINAL_REPRO/M3A_DIAGONAL_FAMILY_TRICHOTOMY_TF1/INPUTS/M3A_000029_FIRST_PRINCIPLES_REDERIVATION_POSITIVE_WEIGHT_THEOREM.zip,.zip,16419,278ec717a037d694014c25a86959818102e37a4985fca5251608b471db2b3640,False,,False
_TF1_R1_1_WORK/FINAL_REPRO/M3A_DIAGONAL_FAMILY_TRICHOTOMY_TF1/INPUTS/M3A_000029_SINGLE_PATH_POSITIVE_WEIGHT_THEOREM_LOCKED_v1_0.tex,.tex,10433,133878b890ac3982e1757766d0d236069298106aae8e910e5b7460614fc30249,False,,True
_TF1_R1_1_WORK/FINAL_REPRO/M3A_DIAGONAL_FAMILY_TRICHOTOMY_TF1/INPUTS/M3A_000029_SINGLE_PATH_POSITIVE_WEIGHT_THEOREM_LOCKED_v1_0.tex.sha256,.sha256,129,c7437d9b2a8853b58b8a0801a620eac840619927d29da758da1019b6a15733d2,False,,False
_TF1_R1_1_WORK/FINAL_REPRO/M3A_DIAGONAL_FAMILY_TRICHOTOMY_TF1/INPUTS/M3A_POSITIVE_WEIGHT_DOMINANCE_THEOREM_NUCLEUS_TC1.zip,.zip,18140743,07d91b3596298d349bfca3ec2c544e749e580be0b3f4a3899dac3c35b71bb15d,False,,False
_TF1_R1_1_WORK/FINAL_REPRO/M3A_DIAGONAL_FAMILY_TRICHOTOMY_TF1/INPUTS/STAGE_C5_M3A_EXACT_FIRST_INVERSE_DESIGN_2026-07-31_R1_0.zip,.zip,5165673,c131293afd71a15f5c254071a83ae848f859bc3d1f3655986b3a463256eb8534,False,,False
_TF1_R1_1_WORK/FINAL_REPRO/M3A_DIAGONAL_FAMILY_TRICHOTOMY_TF1/INPUTS/TF1_DIAGONAL_FAMILY_TRICHOTOMY_AUDIT_PROMPT.md,.md,17836,71284d17d71d483f72ddcc29f350d70e4503efd736b95b9b26792e7d66c58b79,False,,True
_TF1_R1_1_WORK/FINAL_REPRO/M3A_DIAGONAL_FAMILY_TRICHOTOMY_TF1/INPUTS/TF1_DIAGONAL_FAMILY_TRICHOTOMY_AUDIT_PROMPT.md.sha256,.sha256,113,ed144e525028ef5cc6dc9d8255da90a6308e7fb1fd386b20306d5e17d45f6108,False,,False
_TF1_R1_1_WORK/FINAL_REPRO/M3A_DIAGONAL_FAMILY_TRICHOTOMY_TF1/INVERSE_CONSTRUCTIONS.md,.md,520,24243dabae7cefd6d8e519d3b18a3c590d04aebeb74699fef1376b96d84895c4,False,,True
_TF1_R1_1_WORK/FINAL_REPRO/M3A_DIAGONAL_FAMILY_TRICHOTOMY_TF1/LEADING_COEFFICIENT_CERTIFICATES.json,.json,848,2983a59cfb2751a735c698556085ab3e2a68bed6b44473e8482f978bc396c195,False,,True
_TF1_R1_1_WORK/FINAL_REPRO/M3A_DIAGONAL_FAMILY_TRICHOTOMY_TF1/M3A_TF1_R1_1_CHANGELOG.md,.md,1639,327f80aa28b0eb5b91574ac1a98f29a6cea76644f83b8874de366e43382a1803,False,,True
_TF1_R1_1_WORK/FINAL_REPRO/M3A_DIAGONAL_FAMILY_TRICHOTOMY_TF1/MANIFEST.sha256,.sha256,5092,5d8b3e1f4b51b47ba14d90c1927c4a6bd0e3fead0c94aa3a52e8c3c4f691b7df,False,,False
_TF1_R1_1_WORK/FINAL_REPRO/M3A_DIAGONAL_FAMILY_TRICHOTOMY_TF1/MANIFEST_POLICY.md,.md,571,7b8d5c0ddd46daa83b83fc90f9d77df7123b90cbaea5b68cf0938b1d78ae5948,False,,True
_TF1_R1_1_WORK/FINAL_REPRO/M3A_DIAGONAL_FAMILY_TRICHOTOMY_TF1/MOMENT_WORD_PROOF.md,.md,1394,de958130db6cac79c7ffb4ef1dd8af47ded096ff4feb92023ebbec0f0f3aa690,False,,True
_TF1_R1_1_WORK/FINAL_REPRO/M3A_DIAGONAL_FAMILY_TRICHOTOMY_TF1/PAPER_POSITIONING_HANDOFF.md,.md,992,e9551ac68bb66c97f8f2b90c0269205b57c7eaa07979c834865e612843f2f748,False,,True
_TF1_R1_1_WORK/FINAL_REPRO/M3A_DIAGONAL_FAMILY_TRICHOTOMY_TF1/POSITIVE_WEIGHT_FAMILY_THEOREM.tex,.tex,2736,5cb8650a21e09fc86bc09869badaa28a79454301a9651715c94f1f4922917271,False,,True
_TF1_R1_1_WORK/FINAL_REPRO/M3A_DIAGONAL_FAMILY_TRICHOTOMY_TF1/PRIOR_ART_AUDIT.md,.md,4159,13246c701c66d4a1de3f17cdddf9d79d1c026a65273f373e028e2656941d0dee,False,,True
_TF1_R1_1_WORK/FINAL_REPRO/M3A_DIAGONAL_FAMILY_TRICHOTOMY_TF1/RAW_FAMILY_MODEL.json,.json,695,703b2b23f9a362e8fe991db3c54ecc8f6948152aa88eaf0443e454cfa05ecc4f,False,,True
_TF1_R1_1_WORK/FINAL_REPRO/M3A_DIAGONAL_FAMILY_TRICHOTOMY_TF1/REPRODUCE.sh,.sh,6741,4b722863a29051405b46f9d0a790a776d22dac90a30a7e1de6630a01f8a4fae8,False,,True
_TF1_R1_1_WORK/FINAL_REPRO/M3A_DIAGONAL_FAMILY_TRICHOTOMY_TF1/REPRODUCIBILITY_PROTOCOL.md,.md,924,250daa28acffd16c7f1f3738d92df27b9b892bac71068ed136c25709c0272089,False,,True
_TF1_R1_1_WORK/FINAL_REPRO/M3A_DIAGONAL_FAMILY_TRICHOTOMY_TF1/SYZYGY_CERTIFICATE.md,.md,576,8295595e3519f6e985bd74ded18155b43d68367b6f54112f9992e834edcfc6bf,False,,True
_TF1_R1_1_WORK/inject_unlisted.py,.py,251,ddc3615a504e1b5120cfcc4095febce53470870f75b87257ee9a54daebf494a2,True,utf-8-sig,False
_TF1_R1_1_WORK/LOCKED_INPUT/M3A_000029_SINGLE_PATH_POSITIVE_WEIGHT_THEOREM_LOCKED_v1_0.tex,.tex,10433,133878b890ac3982e1757766d0d236069298106aae8e910e5b7460614fc30249,False,,True
_TF1_R1_1_WORK/LOCKED_INPUT/M3A_000029_SINGLE_PATH_POSITIVE_WEIGHT_THEOREM_LOCKED_v1_0.tex.sha256,.sha256,129,c7437d9b2a8853b58b8a0801a620eac840619927d29da758da1019b6a15733d2,False,,False
_TF1_R1_1_WORK/NEGATIVE_TEST/ASSUMPTIONS_LOCK.md,.md,1680,1a255b18a9cd45195b9446c01fea27a64f2a50aa2a5c7f3e5bdba519efe35026,False,,True
_TF1_R1_1_WORK/NEGATIVE_TEST/CLAIM_AND_NOVELTY_LEDGER.md,.md,1611,a41b89e7f4c8719d32abc85efe7873896751f6db5a97e04dfbe147fa41e84f47,False,,True
_TF1_R1_1_WORK/NEGATIVE_TEST/CODE_PRIMARY/integrity_gate.ps1,.ps1,5814,a82b968e581feda6758c1f9eacd0804992ffccf445f88625370f6b860d320cfd,False,,True
_TF1_R1_1_WORK/NEGATIVE_TEST/COMPARISON_POLICY.json,.json,543,51e49ab6e83a177a64a568800ca4138f012ed0bfd883e3d8d31419f0d44da5cf,False,,True
_TF1_R1_1_WORK/NEGATIVE_TEST/COUNTEREXAMPLES_AND_SCOPE.md,.md,1363,00f31c0f04e5e6fe1cd1cb8530d82432ae7be198905f5512497d0193249b62ef,False,,True
_TF1_R1_1_WORK/NEGATIVE_TEST/DATA/independent_a.json,.json,517,b0f41b7518e6cc130ceb84e939ee6b843bf68620e30fb3775b70785d0befbfdb,False,,True
_TF1_R1_1_WORK/NEGATIVE_TEST/DATA/independent_b.json,.json,14275,ee278fc5065789417fcb0ceba1338a95966ac17fcf5d15951126bca39b10a3a6,False,,True
_TF1_R1_1_WORK/NEGATIVE_TEST/DATA/integrity_gate.json,.json,1357,e652d65adcea90a0f24f634eeeba125d99c9ead5741adb86560fd3069a039faf,False,,True
_TF1_R1_1_WORK/NEGATIVE_TEST/DATA/primary.json,.json,13856,b928506a7b82c7b055eb8f691e99ba4c25617165a7b556d37804a99e63b8dd1a,False,,True
_TF1_R1_1_WORK/NEGATIVE_TEST/DATA/TF1_CONTROLS.json,.json,2159,57a65bd60519300e36bfddf482afb14a0c5b3d40af5f467497ac9cba422af1e4,False,,True
_TF1_R1_1_WORK/NEGATIVE_TEST/DENOMINATOR_AND_CANCELLATION_AUDIT.md,.md,3080,72bfbdd6e503de0da8e607444ccb84acd4eda013b89fa125a04849dc05357f92,False,,True
_TF1_R1_1_WORK/NEGATIVE_TEST/DIAGONAL_FAMILY_TRICHOTOMY_THEOREM.tex,.tex,1953,ba207dce7eed7f7f1e77eefc090c681e97ded0b460594401af51f219873f143d,False,,True
_TF1_R1_1_WORK/NEGATIVE_TEST/ENDPOINT_SUPPORT_BOUND.md,.md,937,8675304a40cfc8cdf057181f9d25b39c45e56855f0451d86b16b2cded3c5122d,False,,True
_TF1_R1_1_WORK/NEGATIVE_TEST/ENVIRONMENT_SPECIFICATION.txt,.txt,549,9cbed4153221562f746251dae83015365f06deb0ecf6424f47610ee2dbd5be37,False,,True
_TF1_R1_1_WORK/NEGATIVE_TEST/EXACT_DARK_COMPONENT_DECOMPOSITION.md,.md,1509,0cd77e2e8a399c272e974b383d657e74b798c27bb6b882144e7d60a64a055a5b,False,,True
_TF1_R1_1_WORK/NEGATIVE_TEST/EXACT_FAMILY_NUMERATOR_THEOREM.tex,.tex,1175,8916652f8d34f17deb684bfe9ec9f92a4c1cb7310fd554702ab13abd1eef4967,False,,True
_TF1_R1_1_WORK/NEGATIVE_TEST/EXPECTED/independent_a.json,.json,517,b0f41b7518e6cc130ceb84e939ee6b843bf68620e30fb3775b70785d0befbfdb,False,,True
_TF1_R1_1_WORK/NEGATIVE_TEST/EXPECTED/independent_b.json,.json,14275,ee278fc5065789417fcb0ceba1338a95966ac17fcf5d15951126bca39b10a3a6,False,,True
_TF1_R1_1_WORK/NEGATIVE_TEST/EXPECTED/primary.json,.json,13856,b928506a7b82c7b055eb8f691e99ba4c25617165a7b556d37804a99e63b8dd1a,False,,True
_TF1_R1_1_WORK/NEGATIVE_TEST/EXPECTED_CANONICAL.sha256,.sha256,249,295596b2fcde47b2add4ca6eafc955650938cebe5193a7097fe74ebbb2b5cef6,False,,False
_TF1_R1_1_WORK/NEGATIVE_TEST/FAILURE_LEDGER.md,.md,949,e21a96510e51eff9e671b3ea6f548989ec7afec022cfbd6f47d4c6d9c401f44b,False,,True
_TF1_R1_1_WORK/NEGATIVE_TEST/FINAL_TF1_ASSESSMENT.md,.md,2383,05d232359de30deb5bf87ab38b39ed0d60c2bc236e5e5bdc7fda30f8f75c4436,False,,True
_TF1_R1_1_WORK/NEGATIVE_TEST/INPUT_ARCHIVES.sha256,.sha256,989,2e80c8b443b97a26eb07a751f576f682ff7ebdc0c978454219b0ccf1f0acf652,False,,False
_TF1_R1_1_WORK/NEGATIVE_TEST/INPUTS/M3A_000029_exact_polynomial_certificate.zip,.zip,9586,b52a66a4b9a76f1f4228309b6bf29064fc84d634dfc76edec56ce4c6804d0b89,False,,False
_TF1_R1_1_WORK/NEGATIVE_TEST/INPUTS/M3A_000029_FIRST_PRINCIPLES_REDERIVATION_POSITIVE_WEIGHT_THEOREM.zip,.zip,16419,278ec717a037d694014c25a86959818102e37a4985fca5251608b471db2b3640,False,,False
_TF1_R1_1_WORK/NEGATIVE_TEST/INPUTS/M3A_000029_SINGLE_PATH_POSITIVE_WEIGHT_THEOREM_LOCKED_v1_0.tex,.tex,10433,133878b890ac3982e1757766d0d236069298106aae8e910e5b7460614fc30249,False,,True
_TF1_R1_1_WORK/NEGATIVE_TEST/INPUTS/M3A_000029_SINGLE_PATH_POSITIVE_WEIGHT_THEOREM_LOCKED_v1_0.tex.sha256,.sha256,129,c7437d9b2a8853b58b8a0801a620eac840619927d29da758da1019b6a15733d2,False,,False
_TF1_R1_1_WORK/NEGATIVE_TEST/INPUTS/M3A_POSITIVE_WEIGHT_DOMINANCE_THEOREM_NUCLEUS_TC1.zip,.zip,18140743,07d91b3596298d349bfca3ec2c544e749e580be0b3f4a3899dac3c35b71bb15d,False,,False
_TF1_R1_1_WORK/NEGATIVE_TEST/INPUTS/STAGE_C5_M3A_EXACT_FIRST_INVERSE_DESIGN_2026-07-31_R1_0.zip,.zip,5165673,c131293afd71a15f5c254071a83ae848f859bc3d1f3655986b3a463256eb8534,False,,False
_TF1_R1_1_WORK/NEGATIVE_TEST/INPUTS/TF1_DIAGONAL_FAMILY_TRICHOTOMY_AUDIT_PROMPT.md,.md,17836,71284d17d71d483f72ddcc29f350d70e4503efd736b95b9b26792e7d66c58b79,False,,True
_TF1_R1_1_WORK/NEGATIVE_TEST/INPUTS/TF1_DIAGONAL_FAMILY_TRICHOTOMY_AUDIT_PROMPT.md.sha256,.sha256,113,ed144e525028ef5cc6dc9d8255da90a6308e7fb1fd386b20306d5e17d45f6108,False,,False
_TF1_R1_1_WORK/NEGATIVE_TEST/INVERSE_CONSTRUCTIONS.md,.md,520,24243dabae7cefd6d8e519d3b18a3c590d04aebeb74699fef1376b96d84895c4,False,,True
_TF1_R1_1_WORK/NEGATIVE_TEST/LEADING_COEFFICIENT_CERTIFICATES.json,.json,848,2983a59cfb2751a735c698556085ab3e2a68bed6b44473e8482f978bc396c195,False,,True
_TF1_R1_1_WORK/NEGATIVE_TEST/M3A_TF1_R1_1_CHANGELOG.md,.md,1639,327f80aa28b0eb5b91574ac1a98f29a6cea76644f83b8874de366e43382a1803,False,,True
_TF1_R1_1_WORK/NEGATIVE_TEST/MANIFEST.sha256,.sha256,5092,5d8b3e1f4b51b47ba14d90c1927c4a6bd0e3fead0c94aa3a52e8c3c4f691b7df,False,,False
_TF1_R1_1_WORK/NEGATIVE_TEST/MANIFEST_POLICY.md,.md,571,7b8d5c0ddd46daa83b83fc90f9d77df7123b90cbaea5b68cf0938b1d78ae5948,False,,True
_TF1_R1_1_WORK/NEGATIVE_TEST/MOMENT_WORD_PROOF.md,.md,1394,de958130db6cac79c7ffb4ef1dd8af47ded096ff4feb92023ebbec0f0f3aa690,False,,True
_TF1_R1_1_WORK/NEGATIVE_TEST/PAPER_POSITIONING_HANDOFF.md,.md,992,e9551ac68bb66c97f8f2b90c0269205b57c7eaa07979c834865e612843f2f748,False,,True
_TF1_R1_1_WORK/NEGATIVE_TEST/POSITIVE_WEIGHT_FAMILY_THEOREM.tex,.tex,2736,5cb8650a21e09fc86bc09869badaa28a79454301a9651715c94f1f4922917271,False,,True
_TF1_R1_1_WORK/NEGATIVE_TEST/PRIOR_ART_AUDIT.md,.md,4159,13246c701c66d4a1de3f17cdddf9d79d1c026a65273f373e028e2656941d0dee,False,,True
_TF1_R1_1_WORK/NEGATIVE_TEST/RAW_FAMILY_MODEL.json,.json,695,703b2b23f9a362e8fe991db3c54ecc8f6948152aa88eaf0443e454cfa05ecc4f,False,,True
_TF1_R1_1_WORK/NEGATIVE_TEST/REPRODUCE.sh,.sh,6741,4b722863a29051405b46f9d0a790a776d22dac90a30a7e1de6630a01f8a4fae8,False,,True
_TF1_R1_1_WORK/NEGATIVE_TEST/REPRODUCIBILITY_PROTOCOL.md,.md,924,250daa28acffd16c7f1f3738d92df27b9b892bac71068ed136c25709c0272089,False,,True
_TF1_R1_1_WORK/NEGATIVE_TEST/SYZYGY_CERTIFICATE.md,.md,576,8295595e3519f6e985bd74ded18155b43d68367b6f54112f9992e834edcfc6bf,False,,True
_TF1_R1_1_WORK/ORIGINAL_COMPARE/M3A_DIAGONAL_FAMILY_TRICHOTOMY_TF1/ASSUMPTIONS_LOCK.md,.md,1759,e35a0d85ac449e77b97672bea76c285f6d4ffc923f62ff8f6253794c8d231a44,True,utf-8-sig,False
_TF1_R1_1_WORK/ORIGINAL_COMPARE/M3A_DIAGONAL_FAMILY_TRICHOTOMY_TF1/CLAIM_AND_NOVELTY_LEDGER.md,.md,1611,a41b89e7f4c8719d32abc85efe7873896751f6db5a97e04dfbe147fa41e84f47,False,,True
_TF1_R1_1_WORK/ORIGINAL_COMPARE/M3A_DIAGONAL_FAMILY_TRICHOTOMY_TF1/CODE_PRIMARY/integrity_gate.ps1,.ps1,4521,c90d0f59b2bd03c715bf1ca93c481f6ea53eb6d9abc869fbbbe3a02431054279,True,utf-8-sig,False
_TF1_R1_1_WORK/ORIGINAL_COMPARE/M3A_DIAGONAL_FAMILY_TRICHOTOMY_TF1/COMPARISON_POLICY.json,.json,543,51e49ab6e83a177a64a568800ca4138f012ed0bfd883e3d8d31419f0d44da5cf,False,,True
_TF1_R1_1_WORK/ORIGINAL_COMPARE/M3A_DIAGONAL_FAMILY_TRICHOTOMY_TF1/COUNTEREXAMPLES_AND_SCOPE.md,.md,1363,00f31c0f04e5e6fe1cd1cb8530d82432ae7be198905f5512497d0193249b62ef,False,,True
_TF1_R1_1_WORK/ORIGINAL_COMPARE/M3A_DIAGONAL_FAMILY_TRICHOTOMY_TF1/DATA/independent_a.json,.json,517,b0f41b7518e6cc130ceb84e939ee6b843bf68620e30fb3775b70785d0befbfdb,False,,True
_TF1_R1_1_WORK/ORIGINAL_COMPARE/M3A_DIAGONAL_FAMILY_TRICHOTOMY_TF1/DATA/independent_b.json,.json,14275,ee278fc5065789417fcb0ceba1338a95966ac17fcf5d15951126bca39b10a3a6,False,,True
_TF1_R1_1_WORK/ORIGINAL_COMPARE/M3A_DIAGONAL_FAMILY_TRICHOTOMY_TF1/DATA/integrity_gate.json,.json,1148,e902df18927731d5e46beeaf2c2e8e27e23aadb4cfcc076256df95655c9a3c23,True,utf-8-sig,False
_TF1_R1_1_WORK/ORIGINAL_COMPARE/M3A_DIAGONAL_FAMILY_TRICHOTOMY_TF1/DATA/primary.json,.json,13856,b928506a7b82c7b055eb8f691e99ba4c25617165a7b556d37804a99e63b8dd1a,False,,True
_TF1_R1_1_WORK/ORIGINAL_COMPARE/M3A_DIAGONAL_FAMILY_TRICHOTOMY_TF1/DATA/TF1_CONTROLS.json,.json,2159,57a65bd60519300e36bfddf482afb14a0c5b3d40af5f467497ac9cba422af1e4,False,,True
_TF1_R1_1_WORK/ORIGINAL_COMPARE/M3A_DIAGONAL_FAMILY_TRICHOTOMY_TF1/DENOMINATOR_AND_CANCELLATION_AUDIT.md,.md,3080,72bfbdd6e503de0da8e607444ccb84acd4eda013b89fa125a04849dc05357f92,False,,True
_TF1_R1_1_WORK/ORIGINAL_COMPARE/M3A_DIAGONAL_FAMILY_TRICHOTOMY_TF1/DIAGONAL_FAMILY_TRICHOTOMY_THEOREM.tex,.tex,1849,2d7472346901d08bb891e2da32681aa4ca08075547c38f1e89a33e44ccfb14df,True,utf-8-sig,False
_TF1_R1_1_WORK/ORIGINAL_COMPARE/M3A_DIAGONAL_FAMILY_TRICHOTOMY_TF1/ENDPOINT_SUPPORT_BOUND.md,.md,791,481b439971a4fc423c3e7880f2210b9e19c8c50a5b858229ef28842836717f48,True,utf-8-sig,False
_TF1_R1_1_WORK/ORIGINAL_COMPARE/M3A_DIAGONAL_FAMILY_TRICHOTOMY_TF1/ENVIRONMENT_SPECIFICATION.txt,.txt,549,9cbed4153221562f746251dae83015365f06deb0ecf6424f47610ee2dbd5be37,False,,True
_TF1_R1_1_WORK/ORIGINAL_COMPARE/M3A_DIAGONAL_FAMILY_TRICHOTOMY_TF1/EXACT_DARK_COMPONENT_DECOMPOSITION.md,.md,1491,bee168ab1c807083307e8e9a5f165fa26e7cbead73a17e70c59236a771093fab,True,utf-8-sig,False
_TF1_R1_1_WORK/ORIGINAL_COMPARE/M3A_DIAGONAL_FAMILY_TRICHOTOMY_TF1/EXACT_FAMILY_NUMERATOR_THEOREM.tex,.tex,1175,8916652f8d34f17deb684bfe9ec9f92a4c1cb7310fd554702ab13abd1eef4967,False,,True
_TF1_R1_1_WORK/ORIGINAL_COMPARE/M3A_DIAGONAL_FAMILY_TRICHOTOMY_TF1/EXPECTED/independent_a.json,.json,517,b0f41b7518e6cc130ceb84e939ee6b843bf68620e30fb3775b70785d0befbfdb,False,,True
_TF1_R1_1_WORK/ORIGINAL_COMPARE/M3A_DIAGONAL_FAMILY_TRICHOTOMY_TF1/EXPECTED/independent_b.json,.json,14275,ee278fc5065789417fcb0ceba1338a95966ac17fcf5d15951126bca39b10a3a6,False,,True
_TF1_R1_1_WORK/ORIGINAL_COMPARE/M3A_DIAGONAL_FAMILY_TRICHOTOMY_TF1/EXPECTED/primary.json,.json,13856,b928506a7b82c7b055eb8f691e99ba4c25617165a7b556d37804a99e63b8dd1a,False,,True
_TF1_R1_1_WORK/ORIGINAL_COMPARE/M3A_DIAGONAL_FAMILY_TRICHOTOMY_TF1/EXPECTED_CANONICAL.sha256,.sha256,249,295596b2fcde47b2add4ca6eafc955650938cebe5193a7097fe74ebbb2b5cef6,False,,False
_TF1_R1_1_WORK/ORIGINAL_COMPARE/M3A_DIAGONAL_FAMILY_TRICHOTOMY_TF1/FAILURE_LEDGER.md,.md,1266,a8a3ba235afbb4f7f20dc5054925b6de30e91c34436c1ba48ca666b07fa07571,True,utf-8-sig,False
_TF1_R1_1_WORK/ORIGINAL_COMPARE/M3A_DIAGONAL_FAMILY_TRICHOTOMY_TF1/FINAL_TF1_ASSESSMENT.md,.md,2503,abeb2d4aa7340ed768f522179422acd82c37b9aa5058d594b730d1ab58d129b9,True,utf-8-sig,False
_TF1_R1_1_WORK/ORIGINAL_COMPARE/M3A_DIAGONAL_FAMILY_TRICHOTOMY_TF1/INPUT_ARCHIVES.sha256,.sha256,724,39d088dfecc987146796951df6567ea624d4c3642db6048f411d16d8ced4f4f9,False,,False
_TF1_R1_1_WORK/ORIGINAL_COMPARE/M3A_DIAGONAL_FAMILY_TRICHOTOMY_TF1/INPUTS/M3A_000029_exact_polynomial_certificate.zip,.zip,9415,6ec4425d54a3e69a10a91fa0d56c9241b67fdbfb1bc71428664cf3752eb5e72e,False,,False
_TF1_R1_1_WORK/ORIGINAL_COMPARE/M3A_DIAGONAL_FAMILY_TRICHOTOMY_TF1/INPUTS/M3A_000029_FIRST_PRINCIPLES_REDERIVATION_POSITIVE_WEIGHT_THEOREM.zip,.zip,16419,278ec717a037d694014c25a86959818102e37a4985fca5251608b471db2b3640,False,,False
_TF1_R1_1_WORK/ORIGINAL_COMPARE/M3A_DIAGONAL_FAMILY_TRICHOTOMY_TF1/INPUTS/M3A_POSITIVE_WEIGHT_DOMINANCE_THEOREM_NUCLEUS_TC1.zip,.zip,18140743,07d91b3596298d349bfca3ec2c544e749e580be0b3f4a3899dac3c35b71bb15d,False,,False
_TF1_R1_1_WORK/ORIGINAL_COMPARE/M3A_DIAGONAL_FAMILY_TRICHOTOMY_TF1/INPUTS/STAGE_C5_M3A_EXACT_FIRST_INVERSE_DESIGN_2026-07-31_R1_0.zip,.zip,5165673,c131293afd71a15f5c254071a83ae848f859bc3d1f3655986b3a463256eb8534,False,,False
_TF1_R1_1_WORK/ORIGINAL_COMPARE/M3A_DIAGONAL_FAMILY_TRICHOTOMY_TF1/INPUTS/TF1_DIAGONAL_FAMILY_TRICHOTOMY_AUDIT_PROMPT.md,.md,17836,71284d17d71d483f72ddcc29f350d70e4503efd736b95b9b26792e7d66c58b79,False,,True
_TF1_R1_1_WORK/ORIGINAL_COMPARE/M3A_DIAGONAL_FAMILY_TRICHOTOMY_TF1/INPUTS/TF1_DIAGONAL_FAMILY_TRICHOTOMY_AUDIT_PROMPT.md.sha256,.sha256,113,ed144e525028ef5cc6dc9d8255da90a6308e7fb1fd386b20306d5e17d45f6108,False,,False
_TF1_R1_1_WORK/ORIGINAL_COMPARE/M3A_DIAGONAL_FAMILY_TRICHOTOMY_TF1/INVERSE_CONSTRUCTIONS.md,.md,520,24243dabae7cefd6d8e519d3b18a3c590d04aebeb74699fef1376b96d84895c4,False,,True
_TF1_R1_1_WORK/ORIGINAL_COMPARE/M3A_DIAGONAL_FAMILY_TRICHOTOMY_TF1/LEADING_COEFFICIENT_CERTIFICATES.json,.json,848,2983a59cfb2751a735c698556085ab3e2a68bed6b44473e8482f978bc396c195,False,,True
_TF1_R1_1_WORK/ORIGINAL_COMPARE/M3A_DIAGONAL_FAMILY_TRICHOTOMY_TF1/MANIFEST.sha256,.sha256,4622,325bf861698b6f99f63f7152ddae17a06293ba062bc03292c25cf62cc58d6405,False,,False
_TF1_R1_1_WORK/ORIGINAL_COMPARE/M3A_DIAGONAL_FAMILY_TRICHOTOMY_TF1/MANIFEST_POLICY.md,.md,571,7b8d5c0ddd46daa83b83fc90f9d77df7123b90cbaea5b68cf0938b1d78ae5948,False,,True
_TF1_R1_1_WORK/ORIGINAL_COMPARE/M3A_DIAGONAL_FAMILY_TRICHOTOMY_TF1/MOMENT_WORD_PROOF.md,.md,1199,5c2a7953927f392e87d7b54d4884cb3efda8255e0a1b6f94758d663814c08a4c,True,utf-8-sig,False
_TF1_R1_1_WORK/ORIGINAL_COMPARE/M3A_DIAGONAL_FAMILY_TRICHOTOMY_TF1/PAPER_POSITIONING_HANDOFF.md,.md,986,e65c6e63615c61e912a99a2c4c6af6c04af0a7c3ede9ff794aea71a622ff450f,True,utf-8-sig,False
_TF1_R1_1_WORK/ORIGINAL_COMPARE/M3A_DIAGONAL_FAMILY_TRICHOTOMY_TF1/POSITIVE_WEIGHT_FAMILY_THEOREM.tex,.tex,1465,1794f04e7c3fef6cc3b8e14b34e65fdb9ef5746fde4ee0e8dab3b1ba1144e1ba,True,utf-8-sig,False
_TF1_R1_1_WORK/ORIGINAL_COMPARE/M3A_DIAGONAL_FAMILY_TRICHOTOMY_TF1/PRIOR_ART_AUDIT.md,.md,4159,13246c701c66d4a1de3f17cdddf9d79d1c026a65273f373e028e2656941d0dee,False,,True
_TF1_R1_1_WORK/ORIGINAL_COMPARE/M3A_DIAGONAL_FAMILY_TRICHOTOMY_TF1/RAW_FAMILY_MODEL.json,.json,695,703b2b23f9a362e8fe991db3c54ecc8f6948152aa88eaf0443e454cfa05ecc4f,False,,True
_TF1_R1_1_WORK/ORIGINAL_COMPARE/M3A_DIAGONAL_FAMILY_TRICHOTOMY_TF1/REPRODUCE.sh,.sh,602,734128e4bfd11da17734d80e333cc6c25e76333710353bedb685630cdc321f5f,True,utf-8-sig,False
_TF1_R1_1_WORK/ORIGINAL_COMPARE/M3A_DIAGONAL_FAMILY_TRICHOTOMY_TF1/REPRODUCIBILITY_PROTOCOL.md,.md,924,250daa28acffd16c7f1f3738d92df27b9b892bac71068ed136c25709c0272089,False,,True
_TF1_R1_1_WORK/ORIGINAL_COMPARE/M3A_DIAGONAL_FAMILY_TRICHOTOMY_TF1/SYZYGY_CERTIFICATE.md,.md,576,8295595e3519f6e985bd74ded18155b43d68367b6f54112f9992e834edcfc6bf,False,,True
_TF1_R1_1_WORK/package_zip.py,.py,1315,65acc17929e4601278f546d33cf5e793af997606290529661476e46bd3fc9d04,True,utf-8-sig,False
_TF1_R1_1_WORK/PAPER_BUILD/M3A_Diagonal_Family_Trichotomy_Paper_R1_1.tex,.tex,28225,1b8d04a04dcf5941566368b261932e78c7773beb83b8816af35de1ebb3902d6e,False,,True
_TF1_R1_1_WORK/PAPER_BUILD/m3a_references.bib,.bib,2742,e0a24e33307f3dcd5b732b3c74e9ba71be03ab36863ccdd89b3c4326d45790f6,False,,True
_TF1_R1_1_WORK/PAPER_SOURCE_R1_1/BUILD_INSTRUCTIONS.txt,.txt,405,88878b8a4bf02c45d34f15c91a934efacd5530e3b2806479acbc5236c1f91038,True,utf-8-sig,False
_TF1_R1_1_WORK/PAPER_SOURCE_R1_1/M3A_Diagonal_Family_Trichotomy_Paper_R1_1.tex,.tex,28225,1b8d04a04dcf5941566368b261932e78c7773beb83b8816af35de1ebb3902d6e,False,,True
_TF1_R1_1_WORK/PAPER_SOURCE_R1_1/m3a_references.bib,.bib,2742,e0a24e33307f3dcd5b732b3c74e9ba71be03ab36863ccdd89b3c4326d45790f6,False,,True
_TF1_R1_1_WORK/PAPER_SOURCE_R1_1/MANIFEST.sha256,.sha256,286,414b22f358b7948e2d48749eb5f5f157ddc5b9aff1f38fb82813ce19918fe1c1,False,,False
_TF1_R1_1_WORK/PATCH_TEST/M3A_DIAGONAL_FAMILY_TRICHOTOMY_TF1/ASSUMPTIONS_LOCK.md,.md,1759,e35a0d85ac449e77b97672bea76c285f6d4ffc923f62ff8f6253794c8d231a44,False,,True
_TF1_R1_1_WORK/PATCH_TEST/M3A_DIAGONAL_FAMILY_TRICHOTOMY_TF1/CLAIM_AND_NOVELTY_LEDGER.md,.md,1611,a41b89e7f4c8719d32abc85efe7873896751f6db5a97e04dfbe147fa41e84f47,False,,True
_TF1_R1_1_WORK/PATCH_TEST/M3A_DIAGONAL_FAMILY_TRICHOTOMY_TF1/CODE_PRIMARY/integrity_gate.ps1,.ps1,4521,c90d0f59b2bd03c715bf1ca93c481f6ea53eb6d9abc869fbbbe3a02431054279,False,,True
_TF1_R1_1_WORK/PATCH_TEST/M3A_DIAGONAL_FAMILY_TRICHOTOMY_TF1/COMPARISON_POLICY.json,.json,543,51e49ab6e83a177a64a568800ca4138f012ed0bfd883e3d8d31419f0d44da5cf,False,,True
_TF1_R1_1_WORK/PATCH_TEST/M3A_DIAGONAL_FAMILY_TRICHOTOMY_TF1/COUNTEREXAMPLES_AND_SCOPE.md,.md,1363,00f31c0f04e5e6fe1cd1cb8530d82432ae7be198905f5512497d0193249b62ef,False,,True
_TF1_R1_1_WORK/PATCH_TEST/M3A_DIAGONAL_FAMILY_TRICHOTOMY_TF1/DATA/independent_a.json,.json,517,b0f41b7518e6cc130ceb84e939ee6b843bf68620e30fb3775b70785d0befbfdb,False,,True
_TF1_R1_1_WORK/PATCH_TEST/M3A_DIAGONAL_FAMILY_TRICHOTOMY_TF1/DATA/independent_b.json,.json,14275,ee278fc5065789417fcb0ceba1338a95966ac17fcf5d15951126bca39b10a3a6,False,,True
_TF1_R1_1_WORK/PATCH_TEST/M3A_DIAGONAL_FAMILY_TRICHOTOMY_TF1/DATA/integrity_gate.json,.json,1148,e902df18927731d5e46beeaf2c2e8e27e23aadb4cfcc076256df95655c9a3c23,False,,True
_TF1_R1_1_WORK/PATCH_TEST/M3A_DIAGONAL_FAMILY_TRICHOTOMY_TF1/DATA/primary.json,.json,13856,b928506a7b82c7b055eb8f691e99ba4c25617165a7b556d37804a99e63b8dd1a,False,,True
_TF1_R1_1_WORK/PATCH_TEST/M3A_DIAGONAL_FAMILY_TRICHOTOMY_TF1/DATA/TF1_CONTROLS.json,.json,2159,57a65bd60519300e36bfddf482afb14a0c5b3d40af5f467497ac9cba422af1e4,False,,True
_TF1_R1_1_WORK/PATCH_TEST/M3A_DIAGONAL_FAMILY_TRICHOTOMY_TF1/DENOMINATOR_AND_CANCELLATION_AUDIT.md,.md,3080,72bfbdd6e503de0da8e607444ccb84acd4eda013b89fa125a04849dc05357f92,False,,True
_TF1_R1_1_WORK/PATCH_TEST/M3A_DIAGONAL_FAMILY_TRICHOTOMY_TF1/DIAGONAL_FAMILY_TRICHOTOMY_THEOREM.tex,.tex,1849,2d7472346901d08bb891e2da32681aa4ca08075547c38f1e89a33e44ccfb14df,False,,True
_TF1_R1_1_WORK/PATCH_TEST/M3A_DIAGONAL_FAMILY_TRICHOTOMY_TF1/ENDPOINT_SUPPORT_BOUND.md,.md,791,481b439971a4fc423c3e7880f2210b9e19c8c50a5b858229ef28842836717f48,False,,True
_TF1_R1_1_WORK/PATCH_TEST/M3A_DIAGONAL_FAMILY_TRICHOTOMY_TF1/ENVIRONMENT_SPECIFICATION.txt,.txt,549,9cbed4153221562f746251dae83015365f06deb0ecf6424f47610ee2dbd5be37,False,,True
_TF1_R1_1_WORK/PATCH_TEST/M3A_DIAGONAL_FAMILY_TRICHOTOMY_TF1/EXACT_DARK_COMPONENT_DECOMPOSITION.md,.md,1491,bee168ab1c807083307e8e9a5f165fa26e7cbead73a17e70c59236a771093fab,False,,True
_TF1_R1_1_WORK/PATCH_TEST/M3A_DIAGONAL_FAMILY_TRICHOTOMY_TF1/EXACT_FAMILY_NUMERATOR_THEOREM.tex,.tex,1175,8916652f8d34f17deb684bfe9ec9f92a4c1cb7310fd554702ab13abd1eef4967,False,,True
_TF1_R1_1_WORK/PATCH_TEST/M3A_DIAGONAL_FAMILY_TRICHOTOMY_TF1/EXPECTED/independent_a.json,.json,517,b0f41b7518e6cc130ceb84e939ee6b843bf68620e30fb3775b70785d0befbfdb,False,,True
_TF1_R1_1_WORK/PATCH_TEST/M3A_DIAGONAL_FAMILY_TRICHOTOMY_TF1/EXPECTED/independent_b.json,.json,14275,ee278fc5065789417fcb0ceba1338a95966ac17fcf5d15951126bca39b10a3a6,False,,True
_TF1_R1_1_WORK/PATCH_TEST/M3A_DIAGONAL_FAMILY_TRICHOTOMY_TF1/EXPECTED/primary.json,.json,13856,b928506a7b82c7b055eb8f691e99ba4c25617165a7b556d37804a99e63b8dd1a,False,,True
_TF1_R1_1_WORK/PATCH_TEST/M3A_DIAGONAL_FAMILY_TRICHOTOMY_TF1/EXPECTED_CANONICAL.sha256,.sha256,249,295596b2fcde47b2add4ca6eafc955650938cebe5193a7097fe74ebbb2b5cef6,False,,False
_TF1_R1_1_WORK/PATCH_TEST/M3A_DIAGONAL_FAMILY_TRICHOTOMY_TF1/FAILURE_LEDGER.md,.md,1266,a8a3ba235afbb4f7f20dc5054925b6de30e91c34436c1ba48ca666b07fa07571,False,,True
_TF1_R1_1_WORK/PATCH_TEST/M3A_DIAGONAL_FAMILY_TRICHOTOMY_TF1/FINAL_TF1_ASSESSMENT.md,.md,2503,abeb2d4aa7340ed768f522179422acd82c37b9aa5058d594b730d1ab58d129b9,False,,True
_TF1_R1_1_WORK/PATCH_TEST/M3A_DIAGONAL_FAMILY_TRICHOTOMY_TF1/INPUT_ARCHIVES.sha256,.sha256,724,39d088dfecc987146796951df6567ea624d4c3642db6048f411d16d8ced4f4f9,False,,False
_TF1_R1_1_WORK/PATCH_TEST/M3A_DIAGONAL_FAMILY_TRICHOTOMY_TF1/INPUTS/M3A_000029_exact_polynomial_certificate.zip,.zip,9415,6ec4425d54a3e69a10a91fa0d56c9241b67fdbfb1bc71428664cf3752eb5e72e,False,,False
_TF1_R1_1_WORK/PATCH_TEST/M3A_DIAGONAL_FAMILY_TRICHOTOMY_TF1/INPUTS/M3A_000029_FIRST_PRINCIPLES_REDERIVATION_POSITIVE_WEIGHT_THEOREM.zip,.zip,16419,278ec717a037d694014c25a86959818102e37a4985fca5251608b471db2b3640,False,,False
_TF1_R1_1_WORK/PATCH_TEST/M3A_DIAGONAL_FAMILY_TRICHOTOMY_TF1/INPUTS/M3A_POSITIVE_WEIGHT_DOMINANCE_THEOREM_NUCLEUS_TC1.zip,.zip,18140743,07d91b3596298d349bfca3ec2c544e749e580be0b3f4a3899dac3c35b71bb15d,False,,False
_TF1_R1_1_WORK/PATCH_TEST/M3A_DIAGONAL_FAMILY_TRICHOTOMY_TF1/INPUTS/STAGE_C5_M3A_EXACT_FIRST_INVERSE_DESIGN_2026-07-31_R1_0.zip,.zip,5165673,c131293afd71a15f5c254071a83ae848f859bc3d1f3655986b3a463256eb8534,False,,False
_TF1_R1_1_WORK/PATCH_TEST/M3A_DIAGONAL_FAMILY_TRICHOTOMY_TF1/INPUTS/TF1_DIAGONAL_FAMILY_TRICHOTOMY_AUDIT_PROMPT.md,.md,17836,71284d17d71d483f72ddcc29f350d70e4503efd736b95b9b26792e7d66c58b79,False,,True
_TF1_R1_1_WORK/PATCH_TEST/M3A_DIAGONAL_FAMILY_TRICHOTOMY_TF1/INPUTS/TF1_DIAGONAL_FAMILY_TRICHOTOMY_AUDIT_PROMPT.md.sha256,.sha256,113,ed144e525028ef5cc6dc9d8255da90a6308e7fb1fd386b20306d5e17d45f6108,False,,False
_TF1_R1_1_WORK/PATCH_TEST/M3A_DIAGONAL_FAMILY_TRICHOTOMY_TF1/INVERSE_CONSTRUCTIONS.md,.md,520,24243dabae7cefd6d8e519d3b18a3c590d04aebeb74699fef1376b96d84895c4,False,,True
_TF1_R1_1_WORK/PATCH_TEST/M3A_DIAGONAL_FAMILY_TRICHOTOMY_TF1/LEADING_COEFFICIENT_CERTIFICATES.json,.json,848,2983a59cfb2751a735c698556085ab3e2a68bed6b44473e8482f978bc396c195,False,,True
_TF1_R1_1_WORK/PATCH_TEST/M3A_DIAGONAL_FAMILY_TRICHOTOMY_TF1/MANIFEST.sha256,.sha256,4622,325bf861698b6f99f63f7152ddae17a06293ba062bc03292c25cf62cc58d6405,False,,False
_TF1_R1_1_WORK/PATCH_TEST/M3A_DIAGONAL_FAMILY_TRICHOTOMY_TF1/MANIFEST_POLICY.md,.md,571,7b8d5c0ddd46daa83b83fc90f9d77df7123b90cbaea5b68cf0938b1d78ae5948,False,,True
_TF1_R1_1_WORK/PATCH_TEST/M3A_DIAGONAL_FAMILY_TRICHOTOMY_TF1/MOMENT_WORD_PROOF.md,.md,1199,5c2a7953927f392e87d7b54d4884cb3efda8255e0a1b6f94758d663814c08a4c,False,,True
_TF1_R1_1_WORK/PATCH_TEST/M3A_DIAGONAL_FAMILY_TRICHOTOMY_TF1/PAPER_POSITIONING_HANDOFF.md,.md,986,e65c6e63615c61e912a99a2c4c6af6c04af0a7c3ede9ff794aea71a622ff450f,False,,True
_TF1_R1_1_WORK/PATCH_TEST/M3A_DIAGONAL_FAMILY_TRICHOTOMY_TF1/POSITIVE_WEIGHT_FAMILY_THEOREM.tex,.tex,1465,1794f04e7c3fef6cc3b8e14b34e65fdb9ef5746fde4ee0e8dab3b1ba1144e1ba,False,,True
_TF1_R1_1_WORK/PATCH_TEST/M3A_DIAGONAL_FAMILY_TRICHOTOMY_TF1/PRIOR_ART_AUDIT.md,.md,4159,13246c701c66d4a1de3f17cdddf9d79d1c026a65273f373e028e2656941d0dee,False,,True
_TF1_R1_1_WORK/PATCH_TEST/M3A_DIAGONAL_FAMILY_TRICHOTOMY_TF1/RAW_FAMILY_MODEL.json,.json,695,703b2b23f9a362e8fe991db3c54ecc8f6948152aa88eaf0443e454cfa05ecc4f,False,,True
_TF1_R1_1_WORK/PATCH_TEST/M3A_DIAGONAL_FAMILY_TRICHOTOMY_TF1/REPRODUCE.sh,.sh,6929,ab59280cdacad4a99bed3c7e9e05e5d8d3984b2e5468f14d9fda7a79c74ffb17,True,utf-8-sig,False
_TF1_R1_1_WORK/PATCH_TEST/M3A_DIAGONAL_FAMILY_TRICHOTOMY_TF1/REPRODUCIBILITY_PROTOCOL.md,.md,924,250daa28acffd16c7f1f3738d92df27b9b892bac71068ed136c25709c0272089,False,,True
_TF1_R1_1_WORK/PATCH_TEST/M3A_DIAGONAL_FAMILY_TRICHOTOMY_TF1/SYZYGY_CERTIFICATE.md,.md,576,8295595e3519f6e985bd74ded18155b43d68367b6f54112f9992e834edcfc6bf,False,,True
_TF1_R1_1_WORK/TF1_R1_1/M3A_DIAGONAL_FAMILY_TRICHOTOMY_TF1/ASSUMPTIONS_LOCK.md,.md,1680,1a255b18a9cd45195b9446c01fea27a64f2a50aa2a5c7f3e5bdba519efe35026,False,,True
_TF1_R1_1_WORK/TF1_R1_1/M3A_DIAGONAL_FAMILY_TRICHOTOMY_TF1/CLAIM_AND_NOVELTY_LEDGER.md,.md,1611,a41b89e7f4c8719d32abc85efe7873896751f6db5a97e04dfbe147fa41e84f47,False,,True
_TF1_R1_1_WORK/TF1_R1_1/M3A_DIAGONAL_FAMILY_TRICHOTOMY_TF1/CODE_PRIMARY/integrity_gate.ps1,.ps1,5814,a82b968e581feda6758c1f9eacd0804992ffccf445f88625370f6b860d320cfd,False,,True
_TF1_R1_1_WORK/TF1_R1_1/M3A_DIAGONAL_FAMILY_TRICHOTOMY_TF1/COMPARISON_POLICY.json,.json,543,51e49ab6e83a177a64a568800ca4138f012ed0bfd883e3d8d31419f0d44da5cf,False,,True
_TF1_R1_1_WORK/TF1_R1_1/M3A_DIAGONAL_FAMILY_TRICHOTOMY_TF1/COUNTEREXAMPLES_AND_SCOPE.md,.md,1363,00f31c0f04e5e6fe1cd1cb8530d82432ae7be198905f5512497d0193249b62ef,False,,True
_TF1_R1_1_WORK/TF1_R1_1/M3A_DIAGONAL_FAMILY_TRICHOTOMY_TF1/DATA/independent_a.json,.json,517,b0f41b7518e6cc130ceb84e939ee6b843bf68620e30fb3775b70785d0befbfdb,False,,True
_TF1_R1_1_WORK/TF1_R1_1/M3A_DIAGONAL_FAMILY_TRICHOTOMY_TF1/DATA/independent_b.json,.json,14275,ee278fc5065789417fcb0ceba1338a95966ac17fcf5d15951126bca39b10a3a6,False,,True
_TF1_R1_1_WORK/TF1_R1_1/M3A_DIAGONAL_FAMILY_TRICHOTOMY_TF1/DATA/integrity_gate.json,.json,1357,e652d65adcea90a0f24f634eeeba125d99c9ead5741adb86560fd3069a039faf,False,,True
_TF1_R1_1_WORK/TF1_R1_1/M3A_DIAGONAL_FAMILY_TRICHOTOMY_TF1/DATA/primary.json,.json,13856,b928506a7b82c7b055eb8f691e99ba4c25617165a7b556d37804a99e63b8dd1a,False,,True
_TF1_R1_1_WORK/TF1_R1_1/M3A_DIAGONAL_FAMILY_TRICHOTOMY_TF1/DATA/TF1_CONTROLS.json,.json,2159,57a65bd60519300e36bfddf482afb14a0c5b3d40af5f467497ac9cba422af1e4,False,,True
_TF1_R1_1_WORK/TF1_R1_1/M3A_DIAGONAL_FAMILY_TRICHOTOMY_TF1/DENOMINATOR_AND_CANCELLATION_AUDIT.md,.md,3080,72bfbdd6e503de0da8e607444ccb84acd4eda013b89fa125a04849dc05357f92,False,,True
_TF1_R1_1_WORK/TF1_R1_1/M3A_DIAGONAL_FAMILY_TRICHOTOMY_TF1/DIAGONAL_FAMILY_TRICHOTOMY_THEOREM.tex,.tex,1953,ba207dce7eed7f7f1e77eefc090c681e97ded0b460594401af51f219873f143d,False,,True
_TF1_R1_1_WORK/TF1_R1_1/M3A_DIAGONAL_FAMILY_TRICHOTOMY_TF1/ENDPOINT_SUPPORT_BOUND.md,.md,937,8675304a40cfc8cdf057181f9d25b39c45e56855f0451d86b16b2cded3c5122d,False,,True
_TF1_R1_1_WORK/TF1_R1_1/M3A_DIAGONAL_FAMILY_TRICHOTOMY_TF1/ENVIRONMENT_SPECIFICATION.txt,.txt,549,9cbed4153221562f746251dae83015365f06deb0ecf6424f47610ee2dbd5be37,False,,True
_TF1_R1_1_WORK/TF1_R1_1/M3A_DIAGONAL_FAMILY_TRICHOTOMY_TF1/EXACT_DARK_COMPONENT_DECOMPOSITION.md,.md,1509,0cd77e2e8a399c272e974b383d657e74b798c27bb6b882144e7d60a64a055a5b,False,,True
_TF1_R1_1_WORK/TF1_R1_1/M3A_DIAGONAL_FAMILY_TRICHOTOMY_TF1/EXACT_FAMILY_NUMERATOR_THEOREM.tex,.tex,1175,8916652f8d34f17deb684bfe9ec9f92a4c1cb7310fd554702ab13abd1eef4967,False,,True
_TF1_R1_1_WORK/TF1_R1_1/M3A_DIAGONAL_FAMILY_TRICHOTOMY_TF1/EXPECTED/independent_a.json,.json,517,b0f41b7518e6cc130ceb84e939ee6b843bf68620e30fb3775b70785d0befbfdb,False,,True
_TF1_R1_1_WORK/TF1_R1_1/M3A_DIAGONAL_FAMILY_TRICHOTOMY_TF1/EXPECTED/independent_b.json,.json,14275,ee278fc5065789417fcb0ceba1338a95966ac17fcf5d15951126bca39b10a3a6,False,,True
_TF1_R1_1_WORK/TF1_R1_1/M3A_DIAGONAL_FAMILY_TRICHOTOMY_TF1/EXPECTED/primary.json,.json,13856,b928506a7b82c7b055eb8f691e99ba4c25617165a7b556d37804a99e63b8dd1a,False,,True
_TF1_R1_1_WORK/TF1_R1_1/M3A_DIAGONAL_FAMILY_TRICHOTOMY_TF1/EXPECTED_CANONICAL.sha256,.sha256,249,295596b2fcde47b2add4ca6eafc955650938cebe5193a7097fe74ebbb2b5cef6,False,,False
_TF1_R1_1_WORK/TF1_R1_1/M3A_DIAGONAL_FAMILY_TRICHOTOMY_TF1/FAILURE_LEDGER.md,.md,949,e21a96510e51eff9e671b3ea6f548989ec7afec022cfbd6f47d4c6d9c401f44b,False,,True
_TF1_R1_1_WORK/TF1_R1_1/M3A_DIAGONAL_FAMILY_TRICHOTOMY_TF1/FINAL_TF1_ASSESSMENT.md,.md,2383,05d232359de30deb5bf87ab38b39ed0d60c2bc236e5e5bdc7fda30f8f75c4436,False,,True
_TF1_R1_1_WORK/TF1_R1_1/M3A_DIAGONAL_FAMILY_TRICHOTOMY_TF1/INPUT_ARCHIVES.sha256,.sha256,989,2e80c8b443b97a26eb07a751f576f682ff7ebdc0c978454219b0ccf1f0acf652,False,,False
_TF1_R1_1_WORK/TF1_R1_1/M3A_DIAGONAL_FAMILY_TRICHOTOMY_TF1/INPUTS/M3A_000029_exact_polynomial_certificate.zip,.zip,9415,6ec4425d54a3e69a10a91fa0d56c9241b67fdbfb1bc71428664cf3752eb5e72e,False,,False
_TF1_R1_1_WORK/TF1_R1_1/M3A_DIAGONAL_FAMILY_TRICHOTOMY_TF1/INPUTS/M3A_000029_FIRST_PRINCIPLES_REDERIVATION_POSITIVE_WEIGHT_THEOREM.zip,.zip,16419,278ec717a037d694014c25a86959818102e37a4985fca5251608b471db2b3640,False,,False
_TF1_R1_1_WORK/TF1_R1_1/M3A_DIAGONAL_FAMILY_TRICHOTOMY_TF1/INPUTS/M3A_000029_SINGLE_PATH_POSITIVE_WEIGHT_THEOREM_LOCKED_v1_0.tex,.tex,10433,133878b890ac3982e1757766d0d236069298106aae8e910e5b7460614fc30249,False,,True
_TF1_R1_1_WORK/TF1_R1_1/M3A_DIAGONAL_FAMILY_TRICHOTOMY_TF1/INPUTS/M3A_000029_SINGLE_PATH_POSITIVE_WEIGHT_THEOREM_LOCKED_v1_0.tex.sha256,.sha256,129,c7437d9b2a8853b58b8a0801a620eac840619927d29da758da1019b6a15733d2,False,,False
_TF1_R1_1_WORK/TF1_R1_1/M3A_DIAGONAL_FAMILY_TRICHOTOMY_TF1/INPUTS/M3A_POSITIVE_WEIGHT_DOMINANCE_THEOREM_NUCLEUS_TC1.zip,.zip,18140743,07d91b3596298d349bfca3ec2c544e749e580be0b3f4a3899dac3c35b71bb15d,False,,False
_TF1_R1_1_WORK/TF1_R1_1/M3A_DIAGONAL_FAMILY_TRICHOTOMY_TF1/INPUTS/STAGE_C5_M3A_EXACT_FIRST_INVERSE_DESIGN_2026-07-31_R1_0.zip,.zip,5165673,c131293afd71a15f5c254071a83ae848f859bc3d1f3655986b3a463256eb8534,False,,False
_TF1_R1_1_WORK/TF1_R1_1/M3A_DIAGONAL_FAMILY_TRICHOTOMY_TF1/INPUTS/TF1_DIAGONAL_FAMILY_TRICHOTOMY_AUDIT_PROMPT.md,.md,17836,71284d17d71d483f72ddcc29f350d70e4503efd736b95b9b26792e7d66c58b79,False,,True
_TF1_R1_1_WORK/TF1_R1_1/M3A_DIAGONAL_FAMILY_TRICHOTOMY_TF1/INPUTS/TF1_DIAGONAL_FAMILY_TRICHOTOMY_AUDIT_PROMPT.md.sha256,.sha256,113,ed144e525028ef5cc6dc9d8255da90a6308e7fb1fd386b20306d5e17d45f6108,False,,False
_TF1_R1_1_WORK/TF1_R1_1/M3A_DIAGONAL_FAMILY_TRICHOTOMY_TF1/INVERSE_CONSTRUCTIONS.md,.md,520,24243dabae7cefd6d8e519d3b18a3c590d04aebeb74699fef1376b96d84895c4,False,,True
_TF1_R1_1_WORK/TF1_R1_1/M3A_DIAGONAL_FAMILY_TRICHOTOMY_TF1/LEADING_COEFFICIENT_CERTIFICATES.json,.json,848,2983a59cfb2751a735c698556085ab3e2a68bed6b44473e8482f978bc396c195,False,,True
_TF1_R1_1_WORK/TF1_R1_1/M3A_DIAGONAL_FAMILY_TRICHOTOMY_TF1/M3A_TF1_R1_1_CHANGELOG.md,.md,1639,327f80aa28b0eb5b91574ac1a98f29a6cea76644f83b8874de366e43382a1803,False,,True
_TF1_R1_1_WORK/TF1_R1_1/M3A_DIAGONAL_FAMILY_TRICHOTOMY_TF1/MANIFEST.sha256,.sha256,5092,5d8b3e1f4b51b47ba14d90c1927c4a6bd0e3fead0c94aa3a52e8c3c4f691b7df,False,,False
_TF1_R1_1_WORK/TF1_R1_1/M3A_DIAGONAL_FAMILY_TRICHOTOMY_TF1/MANIFEST_POLICY.md,.md,571,7b8d5c0ddd46daa83b83fc90f9d77df7123b90cbaea5b68cf0938b1d78ae5948,False,,True
_TF1_R1_1_WORK/TF1_R1_1/M3A_DIAGONAL_FAMILY_TRICHOTOMY_TF1/MOMENT_WORD_PROOF.md,.md,1394,de958130db6cac79c7ffb4ef1dd8af47ded096ff4feb92023ebbec0f0f3aa690,False,,True
_TF1_R1_1_WORK/TF1_R1_1/M3A_DIAGONAL_FAMILY_TRICHOTOMY_TF1/PAPER_POSITIONING_HANDOFF.md,.md,992,e9551ac68bb66c97f8f2b90c0269205b57c7eaa07979c834865e612843f2f748,False,,True
_TF1_R1_1_WORK/TF1_R1_1/M3A_DIAGONAL_FAMILY_TRICHOTOMY_TF1/POSITIVE_WEIGHT_FAMILY_THEOREM.tex,.tex,2736,5cb8650a21e09fc86bc09869badaa28a79454301a9651715c94f1f4922917271,False,,True
_TF1_R1_1_WORK/TF1_R1_1/M3A_DIAGONAL_FAMILY_TRICHOTOMY_TF1/PRIOR_ART_AUDIT.md,.md,4159,13246c701c66d4a1de3f17cdddf9d79d1c026a65273f373e028e2656941d0dee,False,,True
_TF1_R1_1_WORK/TF1_R1_1/M3A_DIAGONAL_FAMILY_TRICHOTOMY_TF1/RAW_FAMILY_MODEL.json,.json,695,703b2b23f9a362e8fe991db3c54ecc8f6948152aa88eaf0443e454cfa05ecc4f,False,,True
_TF1_R1_1_WORK/TF1_R1_1/M3A_DIAGONAL_FAMILY_TRICHOTOMY_TF1/REPRODUCE.sh,.sh,6741,4b722863a29051405b46f9d0a790a776d22dac90a30a7e1de6630a01f8a4fae8,False,,True
_TF1_R1_1_WORK/TF1_R1_1/M3A_DIAGONAL_FAMILY_TRICHOTOMY_TF1/REPRODUCIBILITY_PROTOCOL.md,.md,924,250daa28acffd16c7f1f3738d92df27b9b892bac71068ed136c25709c0272089,False,,True
_TF1_R1_1_WORK/TF1_R1_1/M3A_DIAGONAL_FAMILY_TRICHOTOMY_TF1/SYZYGY_CERTIFICATE.md,.md,576,8295595e3519f6e985bd74ded18155b43d68367b6f54112f9992e834edcfc6bf,False,,True
_TF1_R1_1_WORK/TinyTeX.zip,.zip,246852918,,False,,False
_V/A/M3A_ARC1_COLLEAGUE_CLARIFICATION_R1_0/ARC1_DOCUMENTATION_CORRECTION_LEDGER.md,.md,3024,30e7c56ef2ca3a38eda9249276b3dbd8818bfc6b7608e94ffaef1998e8923eaa,False,,True
_V/A/M3A_ARC1_COLLEAGUE_CLARIFICATION_R1_0/ARC1_INFORMATION_RESPONSE_R1_0.md,.md,11207,67c6983432e2802baf916f6e441bbb411a139f807a53ec6a41bf9543a63e7783,False,,True
_V/A/M3A_ARC1_COLLEAGUE_CLARIFICATION_R1_0/ARC1_MODEL_AND_TRIPLE_SERIES_DEFINITION.tex,.tex,1615,6fa2f64bad46cc9585e9b97f4b3839a798764b9e154112c531ae0d86f30af23d,False,,True
_V/A/M3A_ARC1_COLLEAGUE_CLARIFICATION_R1_0/ARC1_PRIOR_ART_ADDENDUM.md,.md,4919,115407d2e11669e4a4bff7616ef2aa59602f22afdcfaec2ec3c1887e70ba0967,False,,True
_V/A/M3A_ARC1_COLLEAGUE_CLARIFICATION_R1_0/ARC1_REPRODUCTION_EVIDENCE.md,.md,3608,6be662d2ff2380b9b23f61d3b5d0bc08eed6d2e9497c40f8e953938a0d5252d5,False,,True
_V/A/M3A_ARC1_COLLEAGUE_CLARIFICATION_R1_0/ARC1_THREE_SCALE_THEOREM_NUMBERING_PATCH.tex,.tex,2288,9612a2c868f465a4269f78e83af9a864102395053d8b68c627158b151e5581fd,False,,True
_V/A/M3A_ARC1_COLLEAGUE_CLARIFICATION_R1_0/CODE/VERIFY_RELEASE.py,.py,2180,2a16a85e3d67d92e56e1ed394886d666b123b60c0eed20410719e8afa56c4abf,False,,True
_V/A/M3A_ARC1_COLLEAGUE_CLARIFICATION_R1_0/COLLEAGUE_LOCKED_DEFINITIONS_BRIEFING/00_START_HERE.md,.md,3744,b4a8c99f768edde0cff0d92bae0cfd51354f25b0b9dccebb9facba6e15f1ce9a,False,,True
_V/A/M3A_ARC1_COLLEAGUE_CLARIFICATION_R1_0/COLLEAGUE_LOCKED_DEFINITIONS_BRIEFING/01_LOCKED_DYNAMICAL_MODEL.md,.md,3184,e03e399046249bdddcd8c4556c8440a6836fb6b55dbff275f347399234a9d8de,False,,True
_V/A/M3A_ARC1_COLLEAGUE_CLARIFICATION_R1_0/COLLEAGUE_LOCKED_DEFINITIONS_BRIEFING/02_LOCKED_NOTATION_AND_ZERO_CONVENTIONS.md,.md,2766,37ca254b40c7b8b6b62874fa4aede2e16b7347633533705754e3a2ca062ccaaa,False,,True
_V/A/M3A_ARC1_COLLEAGUE_CLARIFICATION_R1_0/COLLEAGUE_LOCKED_DEFINITIONS_BRIEFING/03_LOCKED_THEOREM_AND_QUANTIFIER_MAP.md,.md,2578,8cde2dbfa8bff5e12d28db2422ccd1e3d2cba9c21d1edf678c526e1c06de1de3,False,,True
_V/A/M3A_ARC1_COLLEAGUE_CLARIFICATION_R1_0/COLLEAGUE_LOCKED_DEFINITIONS_BRIEFING/04_SUPPORT_AND_ENDPOINT_FIREWALL.md,.md,1910,869aa7a24af07260b1f438bfcbab47a7e98b075a5541b4ab2c52d756a15040cd,False,,True
_V/A/M3A_ARC1_COLLEAGUE_CLARIFICATION_R1_0/COLLEAGUE_LOCKED_DEFINITIONS_BRIEFING/05_EXACT_DARK_GEOMETRY.md,.md,2092,828053974543741f5aeee7e3b055751d36e42637c8991ca61fdaa4b6630d32a8,False,,True
_V/A/M3A_ARC1_COLLEAGUE_CLARIFICATION_R1_0/COLLEAGUE_LOCKED_DEFINITIONS_BRIEFING/06_THREE_SCALE_FACE_CLASSIFICATION.md,.md,3309,42e1d08c1cc995869918e7126644acbaa996bce61519ac69eb4c842699d73efa,False,,True
_V/A/M3A_ARC1_COLLEAGUE_CLARIFICATION_R1_0/COLLEAGUE_LOCKED_DEFINITIONS_BRIEFING/07_REPRODUCTION_QUICKSTART.md,.md,2767,0bcb2bc0636da00f8b192163cb25f81a4f18ac5c7c14c6e468df41191e81026f,False,,True
_V/A/M3A_ARC1_COLLEAGUE_CLARIFICATION_R1_0/COLLEAGUE_LOCKED_DEFINITIONS_BRIEFING/08_SOURCE_PROVENANCE_AND_HASHES.md,.md,3707,5eb661e5a9e8454be4763598a59cec3c280f58c66402b64ba7be907f396c8ab2,False,,True
_V/A/M3A_ARC1_COLLEAGUE_CLARIFICATION_R1_0/COLLEAGUE_LOCKED_DEFINITIONS_BRIEFING/09_CLAIM_STATUS_AND_OPEN_GAPS.md,.md,4129,128956390ad62bbf1578eb050d18dd9b58392e1f2f0f9f496ff96686b0f198c9,False,,True
_V/A/M3A_ARC1_COLLEAGUE_CLARIFICATION_R1_0/COLLEAGUE_LOCKED_DEFINITIONS_BRIEFING/10_GLOSSARY.md,.md,2394,4ddfb67f69de603d8964847c8e3af5e58ccd81b10de498d711bef89b78fa2b16,False,,True
_V/A/M3A_ARC1_COLLEAGUE_CLARIFICATION_R1_0/COLLEAGUE_LOCKED_DEFINITIONS_BRIEFING/11_QUESTION_TO_SOURCE_INDEX.md,.md,2229,12b535b256e9d6ba5bcf8b84c8763feee2d5e0baca4d755d78f4258c17675f4a,False,,True
_V/A/M3A_ARC1_COLLEAGUE_CLARIFICATION_R1_0/COLLEAGUE_LOCKED_DEFINITIONS_BRIEFING/12_PRIOR_ART_CONTEXT.md,.md,2845,f864a615a5b03452bf0a51b587a5596bbf3b785c989b65f4cb879c180829d6ed,False,,True
_V/A/M3A_ARC1_COLLEAGUE_CLARIFICATION_R1_0/COLLEAGUE_LOCKED_DEFINITIONS_BRIEFING/ARC1_LOCKED_DEFINITIONS_REFERENCE.pdf,.pdf,15578,07948d0d9b606db20874eed5941ade3dbc423782d96a94fafd199e8ccdc03444,False,,False
_V/A/M3A_ARC1_COLLEAGUE_CLARIFICATION_R1_0/COLLEAGUE_LOCKED_DEFINITIONS_BRIEFING/ARC1_LOCKED_DEFINITIONS_REFERENCE.tex,.tex,4184,bf2cea917307982c52845cba39a2dcd134aa2a95da2a18ecb6535c9e380aeb3d,False,,True
_V/A/M3A_ARC1_COLLEAGUE_CLARIFICATION_R1_0/COLLEAGUE_LOCKED_DEFINITIONS_BRIEFING/BUILD_REFERENCE_PDF.py,.py,9516,37edd089a63e9ba265fa90cbe8e4bf18e39646e5ae9f3277b273320933f7439d,False,,True
_V/A/M3A_ARC1_COLLEAGUE_CLARIFICATION_R1_0/COLLEAGUE_LOCKED_DEFINITIONS_BRIEFING/LOCKED_DEFINITIONS.json,.json,9710,6b12ac4b38476f6e83164580c35a8c75606a62c5c88463e7ae0797aaf1e36ab5,False,,True
_V/A/M3A_ARC1_COLLEAGUE_CLARIFICATION_R1_0/COLLEAGUE_LOCKED_DEFINITIONS_BRIEFING/MANIFEST.sha256,.sha256,3785,1928b1c58da3d5d24f31edf91b21ecd33f1afcb38c9fdeb50ec44144b27eab19,False,,False
_V/A/M3A_ARC1_COLLEAGUE_CLARIFICATION_R1_0/COLLEAGUE_LOCKED_DEFINITIONS_BRIEFING/MINIMAL_REPRO/EXPECTED_OUTPUT.txt,.txt,263,0535cc9fe3bcf8d0513ed6880564b9a8f951068210c2e9b0da7ffc96d7cfd939,False,,True
_V/A/M3A_ARC1_COLLEAGUE_CLARIFICATION_R1_0/COLLEAGUE_LOCKED_DEFINITIONS_BRIEFING/MINIMAL_REPRO/README.md,.md,839,3d8525f139d642ec7faa986f1249771effa4eab2097be942521a62ba6c688317,False,,True
_V/A/M3A_ARC1_COLLEAGUE_CLARIFICATION_R1_0/COLLEAGUE_LOCKED_DEFINITIONS_BRIEFING/MINIMAL_REPRO/reproduce_key_claims.py,.py,3957,6241f2dadaab880bcf66a1db231013dce58adc0d9781efd81b91895d5bbadf7a,False,,True
_V/A/M3A_ARC1_COLLEAGUE_CLARIFICATION_R1_0/COLLEAGUE_LOCKED_DEFINITIONS_BRIEFING/REPRODUCE.sh,.sh,111,a42c52b9bc8d290248093b736add0a571a053dfa66f5cf39263f90b6e4e8b949,False,,True
_V/A/M3A_ARC1_COLLEAGUE_CLARIFICATION_R1_0/COLLEAGUE_LOCKED_DEFINITIONS_BRIEFING/SOURCES/ARC1/CLAIM_AND_NOVELTY_LEDGER.md,.md,1327,0de3033295e06312cb9cba2f277d104ad794794a184868f9e62111b708564980,False,,True
_V/A/M3A_ARC1_COLLEAGUE_CLARIFICATION_R1_0/COLLEAGUE_LOCKED_DEFINITIONS_BRIEFING/SOURCES/ARC1/EXACT_DARK_MOVING_ARC_THEOREM.tex,.tex,844,064cee0ce1899943b1cc4b7ce4df74099e2970c00255a173fd9371dbf05b734c,False,,True
_V/A/M3A_ARC1_COLLEAGUE_CLARIFICATION_R1_0/COLLEAGUE_LOCKED_DEFINITIONS_BRIEFING/SOURCES/ARC1/FALSIFIER_CERTIFICATE.md,.md,1171,45ea19a0dab49acacead15aa746ac4de092fee5c73f0625c739ec5123a027712,False,,True
_V/A/M3A_ARC1_COLLEAGUE_CLARIFICATION_R1_0/COLLEAGUE_LOCKED_DEFINITIONS_BRIEFING/SOURCES/ARC1/REPARAMETERISATION_LAWS.md,.md,800,64d83cc9118c29dd718669f3d19b2b67240a9bf6a5fe0c1f74658d6dfc1fdc0a,False,,True
_V/A/M3A_ARC1_COLLEAGUE_CLARIFICATION_R1_0/COLLEAGUE_LOCKED_DEFINITIONS_BRIEFING/SOURCES/ARC1/THREE_SCALE_SUPPORT_THEOREM.tex,.tex,2247,24e53623715f08b0f2c1ab577c17d77983d915c98dcb311ec1ec0e54d401c539,False,,True
_V/A/M3A_ARC1_COLLEAGUE_CLARIFICATION_R1_0/COLLEAGUE_LOCKED_DEFINITIONS_BRIEFING/SOURCES/ARC1/TIE_FACE_CANCELLATION_AND_NEXT_ORDER.tex,.tex,1104,a5c3400e7906e56b00c51628b531e2bf8f9835a2e51fc12c14b9b109916a5e81,False,,True
_V/A/M3A_ARC1_COLLEAGUE_CLARIFICATION_R1_0/COLLEAGUE_LOCKED_DEFINITIONS_BRIEFING/SOURCES/ARC1/TRANSFORMED_RESOLVENT_THREE_SCALE_THEOREM.tex,.tex,1055,761f0419f8772c1924c4c58975af433fb84d9275bcbc6a2d8ee330a78468db6b,False,,True
_V/A/M3A_ARC1_COLLEAGUE_CLARIFICATION_R1_0/COLLEAGUE_LOCKED_DEFINITIONS_BRIEFING/SOURCES/AUDITS/M3A_ARC1_FALSIFIER_AND_COLLEAGUE_REQUESTS_AUDIT_2026-08-01.md,.md,17601,a855e845cd1a278e8b16c16a63b44d0e7738eca8df80d4b48fa8acd925e244d5,False,,True
_V/A/M3A_ARC1_COLLEAGUE_CLARIFICATION_R1_0/COLLEAGUE_LOCKED_DEFINITIONS_BRIEFING/SOURCES/PROMPTS/WORKSTATION_ARC1_COLLEAGUE_CLARIFICATION_PATCH_PROMPT_R1_1.md,.md,17405,70bd48d7b21eb82f1c5db1f69ad47ea357f11c008b45a6df6656300ff5c64e9a,False,,True
_V/A/M3A_ARC1_COLLEAGUE_CLARIFICATION_R1_0/COLLEAGUE_LOCKED_DEFINITIONS_BRIEFING/SOURCES/R1_2/M3A_Diagonal_Family_Trichotomy_Paper_R1_2.pdf,.pdf,374126,4135498db2f973d8c3dbd4f77b8ebc94c2f3ea8bfc11e9dd710ef694b65d3222,False,,False
_V/A/M3A_ARC1_COLLEAGUE_CLARIFICATION_R1_0/COLLEAGUE_LOCKED_DEFINITIONS_BRIEFING/SOURCES/R1_2/M3A_Diagonal_Family_Trichotomy_Paper_R1_2.tex,.tex,36123,c5e1d29848307e0b3852d962a6af843499524377ff72c97b647af03052e35009,False,,True
_V/A/M3A_ARC1_COLLEAGUE_CLARIFICATION_R1_0/COLLEAGUE_LOCKED_DEFINITIONS_BRIEFING/SOURCES/SCRIPTS/CODE_PRIMARY/moving_direction_series.py,.py,5556,be49fd7cb0dccdf198a2b25e3152e780b53ab628fcc33ac5eded6314fd39b5f2,False,,True
_V/A/M3A_ARC1_COLLEAGUE_CLARIFICATION_R1_0/COLLEAGUE_LOCKED_DEFINITIONS_BRIEFING/VERIFY_PACKAGE.py,.py,4490,631f6e6e0063d5f411a8f38d2f604679c21d24e4223b0d0fa0031d5c829123a7,False,,True
_V/A/M3A_ARC1_COLLEAGUE_CLARIFICATION_R1_0/MANIFEST.sha256,.sha256,9120,35ae205d7f69002acaba200b07ffdf6b949ab2bd5eefca9c750cfbb74417116a,False,,False
_V/A/M3A_ARC1_COLLEAGUE_CLARIFICATION_R1_0/PATCHED_SUMMARIES/CLAIM_AND_NOVELTY_LEDGER.md,.md,1718,f8647224bb80a21b5f7cbe30ac84a7d9b084632b730622c1d80c30c6be250783,True,utf-8-sig,False
_V/A/M3A_ARC1_COLLEAGUE_CLARIFICATION_R1_0/PATCHED_SUMMARIES/COUNTEREXAMPLES_AND_CONTROLS.md,.md,2221,500a2e2810c7feab530ff2c0f1b0e187fc83323ed5231623aa685d715685beb9,True,utf-8-sig,False
_V/A/M3A_ARC1_COLLEAGUE_CLARIFICATION_R1_0/PATCHED_SUMMARIES/FAILURE_LEDGER.md,.md,1311,5115d3ad5e4876b80592f403761a8329ad6f2ca36b526f8ded34a89ddeabe693,True,utf-8-sig,False
_V/A/M3A_ARC1_COLLEAGUE_CLARIFICATION_R1_0/PATCHED_SUMMARIES/FINAL_ARC1_ASSESSMENT.md,.md,1650,4c455171d1050a228dc5fdc1018b9404a3404577685342ec0ed840429690f1e6,True,utf-8-sig,False
_V/A/M3A_ARC1_COLLEAGUE_CLARIFICATION_R1_0/REPRODUCE.sh,.sh,154,02aba5a4bd73ffe86929c8d04d9bbb72cced11670a2b078d84bea08939abe74b,True,utf-8-sig,False
_V/A/M3A_ARC1_COLLEAGUE_CLARIFICATION_R1_0/SOURCE_AND_ARTIFACT_MAP.md,.md,2830,107e1e40b19ffa0005c81c3af17ab66e8f0c8c701e1092bd91c0d18dfaac1bfe,True,utf-8-sig,False
_V/A/M3A_ARC1_COLLEAGUE_CLARIFICATION_R1_0/SOURCES/ARC1/CLAIM_AND_NOVELTY_LEDGER.md,.md,1327,0de3033295e06312cb9cba2f277d104ad794794a184868f9e62111b708564980,False,,True
_V/A/M3A_ARC1_COLLEAGUE_CLARIFICATION_R1_0/SOURCES/ARC1/EXACT_DARK_MOVING_ARC_THEOREM.tex,.tex,844,064cee0ce1899943b1cc4b7ce4df74099e2970c00255a173fd9371dbf05b734c,False,,True
_V/A/M3A_ARC1_COLLEAGUE_CLARIFICATION_R1_0/SOURCES/ARC1/FALSIFIER_CERTIFICATE.md,.md,1171,45ea19a0dab49acacead15aa746ac4de092fee5c73f0625c739ec5123a027712,False,,True
_V/A/M3A_ARC1_COLLEAGUE_CLARIFICATION_R1_0/SOURCES/ARC1/REPARAMETERISATION_LAWS.md,.md,800,64d83cc9118c29dd718669f3d19b2b67240a9bf6a5fe0c1f74658d6dfc1fdc0a,False,,True
_V/A/M3A_ARC1_COLLEAGUE_CLARIFICATION_R1_0/SOURCES/ARC1/THREE_SCALE_SUPPORT_THEOREM.tex,.tex,2247,24e53623715f08b0f2c1ab577c17d77983d915c98dcb311ec1ec0e54d401c539,False,,True
_V/A/M3A_ARC1_COLLEAGUE_CLARIFICATION_R1_0/SOURCES/ARC1/TIE_FACE_CANCELLATION_AND_NEXT_ORDER.tex,.tex,1104,a5c3400e7906e56b00c51628b531e2bf8f9835a2e51fc12c14b9b109916a5e81,False,,True
_V/A/M3A_ARC1_COLLEAGUE_CLARIFICATION_R1_0/SOURCES/ARC1/TRANSFORMED_RESOLVENT_THREE_SCALE_THEOREM.tex,.tex,1055,761f0419f8772c1924c4c58975af433fb84d9275bcbc6a2d8ee330a78468db6b,False,,True
_V/A/M3A_ARC1_COLLEAGUE_CLARIFICATION_R1_0/SOURCES/ARC1_PACKAGE_METADATA/EXPECTED_CANONICAL.sha256,.sha256,731,eb76d505292c47a34de698b136f5f11a4fa4908946572787cd37f8ce3b0386d9,False,,False
_V/A/M3A_ARC1_COLLEAGUE_CLARIFICATION_R1_0/SOURCES/ARC1_PACKAGE_METADATA/FINAL_NP1_ASSESSMENT.md,.md,1201,6948379a877b50804428c9e90283bf4df9102bf21c206470d9d6fcab2c203995,False,,True
_V/A/M3A_ARC1_COLLEAGUE_CLARIFICATION_R1_0/SOURCES/ARC1_PACKAGE_METADATA/INPUT_ARCHIVES.sha256,.sha256,1489,c269d35619c81216c11a6a7e0d83c3650614ef8c8aa36a5abf70872e346666dd,False,,False
_V/A/M3A_ARC1_COLLEAGUE_CLARIFICATION_R1_0/SOURCES/ARC1_PACKAGE_METADATA/M3A_NEWTON_PROTOCOL_ATLAS_NP1_R1_0.zip.sha256,.sha256,105,dc8afe50cffae339cb51d040472f2f7755af22cf709b719b718031289072d4d2,False,,False
_V/A/M3A_ARC1_COLLEAGUE_CLARIFICATION_R1_0/SOURCES/ARC1_PACKAGE_METADATA/MANIFEST.sha256,.sha256,6573,f975d2739c0c101524861dc85230fa39fb87fb0d3250e7ecb17f9a5145893c3d,False,,False
_V/A/M3A_ARC1_COLLEAGUE_CLARIFICATION_R1_0/SOURCES/ARC1_PACKAGE_METADATA/MANIFEST_POLICY.md,.md,1030,fb088ebff921cee9eb337dde2b2080094f61924c8e913462467e918dbccb2fc3,False,,True
_V/A/M3A_ARC1_COLLEAGUE_CLARIFICATION_R1_0/SOURCES/ARC1_PACKAGE_METADATA/NP1_MANIFEST.sha256,.sha256,5252,e0b97616a89f871286c106391f1f92032f4b38e86fe101b46e77ee09f77e81db,False,,False
_V/A/M3A_ARC1_COLLEAGUE_CLARIFICATION_R1_0/SOURCES/AUDITS/M3A_ARC1_FALSIFIER_AND_COLLEAGUE_REQUESTS_AUDIT_2026-08-01.md,.md,17601,a855e845cd1a278e8b16c16a63b44d0e7738eca8df80d4b48fa8acd925e244d5,False,,True
_V/A/M3A_ARC1_COLLEAGUE_CLARIFICATION_R1_0/SOURCES/PROMPTS/WORKSTATION_ARC1_COLLEAGUE_CLARIFICATION_PATCH_PROMPT_R1_1.md,.md,17405,70bd48d7b21eb82f1c5db1f69ad47ea357f11c008b45a6df6656300ff5c64e9a,False,,True
_V/A/M3A_ARC1_COLLEAGUE_CLARIFICATION_R1_0/SOURCES/R1_2/M3A_Diagonal_Family_Trichotomy_Paper_R1_2.pdf,.pdf,374126,4135498db2f973d8c3dbd4f77b8ebc94c2f3ea8bfc11e9dd710ef694b65d3222,False,,False
_V/A/M3A_ARC1_COLLEAGUE_CLARIFICATION_R1_0/SOURCES/R1_2/M3A_Diagonal_Family_Trichotomy_Paper_R1_2.tex,.tex,36123,c5e1d29848307e0b3852d962a6af843499524377ff72c97b647af03052e35009,False,,True
_V/A/M3A_ARC1_COLLEAGUE_CLARIFICATION_R1_0/SOURCES/SCRIPTS/CODE_PRIMARY/moving_direction_series.py,.py,5556,be49fd7cb0dccdf198a2b25e3152e780b53ab628fcc33ac5eded6314fd39b5f2,False,,True
_V/B/M3A_ARC1_COLLEAGUE_LOCKED_DEFINITIONS_R1_0/00_START_HERE.md,.md,3744,b4a8c99f768edde0cff0d92bae0cfd51354f25b0b9dccebb9facba6e15f1ce9a,False,,True
_V/B/M3A_ARC1_COLLEAGUE_LOCKED_DEFINITIONS_R1_0/01_LOCKED_DYNAMICAL_MODEL.md,.md,3184,e03e399046249bdddcd8c4556c8440a6836fb6b55dbff275f347399234a9d8de,False,,True
_V/B/M3A_ARC1_COLLEAGUE_LOCKED_DEFINITIONS_R1_0/02_LOCKED_NOTATION_AND_ZERO_CONVENTIONS.md,.md,2766,37ca254b40c7b8b6b62874fa4aede2e16b7347633533705754e3a2ca062ccaaa,False,,True
_V/B/M3A_ARC1_COLLEAGUE_LOCKED_DEFINITIONS_R1_0/03_LOCKED_THEOREM_AND_QUANTIFIER_MAP.md,.md,2578,8cde2dbfa8bff5e12d28db2422ccd1e3d2cba9c21d1edf678c526e1c06de1de3,False,,True
_V/B/M3A_ARC1_COLLEAGUE_LOCKED_DEFINITIONS_R1_0/04_SUPPORT_AND_ENDPOINT_FIREWALL.md,.md,1910,869aa7a24af07260b1f438bfcbab47a7e98b075a5541b4ab2c52d756a15040cd,False,,True
_V/B/M3A_ARC1_COLLEAGUE_LOCKED_DEFINITIONS_R1_0/05_EXACT_DARK_GEOMETRY.md,.md,2092,828053974543741f5aeee7e3b055751d36e42637c8991ca61fdaa4b6630d32a8,False,,True
_V/B/M3A_ARC1_COLLEAGUE_LOCKED_DEFINITIONS_R1_0/06_THREE_SCALE_FACE_CLASSIFICATION.md,.md,3309,42e1d08c1cc995869918e7126644acbaa996bce61519ac69eb4c842699d73efa,False,,True
_V/B/M3A_ARC1_COLLEAGUE_LOCKED_DEFINITIONS_R1_0/07_REPRODUCTION_QUICKSTART.md,.md,2767,0bcb2bc0636da00f8b192163cb25f81a4f18ac5c7c14c6e468df41191e81026f,False,,True
_V/B/M3A_ARC1_COLLEAGUE_LOCKED_DEFINITIONS_R1_0/08_SOURCE_PROVENANCE_AND_HASHES.md,.md,3707,5eb661e5a9e8454be4763598a59cec3c280f58c66402b64ba7be907f396c8ab2,False,,True
_V/B/M3A_ARC1_COLLEAGUE_LOCKED_DEFINITIONS_R1_0/09_CLAIM_STATUS_AND_OPEN_GAPS.md,.md,4129,128956390ad62bbf1578eb050d18dd9b58392e1f2f0f9f496ff96686b0f198c9,False,,True
_V/B/M3A_ARC1_COLLEAGUE_LOCKED_DEFINITIONS_R1_0/10_GLOSSARY.md,.md,2394,4ddfb67f69de603d8964847c8e3af5e58ccd81b10de498d711bef89b78fa2b16,False,,True
_V/B/M3A_ARC1_COLLEAGUE_LOCKED_DEFINITIONS_R1_0/11_QUESTION_TO_SOURCE_INDEX.md,.md,2229,12b535b256e9d6ba5bcf8b84c8763feee2d5e0baca4d755d78f4258c17675f4a,False,,True
_V/B/M3A_ARC1_COLLEAGUE_LOCKED_DEFINITIONS_R1_0/12_PRIOR_ART_CONTEXT.md,.md,2845,f864a615a5b03452bf0a51b587a5596bbf3b785c989b65f4cb879c180829d6ed,False,,True
_V/B/M3A_ARC1_COLLEAGUE_LOCKED_DEFINITIONS_R1_0/ARC1_LOCKED_DEFINITIONS_REFERENCE.pdf,.pdf,15578,07948d0d9b606db20874eed5941ade3dbc423782d96a94fafd199e8ccdc03444,False,,False
_V/B/M3A_ARC1_COLLEAGUE_LOCKED_DEFINITIONS_R1_0/ARC1_LOCKED_DEFINITIONS_REFERENCE.tex,.tex,4184,bf2cea917307982c52845cba39a2dcd134aa2a95da2a18ecb6535c9e380aeb3d,False,,True
_V/B/M3A_ARC1_COLLEAGUE_LOCKED_DEFINITIONS_R1_0/BUILD_REFERENCE_PDF.py,.py,9516,37edd089a63e9ba265fa90cbe8e4bf18e39646e5ae9f3277b273320933f7439d,False,,True
_V/B/M3A_ARC1_COLLEAGUE_LOCKED_DEFINITIONS_R1_0/LOCKED_DEFINITIONS.json,.json,9710,6b12ac4b38476f6e83164580c35a8c75606a62c5c88463e7ae0797aaf1e36ab5,False,,True
_V/B/M3A_ARC1_COLLEAGUE_LOCKED_DEFINITIONS_R1_0/MANIFEST.sha256,.sha256,3785,1928b1c58da3d5d24f31edf91b21ecd33f1afcb38c9fdeb50ec44144b27eab19,False,,False
_V/B/M3A_ARC1_COLLEAGUE_LOCKED_DEFINITIONS_R1_0/MINIMAL_REPRO/EXPECTED_OUTPUT.txt,.txt,263,0535cc9fe3bcf8d0513ed6880564b9a8f951068210c2e9b0da7ffc96d7cfd939,False,,True
_V/B/M3A_ARC1_COLLEAGUE_LOCKED_DEFINITIONS_R1_0/MINIMAL_REPRO/README.md,.md,839,3d8525f139d642ec7faa986f1249771effa4eab2097be942521a62ba6c688317,False,,True
_V/B/M3A_ARC1_COLLEAGUE_LOCKED_DEFINITIONS_R1_0/MINIMAL_REPRO/reproduce_key_claims.py,.py,3957,6241f2dadaab880bcf66a1db231013dce58adc0d9781efd81b91895d5bbadf7a,False,,True
_V/B/M3A_ARC1_COLLEAGUE_LOCKED_DEFINITIONS_R1_0/REPRODUCE.sh,.sh,111,a42c52b9bc8d290248093b736add0a571a053dfa66f5cf39263f90b6e4e8b949,False,,True
_V/B/M3A_ARC1_COLLEAGUE_LOCKED_DEFINITIONS_R1_0/SOURCES/ARC1/CLAIM_AND_NOVELTY_LEDGER.md,.md,1327,0de3033295e06312cb9cba2f277d104ad794794a184868f9e62111b708564980,False,,True
_V/B/M3A_ARC1_COLLEAGUE_LOCKED_DEFINITIONS_R1_0/SOURCES/ARC1/EXACT_DARK_MOVING_ARC_THEOREM.tex,.tex,844,064cee0ce1899943b1cc4b7ce4df74099e2970c00255a173fd9371dbf05b734c,False,,True
_V/B/M3A_ARC1_COLLEAGUE_LOCKED_DEFINITIONS_R1_0/SOURCES/ARC1/FALSIFIER_CERTIFICATE.md,.md,1171,45ea19a0dab49acacead15aa746ac4de092fee5c73f0625c739ec5123a027712,False,,True
_V/B/M3A_ARC1_COLLEAGUE_LOCKED_DEFINITIONS_R1_0/SOURCES/ARC1/REPARAMETERISATION_LAWS.md,.md,800,64d83cc9118c29dd718669f3d19b2b67240a9bf6a5fe0c1f74658d6dfc1fdc0a,False,,True
_V/B/M3A_ARC1_COLLEAGUE_LOCKED_DEFINITIONS_R1_0/SOURCES/ARC1/THREE_SCALE_SUPPORT_THEOREM.tex,.tex,2247,24e53623715f08b0f2c1ab577c17d77983d915c98dcb311ec1ec0e54d401c539,False,,True
_V/B/M3A_ARC1_COLLEAGUE_LOCKED_DEFINITIONS_R1_0/SOURCES/ARC1/TIE_FACE_CANCELLATION_AND_NEXT_ORDER.tex,.tex,1104,a5c3400e7906e56b00c51628b531e2bf8f9835a2e51fc12c14b9b109916a5e81,False,,True
_V/B/M3A_ARC1_COLLEAGUE_LOCKED_DEFINITIONS_R1_0/SOURCES/ARC1/TRANSFORMED_RESOLVENT_THREE_SCALE_THEOREM.tex,.tex,1055,761f0419f8772c1924c4c58975af433fb84d9275bcbc6a2d8ee330a78468db6b,False,,True
_V/B/M3A_ARC1_COLLEAGUE_LOCKED_DEFINITIONS_R1_0/SOURCES/AUDITS/M3A_ARC1_FALSIFIER_AND_COLLEAGUE_REQUESTS_AUDIT_2026-08-01.md,.md,17601,a855e845cd1a278e8b16c16a63b44d0e7738eca8df80d4b48fa8acd925e244d5,False,,True
_V/B/M3A_ARC1_COLLEAGUE_LOCKED_DEFINITIONS_R1_0/SOURCES/PROMPTS/WORKSTATION_ARC1_COLLEAGUE_CLARIFICATION_PATCH_PROMPT_R1_1.md,.md,17405,70bd48d7b21eb82f1c5db1f69ad47ea357f11c008b45a6df6656300ff5c64e9a,False,,True
_V/B/M3A_ARC1_COLLEAGUE_LOCKED_DEFINITIONS_R1_0/SOURCES/R1_2/M3A_Diagonal_Family_Trichotomy_Paper_R1_2.pdf,.pdf,374126,4135498db2f973d8c3dbd4f77b8ebc94c2f3ea8bfc11e9dd710ef694b65d3222,False,,False
_V/B/M3A_ARC1_COLLEAGUE_LOCKED_DEFINITIONS_R1_0/SOURCES/R1_2/M3A_Diagonal_Family_Trichotomy_Paper_R1_2.tex,.tex,36123,c5e1d29848307e0b3852d962a6af843499524377ff72c97b647af03052e35009,False,,True
_V/B/M3A_ARC1_COLLEAGUE_LOCKED_DEFINITIONS_R1_0/SOURCES/SCRIPTS/CODE_PRIMARY/moving_direction_series.py,.py,5556,be49fd7cb0dccdf198a2b25e3152e780b53ab628fcc33ac5eded6314fd39b5f2,False,,True
_V/B/M3A_ARC1_COLLEAGUE_LOCKED_DEFINITIONS_R1_0/VERIFY_PACKAGE.py,.py,4490,631f6e6e0063d5f411a8f38d2f604679c21d24e4223b0d0fa0031d5c829123a7,False,,True
BRIDGE_STAGE_B1_PASS_COMMON_SCHEMA_WITH_REFINEMENTS.zip,.zip,656611,f818f0720c5f2f59f9761e585402a8fc0ae014de2f75dd0275dd33ab7d6cec41,False,,False
EA1_R1_1_RELEASE_REPAIR_REPORT.md,.md,6322,e02974e9ee15e98b4108cd1d3de0f752dfc27cb6ebd48763f7155308c02d4285,True,utf-8-sig,False
EA1_R1_1_RELEASE_REPAIR_REPORT.md.sha256,.sha256,100,6da1b2279430ea4542fb5dbc5ca1f41699c1be18c190f86bb1fd1b481b2fc755,False,,False
GF1_COLLEAGUE_BRIEF_R1_0.zip,.zip,8262,643e9d2604d2d75677610fb543a1d172e09b963f759725e0ea92c104d726e6b5,False,,False
GF1_COLLEAGUE_BRIEF_R1_0.zip.sha256,.sha256,95,ef57dbaa9d88db0750f9f40ea458a02dcf40234b5d9e3042f742ef217a00cbce,False,,False
Litrature/cdc_prompt.pdf,.pdf,123015,0e48deee28caba82ee5b4191d4c5c6ec4d62e5d27890fa7f0d2c8868f8b758f3,False,,False
Litrature/Oriented or signed Cayley graphs with all.pdf,.pdf,388242,5037d2ea18c0be587ae4555ccaa39d3f3095460c598d76dcf04dc967fa5489ba,False,,False
Litrature/PERFECT AND MULTIPLE STATE TRANSFER IN ORIENTED CAYLEY.pdf,.pdf,227063,a486a6ada3382eb824d1825fbc6272872a52a5f2c06fd05472ec0c30516ff6d9,False,,False
Litrature/Quantifying State Transfer Strength on Graphs.pdf,.pdf,153213,a5682a324b2bd6f072162a2ba93ccf6c1c2f4bac0b8c25733dfc7319707eccb6,False,,False
Litrature/Quantum walks on join graphs.pdf,.pdf,1152102,1bfdb62fae0a8c08fec34097824767620dc7f21b15ce24f2c9270fb4949705a2,False,,False
Litrature/State Transfer in Complex Quantum Walks.pdf,.pdf,213067,4a2d69492de9caee0b1a8e2f7e92d38304686c725e76ac79cb1c70cf1805a41c,False,,False
Litrature/Superluminal Correlations in Ensembles of Optical.pdf,.pdf,4639259,e3c1b1f7a320fb61e2dbe99881f846276c0f51d2213f0064454642f8d2b75be9,False,,False
M3A Calculas/M3A_Finite_Channel_Calculus.zip,.zip,22104,ba72f8f40eccd7b6d096ee8738a7db24c95624fef024269e470f7068616bc536,False,,False
M3A Findings/AUDIT_METHOD.md,.md,3458,ea87403cfb3532328d12ef4a1e32f763be202e28e0fc7f1ce802e3bc1872d584,True,utf-8-sig,False
M3A Findings/CLAIM_PRIOR_ART_MATRIX.csv,.csv,7319,5a2591c96fa46393983641479548f10b34479ce72037eacc65ffa01ea62b008d,True,utf-8-sig,False
M3A Findings/EXACT_THEOREM_CATALOGUE.md,.md,13512,4b0737aa72d41b7f49a11bbd5bf5fac93b2e4c9aa61a0f41069bb6f127019165,True,utf-8-sig,False
M3A Findings/KEY_FINDINGS.md,.md,9788,858ee6f9df2feb02926134dc747a220ea40ccef68db2f01802a5635575cc8095,True,utf-8-sig,False
M3A Findings/MANIFEST.sha256,.sha256,1195,a76c5e3accadc0b9ce0d8a3c8f5afc2a5f5717e28c5167283e3aff3960b48f59,False,,False
M3A Findings/NEGATIVE_RESULTS_AND_SCOPE_FIREWALLS.md,.md,5950,93f5a052da1b44481364fb50f8b2a7880831bb330a55a6eb605b80d5f53322ac,True,utf-8-sig,False
M3A Findings/NEWTON_POLYHEDRA_LINK.md,.md,6659,e5378cc3547797f988f6529766dd2f1f7720fd3049fdd5d39a9abcd2b170107d,True,utf-8-sig,False
M3A Findings/OBSERVER_AND_DIAGNOSTIC_FRAMEWORK.md,.md,4971,d984ab79871447f5933fffc8d08aa770cf8f63116a11a5f74b270b8f58ccbe2e,True,utf-8-sig,False
M3A Findings/OPEN_PROBLEMS_AND_PUBLICATION_STRATEGY.md,.md,5795,8a0628caa50685923ec89605fccfdd399f88bf3d13a6abe0662384fefe21a5a9,True,utf-8-sig,False
M3A Findings/PRIOR_ART_AUDIT.md,.md,15997,29c3e012099b511ae557dc81bc61b545c526a3d0a8193fa59a0aa5b58717128e,True,utf-8-sig,False
M3A Findings/PRIOR_ART_SEARCH_LOG.md,.md,4335,f9a935efa9ccfd484e982fff98c3a4776599aea378f8c976cd2c3b034ccbb49c,True,utf-8-sig,False
M3A Findings/README.md,.md,3277,d97f10b8c1c248c2ad3e3c8ca6d10b2f22fbb0dab4e0af17c833532e2a95eb1b,True,utf-8-sig,False
M3A Findings/RELEASE_HASHES.csv,.csv,2079,abaf66cb5713aff1d67225ca1be491655bd8a8a4d993455fa483cc2930446f5c,True,utf-8-sig,False
M3A Findings/SOURCE_AUTHORITY_AND_PROVENANCE.md,.md,5778,f1e4222a9adeff1718701f2525dfa85f2f94667267b29d2e5184a4fc1985bb15,True,utf-8-sig,False
M3A Papers/M3A_A_Finite_Algebraic_Diagnostic_Pass_REBUILT (1).pdf,.pdf,404079,3be7dc3d6d62f92bbb45d3f1760bdacff0e12b9ecccfb3bd8b74c6a933d9c678,False,,False
M3A Papers/M3A_Diagonal_Family_Trichotomy_Paper_R1_2.pdf,.pdf,374126,4135498db2f973d8c3dbd4f77b8ebc94c2f3ea8bfc11e9dd710ef694b65d3222,False,,False
M3A Papers/M3A_Finite_Algebraic Diagnostics for Exact Zero Transfer.pdf,.pdf,754536,a05dcf98b16b5a2245dd25ffa81079bc6f2e3e7799646b9f7e53764fe2183461,False,,False
M3A Papers/signed_involution_exact_zero_transfer_pst_revised.pdf,.pdf,1092974,93f47bf862e44d7232c20aa1ad5c54b20d589c307218c80638ce68ed47c6b4f5,False,,False
M3A Prompts/M3A_clean_session_handoff.zip,.zip,599923,94521ca6c56698691f380ac00a92d360028af0aaac8bbdf1b01931aafa5e4d77,False,,False
M3A Prompts/M3A_Prior_Art_Corrected_Source.zip,.zip,372069,68312c63883c4ad3628f0b390927895eb604bdf1f69e27b9f5aba19b00129a67,False,,False
M3A Prompts/M3A_Research_Prompt_Series_All_Stages (1).zip,.zip,323234,66f74b9883bbe1829bb427bd898c5f66cab0e4f257b2bf4d58a1fc61d3936be4,False,,False
M3A Prompts/M3A_Research_Prompt_Series_All_Stages.zip,.zip,323234,66f74b9883bbe1829bb427bd898c5f66cab0e4f257b2bf4d58a1fc61d3936be4,False,,False
M3A Prompts/M3A_Stage2_Clean_Handoff.zip,.zip,6773685,9c14c077a798abbec4d745e8378f21344582cfa867ce916b941ebbbcb2463692,False,,False
M3A Prompts/M3A_Stage3_Clean_Handoff.zip,.zip,6210604,3ceb3f464378dafc8eaefd8012022b445f675a95df2fc72c4f894a8eb8dc20db,False,,False
M3A Prompts/M3A_Stage4_Clean_Handoff.zip,.zip,2641689,fbb1952dd7ceebb1a61af221a7405c423396d8e35c457406029d0726a33bda8b,False,,False
M3A Prompts/M3A_Stage5_Clean_Handoff.zip,.zip,9703260,73b3c6915a8791ff7034573d9690d49a1fd2fb9009c35f6a731ba273ff0ee17e,False,,False
M3A Prompts/M3A_Stage6_Clean_Handoff.zip,.zip,4475804,9c7bbf816c7db94dcee05d48f37801529d6a876d08f8f083757333b08a568c6a,False,,False
M3A Prompts/M3A_Stage_4_Formulate_M3A_Open_Prompt_REVISED.pdf,.pdf,24849,0af67a30e68ffa3cf0d46d0cff8d852eef29f1ffd7c83373876b93dfe39e3cbf,False,,False
M3A Prompts/M3A_Stage_5_Obstruction_Index_Theory_Prompt_REVISED.pdf,.pdf,31540,7123c3d925d5d9430fcbb220b90358c46d029acc97196bcab198fbf7f0043d41,False,,False
M3A Prompts/M3A_Stage_6_Physical_Validation_Applications_Interpretation_REVISED.pdf,.pdf,24428,e0036359c03cad30333d8f875c7b23639e636730ee62b2943185a475dc1eff4a,False,,False
M3A Stage 1-6/M3A_Stage1_Canonical_Core.zip,.zip,29654,18d21e94737f9d23affd2e2643fd69aff7388756c097243be8750904c7679ef5,False,,False
M3A Stage 1-6/M3A_Stage1_Consolidated_Audit_2026-07-21.zip,.zip,1437715,efb2b0f3b3c9b010f02e030a5d87bef71260142025d6d0d590a5de18d26432df,False,,False
M3A Stage 1-6/M3A_Stage2_Executed_Audit_2026-07-21.zip,.zip,208291,3057a32e3643bd4193557be1a8abc4cd68fb8a3127be018b8931847dc33d19fe,False,,False
M3A Stage 1-6/M3A_Stage3_Executed_Leakage_Attribution_2026-07-21.zip,.zip,769007,f319349139d52d449b6539e44b7e68948a7ffab244bc731cf98d422195597865,False,,False
M3A Stage 1-6/M3A_Stage4_Executed_Open_System_Audit_2026-07-23.zip,.zip,624285,d1864a2b58571691695b0c0b2fdd1abcbfaf93a161b8814b7e3a5d4c4676c59c,False,,False
M3A Stage 1-6/M3A_Stage5_Independent_Obstruction_Index_Audit.zip,.zip,944869,14d1b504854314f7ac5cce39f0cf1cb9aa11714751c718eb20611c599d34f2bc,False,,False
M3A Stage 1-6/M3A_Stage6_Final_Independent_Audit.zip,.zip,1341455,9daf32bd6ac2b1468926c438c97f21c8a7ea52cea3eb44ae51eabbcd7e0bf2c3,False,,False
M3A Stage 1-6/M3A_Stages1-6_Detailed_Testing_Summary.pdf,.pdf,694720,ad82fbd8ac169af61942fa8532620df896df2a390a84901f7b50eee17a637b69,False,,False
M3A Stage C/STAGE_C3_M3A_LEXICOGRAPHIC_OPENING/C3_DEFINITIONS_LOCK.md,.md,1900,a025a2e9fe557935207b53d38e6a91291a2f37711948147a76310be1896400b6,True,utf-8-sig,False
M3A Stage C/STAGE_C3_M3A_LEXICOGRAPHIC_OPENING/CLAIM_LEDGER.md,.md,1595,1498e96b841f8dd4bf5b44aaffd3c6fdd79ce10606898f603ca00f4aee389ad1,True,utf-8-sig,False
M3A Stage C/STAGE_C3_M3A_LEXICOGRAPHIC_OPENING/CODE/c3_exact.py,.py,23955,159d4cdb61f551e95544dd99316f8ca849d07769b8009cd03a6655a1166efeb0,True,utf-8-sig,False
M3A Stage C/STAGE_C3_M3A_LEXICOGRAPHIC_OPENING/CODE/independent_module_a.py,.py,3428,605ffc2840c0d6f037f1694d80f603a9a31807926d857abd1a2cda1434588ff5,True,utf-8-sig,False
M3A Stage C/STAGE_C3_M3A_LEXICOGRAPHIC_OPENING/CODE/independent_module_b.py,.py,4020,e278f1bd5ebd0ab6f9f1cab5a374a139cd699239ccc392ae0146ae2dd6155c3c,True,utf-8-sig,False
M3A Stage C/STAGE_C3_M3A_LEXICOGRAPHIC_OPENING/CODE/requirements.txt,.txt,41,1db307368f60237b9971bf8255a1b91d9e178b01a9e997e03716fc319b9a311c,True,utf-8-sig,False
M3A Stage C/STAGE_C3_M3A_LEXICOGRAPHIC_OPENING/CODE/run_c3_audit.py,.py,2068,844563ca1c62322bcbfeeac127b1f5bc9f55283ae0b478bdfffe066e0ec6f390,True,utf-8-sig,False
M3A Stage C/STAGE_C3_M3A_LEXICOGRAPHIC_OPENING/CODE/test_c3.py,.py,1931,f22aa962b659f57ed0382c2eb6dfcc492413ce676b5fcd4e02e7920014b2a80c,True,utf-8-sig,False
M3A Stage C/STAGE_C3_M3A_LEXICOGRAPHIC_OPENING/COMPARISON_POLICY.json,.json,498,2297c6894c7a3d97a372e467d91ee728d9fa14b1cf7f7af948be96eee44d1e08,True,utf-8-sig,False
M3A Stage C/STAGE_C3_M3A_LEXICOGRAPHIC_OPENING/COUNTEREXAMPLES.md,.md,1135,23974041788ad79d8f4682101a79cf2de7a488681dea2bc7038c446c08b28b51,True,utf-8-sig,False
M3A Stage C/STAGE_C3_M3A_LEXICOGRAPHIC_OPENING/DATA/asymptotic_controls.json,.json,1909,f409a293c2011147ff35fb7b01b7fd1f7f4f450458cc4d3f5635a9c39a8279d2,True,utf-8-sig,False
M3A Stage C/STAGE_C3_M3A_LEXICOGRAPHIC_OPENING/DATA/audit_summary.csv,.csv,1044,fa6307fc4e04b0830c7caa62dad80f680624ecf7c8ba98a96fe7c0e76b2fe732,True,utf-8-sig,False
M3A Stage C/STAGE_C3_M3A_LEXICOGRAPHIC_OPENING/DATA/c3_exact_results.json,.json,16428,6cd579b3efae316b54a5659ee23b1d9df847e27562d48ab1d46d57b025791418,True,utf-8-sig,False
M3A Stage C/STAGE_C3_M3A_LEXICOGRAPHIC_OPENING/DATA/covariance_controls.json,.json,2680,c6e3b1fc9b35ae28d496ac3812d862a28d6f1b329cb1bc5e93d649d4386eb497,True,utf-8-sig,False
M3A Stage C/STAGE_C3_M3A_LEXICOGRAPHIC_OPENING/DATA/exact_control_archive.json,.json,1373,baf985bdd869f87091597846670e68da8f91e31b6c3d7d51051564b66e138dc3,True,utf-8-sig,False
M3A Stage C/STAGE_C3_M3A_LEXICOGRAPHIC_OPENING/DATA/independent_module_a.json,.json,2855,8a650c5bbad3db839c44998e98567149b8c3b0881289491ad5b00e53d36c97ec,True,utf-8-sig,False
M3A Stage C/STAGE_C3_M3A_LEXICOGRAPHIC_OPENING/DATA/independent_module_b.json,.json,731,7aca7775f3523cd3ebcd41ad9389c262ba37abeb11996d0480e23714a2ca23cc,True,utf-8-sig,False
M3A Stage C/STAGE_C3_M3A_LEXICOGRAPHIC_OPENING/DATA/m3a_000029_c3.json,.json,921,9bcdbfb08806854fc9a83a542f138e8e3747d0704fad980b36e1269bf25f2498,True,utf-8-sig,False
M3A Stage C/STAGE_C3_M3A_LEXICOGRAPHIC_OPENING/DATA/mixed_jet_controls.json,.json,9054,e25bd864056c4c3171d5898635950ac407efbeed01e78eda8071070f3a907bbc,True,utf-8-sig,False
M3A Stage C/STAGE_C3_M3A_LEXICOGRAPHIC_OPENING/ENVIRONMENT_SPECIFICATION.txt,.txt,505,26e55a9a099751ee8411899d53aa18e154c353d30764c7eae901a894218228a2,True,utf-8-sig,False
M3A Stage C/STAGE_C3_M3A_LEXICOGRAPHIC_OPENING/EXPECTED/asymptotic_controls.json,.json,1909,f409a293c2011147ff35fb7b01b7fd1f7f4f450458cc4d3f5635a9c39a8279d2,False,,True
M3A Stage C/STAGE_C3_M3A_LEXICOGRAPHIC_OPENING/EXPECTED/audit_summary.csv,.csv,1044,fa6307fc4e04b0830c7caa62dad80f680624ecf7c8ba98a96fe7c0e76b2fe732,False,,True
M3A Stage C/STAGE_C3_M3A_LEXICOGRAPHIC_OPENING/EXPECTED/c3_exact_results.json,.json,16428,6cd579b3efae316b54a5659ee23b1d9df847e27562d48ab1d46d57b025791418,False,,True
M3A Stage C/STAGE_C3_M3A_LEXICOGRAPHIC_OPENING/EXPECTED/covariance_controls.json,.json,2680,c6e3b1fc9b35ae28d496ac3812d862a28d6f1b329cb1bc5e93d649d4386eb497,False,,True
M3A Stage C/STAGE_C3_M3A_LEXICOGRAPHIC_OPENING/EXPECTED/exact_control_archive.json,.json,1373,baf985bdd869f87091597846670e68da8f91e31b6c3d7d51051564b66e138dc3,False,,True
M3A Stage C/STAGE_C3_M3A_LEXICOGRAPHIC_OPENING/EXPECTED/independent_module_a.json,.json,2855,8a650c5bbad3db839c44998e98567149b8c3b0881289491ad5b00e53d36c97ec,False,,True
M3A Stage C/STAGE_C3_M3A_LEXICOGRAPHIC_OPENING/EXPECTED/independent_module_b.json,.json,731,7aca7775f3523cd3ebcd41ad9389c262ba37abeb11996d0480e23714a2ca23cc,False,,True
M3A Stage C/STAGE_C3_M3A_LEXICOGRAPHIC_OPENING/EXPECTED/m3a_000029_c3.json,.json,921,9bcdbfb08806854fc9a83a542f138e8e3747d0704fad980b36e1269bf25f2498,False,,True
M3A Stage C/STAGE_C3_M3A_LEXICOGRAPHIC_OPENING/EXPECTED/mixed_jet_controls.json,.json,9054,e25bd864056c4c3171d5898635950ac407efbeed01e78eda8071070f3a907bbc,False,,True
M3A Stage C/STAGE_C3_M3A_LEXICOGRAPHIC_OPENING/EXPECTED_CANONICAL.sha256,.sha256,806,a43870e1dfbe235bd18d03358f798222fffb7ae035fe65a99388cb3f645dbf41,False,,False
M3A Stage C/STAGE_C3_M3A_LEXICOGRAPHIC_OPENING/FAILURE_LEDGER.md,.md,1678,3e090f1c10ec6119e03f15423160d7921f811bda4280a358fe241becec7a0e31,True,utf-8-sig,False
M3A Stage C/STAGE_C3_M3A_LEXICOGRAPHIC_OPENING/FINAL_STAGE_C3_ASSESSMENT.md,.md,2406,1bd2cd5a13897ef6c419ed0d45961cf2ca0ea0aa0a58cbe428e56ec344073cdb,True,utf-8-sig,False
M3A Stage C/STAGE_C3_M3A_LEXICOGRAPHIC_OPENING/HAMILTONIAN_AND_FEEDTHROUGH_BOUNDARIES.md,.md,1001,afe3dfc999969a14f32edd82fb5235ad239613c7f316aa3b8f3eea1b6c1e369f,True,utf-8-sig,False
M3A Stage C/STAGE_C3_M3A_LEXICOGRAPHIC_OPENING/INPUT_ARCHIVES.sha256,.sha256,457,9a595cf7ca1ff6cd82e28b63e29bfaa6b1a14210d9881b3d85f86fed940d8eac,False,,False
M3A Stage C/STAGE_C3_M3A_LEXICOGRAPHIC_OPENING/INPUT_INVENTORY_AND_HASHES.md,.md,1109,964055d53e89f23e516d0354ef3ffc82de7f31bddd2fc9106978a29d4b18dae0,True,utf-8-sig,False
M3A Stage C/STAGE_C3_M3A_LEXICOGRAPHIC_OPENING/INPUTS/STAGE_C2_M3A_EXACT_DARK_LOCUS_2026-07-26_R1_1.zip,.zip,5022181,2b9a06e7c7209e904bef886de176c0d6520efb11e59e5bade2112696439080fe,False,,False
M3A Stage C/STAGE_C3_M3A_LEXICOGRAPHIC_OPENING/INPUTS/STAGE_C2_M3A_EXACT_DARK_LOCUS_2026-07-26_R1_1.zip.sha256,.sha256,116,b8b8242906b5a712ea2faad9fafac7396744b8762bb3e211176f4d21a288a2a6,False,,False
M3A Stage C/STAGE_C3_M3A_LEXICOGRAPHIC_OPENING/INPUTS/STAGE_C3_SPECIFICATION.txt,.txt,2800,19530d12a1cff8fd7e9e663e057faacc4d6b9778f37e24de2beccec06311b7b9,True,utf-8-sig,False
M3A Stage C/STAGE_C3_M3A_LEXICOGRAPHIC_OPENING/INPUTS/STAGE_C_BASELINE_DIGEST_AND_C2_TO_C3_HANDOFF_2026-07-27.md,.md,10664,ac653639a55483a37d2b0ee99bf73b992b782618e5e74c85264c00778d8a4edc,True,utf-8-sig,False
M3A Stage C/STAGE_C3_M3A_LEXICOGRAPHIC_OPENING/JOINT_ASYMPTOTIC_FIREWALL.md,.md,1554,53cceb7664759cf52bb4c21105d9a76b5fbf0b176a60f76313f12b9c4daab7c1,True,utf-8-sig,False
M3A Stage C/STAGE_C3_M3A_LEXICOGRAPHIC_OPENING/LEADING_COEFFICIENT_COVARIANCE.md,.md,1490,6ccb65c4d62b7d8185b685d396755a4192441fad1087cf423b850ab2213fcc62,True,utf-8-sig,False
M3A Stage C/STAGE_C3_M3A_LEXICOGRAPHIC_OPENING/LEXICOGRAPHIC_OPENING_THEOREM.md,.md,2063,0ae86c350235b989c61fc5d69e279991167a1348f61de0c5871a2b66c55d1c14,True,utf-8-sig,False
M3A Stage C/STAGE_C3_M3A_LEXICOGRAPHIC_OPENING/M3A_000029_C3_CONTROL.md,.md,1175,c633c1210a0f8e41699996f786061d6e3a4a95185902760a8711a026d943ead6,True,utf-8-sig,False
M3A Stage C/STAGE_C3_M3A_LEXICOGRAPHIC_OPENING/MANIFEST.sha256,.sha256,5232,dfc7825080640a260b57f2a20d1e385988cc6fdad5aa056d4eec5e97d20a0f02,False,,False
M3A Stage C/STAGE_C3_M3A_LEXICOGRAPHIC_OPENING/MANIFEST_POLICY.md,.md,769,56a526cdae26a5468db08abcaa0f3ccf0e92df406647da4f675bd049b125e86e,True,utf-8-sig,False
M3A Stage C/STAGE_C3_M3A_LEXICOGRAPHIC_OPENING/MIMO_LEADING_COEFFICIENT.md,.md,1137,695c1aab1aafa0ece31caab3819268b004c9837b69c59d3ae1af506f235b48a5,True,utf-8-sig,False
M3A Stage C/STAGE_C3_M3A_LEXICOGRAPHIC_OPENING/MIXED_MOMENT_JET_TABLE.md,.md,1133,68dce4cdc7d79e786575bf68f43bd8d3f4e9477a7a3aa8b5e64c4a50a5c82b97,True,utf-8-sig,False
M3A Stage C/STAGE_C3_M3A_LEXICOGRAPHIC_OPENING/NEWTON_SUPPORT_AND_SCALING_SECTORS.md,.md,1063,519fcf355e5d992719f851d0b5ca72fd83921791b0674c40c987d344b48fc319,True,utf-8-sig,False
M3A Stage C/STAGE_C3_M3A_LEXICOGRAPHIC_OPENING/PRIOR_ART_AUDIT.md,.md,3551,ebbfb051c4c061ca31efdfd9582e6ffa74cb45e2712636e65b20831dd5cb5a13,True,utf-8-sig,False
M3A Stage C/STAGE_C3_M3A_LEXICOGRAPHIC_OPENING/README.md,.md,957,0c36f101a72a3dd227dd2134b712f0985ea5b52f8ad7585bbbe731ebe788570d,True,utf-8-sig,False
M3A Stage C/STAGE_C3_M3A_LEXICOGRAPHIC_OPENING/REPRODUCE.sh,.sh,3372,b7f08f36e4d8ffeefb3ac585231816c530b5b5593d82eace6239a04cd93aa648,True,utf-8-sig,False
M3A Stage C/STAGE_C3_M3A_LEXICOGRAPHIC_OPENING/REPRODUCIBILITY_PROTOCOL_R1_1.md,.md,988,7fccc960f08f31a7437ccdab8e39d458c07e7789c4846531748d6ed82ba1bef9,True,utf-8-sig,False
M3A Stage C/STAGE_C3_M3A_LEXICOGRAPHIC_OPENING/TERMINOLOGY_LEDGER.md,.md,1230,37a44ebd98ff0bb3f43d22d5946d0109f8f5d71f06af792bbd5ec797571b03b9,True,utf-8-sig,False
M3A Stage C/STAGE_C3_M3A_LEXICOGRAPHIC_OPENING/THEOREM_CLASSIFICATION_LEDGER.md,.md,1608,cbb51182e2462f8ab8af28586ceea32e473d8dff2674fe57647343ec983e6993,True,utf-8-sig,False
M3A Stage C/STAGE_C3_M3A_LEXICOGRAPHIC_OPENING/THEOREM_DEPENDENCY_GRAPH.md,.md,1168,c06d58ffcd07bb435122b0f66d892aecd86ccf4659378abc4353170cc5fa17ab,True,utf-8-sig,False
M3A Stage C/STAGE_C3_M3A_LEXICOGRAPHIC_OPENING/TIME_DOMAIN_FACTORIZATION.md,.md,1339,524187d1e5b389f7a7f2de9d9ac7d833a644475409ba561837bb8c68004306bf,True,utf-8-sig,False
M3A Stage C/STAGE_C3_M3A_LEXICOGRAPHIC_OPENING_2026-07-27_R1_0.zip,.zip,5070980,eb537b6e1e776d283431c30aadbfe71077f0fe88c8e2c9ec5004416ae5d1cee7,False,,False
M3A Stage C/STAGE_C3_M3A_LEXICOGRAPHIC_OPENING_2026-07-27_R1_0.zip.sha256,.sha256,121,9b75a245c1f64e4089dbb8f41cbabebb2598a7ee6f11ac115911e5cce5421f66,False,,False
M3A Stage C/STAGE_C4_M3A_PROTOCOL_SCALING/C4_DEFINITIONS_LOCK.md,.md,1734,f1006283f4082d2b0c5d36e83e577e13c213e39499a63f338bc54126e3a40139,True,utf-8-sig,False
M3A Stage C/STAGE_C4_M3A_PROTOCOL_SCALING/C5_READINESS_LEDGER.md,.md,1123,fd53f9f6323d577a4b0eae4802a7caccc8c012d32ecacba6f34818c42a41e333,True,utf-8-sig,False
M3A Stage C/STAGE_C4_M3A_PROTOCOL_SCALING/CLAIM_LEDGER.md,.md,1231,0a823a4ee3d58f99ff74dbd050997aa6105c688adb3b40bc50b9acaa2bb4e765,True,utf-8-sig,False
M3A Stage C/STAGE_C4_M3A_PROTOCOL_SCALING/CODE/c4_exact.py,.py,26261,ae2ca2c864ac8497eb2e108bc5b027edf4037aba039fcbfe320e99cbf217371b,True,utf-8-sig,False
M3A Stage C/STAGE_C4_M3A_PROTOCOL_SCALING/CODE/independent_module_a.py,.py,3644,28f4ac204e007aeca1d7dd72a8c071511af644b455ed0dc82006f12331ed8f04,True,utf-8-sig,False
M3A Stage C/STAGE_C4_M3A_PROTOCOL_SCALING/CODE/independent_module_b.py,.py,4635,c1afa6baba6cd74f288fa40c7ecc9ba90c1c38b0934813b214a79721cd5e5484,True,utf-8-sig,False
M3A Stage C/STAGE_C4_M3A_PROTOCOL_SCALING/CODE/requirements.txt,.txt,28,c2e9e7c244ae7867606e6d8b3b0172d328e3f271edd51b3ef4f5451e407d8ca7,True,utf-8-sig,False
M3A Stage C/STAGE_C4_M3A_PROTOCOL_SCALING/CODE/run_c4_audit.py,.py,2067,08e77f8ae6d39c20da880c566fd03163cb6c178e552732b86e7eb5d1dd0754e3,True,utf-8-sig,False
M3A Stage C/STAGE_C4_M3A_PROTOCOL_SCALING/CODE/test_c4.py,.py,2331,808b71da6c31a9906906d44389ced15aa025eccd8b8968097b3471a593d11c1c,True,utf-8-sig,False
M3A Stage C/STAGE_C4_M3A_PROTOCOL_SCALING/COMPARISON_POLICY.json,.json,498,ba55b9615149367bc9b1a264effc4663c86670e47eb6a1e6c5eb31247889910a,True,utf-8-sig,False
M3A Stage C/STAGE_C4_M3A_PROTOCOL_SCALING/COUNTEREXAMPLES.md,.md,1558,5f806622800af1853f690da7aa94a55943570a69d6b03a9ed8c2cee041b5a5d8,True,utf-8-sig,False
M3A Stage C/STAGE_C4_M3A_PROTOCOL_SCALING/DATA/audit_summary.csv,.csv,1052,1056706966b6611755f04ab71132887e4f0c18f7b812c8545f043ad142c9457d,True,utf-8-sig,False
M3A Stage C/STAGE_C4_M3A_PROTOCOL_SCALING/DATA/c4_exact_results.json,.json,16271,cfa86483165d65f993ec146f8813c06ca6048ccf1e3c6041ecc8f131b012d32b,True,utf-8-sig,False
M3A Stage C/STAGE_C4_M3A_PROTOCOL_SCALING/DATA/exact_control_archive.json,.json,1354,c54ab86f1333381464bfcdb6a42d2f8f9eab549d682a0ff948b07c4af7797bff,True,utf-8-sig,False
M3A Stage C/STAGE_C4_M3A_PROTOCOL_SCALING/DATA/global_scope_controls.json,.json,1029,9840db7980942c5552c9429c5131b603e2a679d3da8ba7c5dfa9618bdc42649b,True,utf-8-sig,False
M3A Stage C/STAGE_C4_M3A_PROTOCOL_SCALING/DATA/independent_module_a.json,.json,4199,fce0da3bc9fec075f36b0efec1c1d5319ae04a2a5c949c535d73c7ddddee07d0,True,utf-8-sig,False
M3A Stage C/STAGE_C4_M3A_PROTOCOL_SCALING/DATA/independent_module_b.json,.json,871,06ee93e4af12591f50f70ce68a17f16fbc2f3a1a334bdf22c92d5f7f92e579af,True,utf-8-sig,False
M3A Stage C/STAGE_C4_M3A_PROTOCOL_SCALING/DATA/m3a_000029_c4.json,.json,2527,383962a8e5e9a3ba05c4493449fb2fa1f836943d60f19a28fa87910952733982,True,utf-8-sig,False
M3A Stage C/STAGE_C4_M3A_PROTOCOL_SCALING/DATA/performance_controls.json,.json,1984,314d8462b7543666afa0fa373fc5d53fb8bacbbc903e0213076b9f68459d7726,True,utf-8-sig,False
M3A Stage C/STAGE_C4_M3A_PROTOCOL_SCALING/DATA/weighted_protocol_controls.json,.json,8932,43ae905f3a421fc2dc8d35223d284b57c3f6fed78f9b6a973ed31cf3e39c0329,True,utf-8-sig,False
M3A Stage C/STAGE_C4_M3A_PROTOCOL_SCALING/DIRECT_FEEDTHROUGH_BOUNDARY.md,.md,605,b7816023f5a6f83ee5a700b539a0676346b20725cb1548f4fb9c9b0c3183288a,True,utf-8-sig,False
M3A Stage C/STAGE_C4_M3A_PROTOCOL_SCALING/ENVIRONMENT_SPECIFICATION.txt,.txt,505,9e1c94e81ce454e048e3c7b3f4289de76f64de90d969ebea0c629c441c207c20,True,utf-8-sig,False
M3A Stage C/STAGE_C4_M3A_PROTOCOL_SCALING/EXPECTED/audit_summary.csv,.csv,1052,1056706966b6611755f04ab71132887e4f0c18f7b812c8545f043ad142c9457d,False,,True
M3A Stage C/STAGE_C4_M3A_PROTOCOL_SCALING/EXPECTED/c4_exact_results.json,.json,16271,cfa86483165d65f993ec146f8813c06ca6048ccf1e3c6041ecc8f131b012d32b,False,,True
M3A Stage C/STAGE_C4_M3A_PROTOCOL_SCALING/EXPECTED/exact_control_archive.json,.json,1354,c54ab86f1333381464bfcdb6a42d2f8f9eab549d682a0ff948b07c4af7797bff,False,,True
M3A Stage C/STAGE_C4_M3A_PROTOCOL_SCALING/EXPECTED/global_scope_controls.json,.json,1029,9840db7980942c5552c9429c5131b603e2a679d3da8ba7c5dfa9618bdc42649b,False,,True
M3A Stage C/STAGE_C4_M3A_PROTOCOL_SCALING/EXPECTED/independent_module_a.json,.json,4199,fce0da3bc9fec075f36b0efec1c1d5319ae04a2a5c949c535d73c7ddddee07d0,False,,True
M3A Stage C/STAGE_C4_M3A_PROTOCOL_SCALING/EXPECTED/independent_module_b.json,.json,871,06ee93e4af12591f50f70ce68a17f16fbc2f3a1a334bdf22c92d5f7f92e579af,False,,True
M3A Stage C/STAGE_C4_M3A_PROTOCOL_SCALING/EXPECTED/m3a_000029_c4.json,.json,2527,383962a8e5e9a3ba05c4493449fb2fa1f836943d60f19a28fa87910952733982,False,,True
M3A Stage C/STAGE_C4_M3A_PROTOCOL_SCALING/EXPECTED/performance_controls.json,.json,1984,314d8462b7543666afa0fa373fc5d53fb8bacbbc903e0213076b9f68459d7726,False,,True
M3A Stage C/STAGE_C4_M3A_PROTOCOL_SCALING/EXPECTED/weighted_protocol_controls.json,.json,8932,43ae905f3a421fc2dc8d35223d284b57c3f6fed78f9b6a973ed31cf3e39c0329,False,,True
M3A Stage C/STAGE_C4_M3A_PROTOCOL_SCALING/EXPECTED_CANONICAL.sha256,.sha256,817,12f91a00b12b98f65f4ffa077bd80edca9bd11c1049f4bf5341b418befa2b79d,False,,False
M3A Stage C/STAGE_C4_M3A_PROTOCOL_SCALING/FAILURE_LEDGER.md,.md,1019,9baebb198a9336ba4096fa8342768bf2be1dc66e5ad0176392eff8bb5ab17d37,True,utf-8-sig,False
M3A Stage C/STAGE_C4_M3A_PROTOCOL_SCALING/FINAL_STAGE_C4_ASSESSMENT.md,.md,2112,22769bbf8c10382eabd159e84cf56d9c101e9f8b11ac1d03806b300275616025,True,utf-8-sig,False
M3A Stage C/STAGE_C4_M3A_PROTOCOL_SCALING/GLOBAL_TIME_FIREWALL.md,.md,898,0222a6b2cd02864cd9e197f055b4ca275afe955c14a51a85e543551e4e45a010,True,utf-8-sig,False
M3A Stage C/STAGE_C4_M3A_PROTOCOL_SCALING/HORIZON_AND_THRESHOLD_FIREWALL.md,.md,855,28ca0ae78b5f296e521538b64a07a8673a9bf48d36d634b8f3a95a9c24841278,True,utf-8-sig,False
M3A Stage C/STAGE_C4_M3A_PROTOCOL_SCALING/INPUT_ARCHIVES.sha256,.sha256,342,4190abe66fe4e28f7ee23dc4e529623d6e6cbc5407fa5403872f404c0a69a14e,False,,False
M3A Stage C/STAGE_C4_M3A_PROTOCOL_SCALING/INPUT_INVENTORY_AND_HASHES.md,.md,806,0c963ddd742290c067f05901d1d3cf6f3ffdfb6a3db689e37d8e7ac3cd3f7ec7,True,utf-8-sig,False
M3A Stage C/STAGE_C4_M3A_PROTOCOL_SCALING/INPUTS/STAGE_C3_M3A_LEXICOGRAPHIC_OPENING_2026-07-27_R1_0.zip,.zip,5070980,eb537b6e1e776d283431c30aadbfe71077f0fe88c8e2c9ec5004416ae5d1cee7,False,,False
M3A Stage C/STAGE_C4_M3A_PROTOCOL_SCALING/INPUTS/STAGE_C3_M3A_LEXICOGRAPHIC_OPENING_2026-07-27_R1_0.zip.sha256,.sha256,121,9b75a245c1f64e4089dbb8f41cbabebb2598a7ee6f11ac115911e5cce5421f66,False,,False
M3A Stage C/STAGE_C4_M3A_PROTOCOL_SCALING/INPUTS/STAGE_C4_SPECIFICATION.txt,.txt,3505,42ebd391a47cfea8fdfb86df8f1399889970b41119f639e21a82300327a8ce19,True,utf-8-sig,False
M3A Stage C/STAGE_C4_M3A_PROTOCOL_SCALING/LOCAL_PERFORMANCE_COROLLARIES.md,.md,1369,9bcf6b1e7ace06493073d33ffcb6f954625a82ab7857b062c34aa5559e508d91,True,utf-8-sig,False
M3A Stage C/STAGE_C4_M3A_PROTOCOL_SCALING/M3A_000029_C4_CONTROL.md,.md,1816,effa2f1ef17e41c7ccafa26332f081454f16e5de8990bc3e7ff703ea403eb5e6,True,utf-8-sig,False
M3A Stage C/STAGE_C4_M3A_PROTOCOL_SCALING/MANIFEST.sha256,.sha256,5206,edf7ec22943288b3b66890508ab732f64ca41309b5f85c2be7b6eff1d53ca211,False,,False
M3A Stage C/STAGE_C4_M3A_PROTOCOL_SCALING/MANIFEST_POLICY.md,.md,769,56a526cdae26a5468db08abcaa0f3ccf0e92df406647da4f675bd049b125e86e,False,,True
M3A Stage C/STAGE_C4_M3A_PROTOCOL_SCALING/NEWTON_FACE_AND_CANCELLATION.md,.md,1094,fccf60c952e2a539109b6ec72d2da5e0e84c7c8daf5bcdc52792d915df4cbb24,True,utf-8-sig,False
M3A Stage C/STAGE_C4_M3A_PROTOCOL_SCALING/PORT_AND_NORM_DEPENDENCE.md,.md,1024,78b31cf99a54097cbfa826212335d05811dc473fc26aa433b2cf15641f28e5ca,True,utf-8-sig,False
M3A Stage C/STAGE_C4_M3A_PROTOCOL_SCALING/PRIOR_ART_AUDIT.md,.md,3252,154756f68fe880af25f34eeb9a67b7bc146b9edbaa8f7a37148a38e818243174,True,utf-8-sig,False
M3A Stage C/STAGE_C4_M3A_PROTOCOL_SCALING/PROTOCOL_DECLARATION_STANDARD.md,.md,1241,b3815b164e38ea90c0526ec9d3c5de11c8309b3692e73342a54ee0b331062f56,True,utf-8-sig,False
M3A Stage C/STAGE_C4_M3A_PROTOCOL_SCALING/README.md,.md,1271,c1aa4a4078d1b868f00ec8025d09e450a6447c5247f09e795763db14dd4fedae,True,utf-8-sig,False
M3A Stage C/STAGE_C4_M3A_PROTOCOL_SCALING/REPRODUCE.sh,.sh,3388,d77dd7406cce4c21e9ffcc43e70be3a1227118d28da99d7787108d4bcf7958fd,True,utf-8-sig,False
M3A Stage C/STAGE_C4_M3A_PROTOCOL_SCALING/REPRODUCIBILITY_PROTOCOL_R1_1.md,.md,1042,a4c8f83445d5685aa042798f685537a16ab68587d5311020a79331e796efc302,True,utf-8-sig,False
M3A Stage C/STAGE_C4_M3A_PROTOCOL_SCALING/TERMINOLOGY_LEDGER.md,.md,1161,afa4f86c2d0d5cb4ce7eec837979779efd1c29da102439fd3cf73863c4860400,True,utf-8-sig,False
M3A Stage C/STAGE_C4_M3A_PROTOCOL_SCALING/THEOREM_CLASSIFICATION_LEDGER.md,.md,1016,31b115bac4e2a55d83a9b46ee34954d1f629f63f0533459f58c757fd61a1695c,True,utf-8-sig,False
M3A Stage C/STAGE_C4_M3A_PROTOCOL_SCALING/THEOREM_DEPENDENCY_GRAPH.md,.md,1228,bf33d16395769d4c8c0115e84e49bba4734131d847474ae79fbec2a21af3fb56,True,utf-8-sig,False
M3A Stage C/STAGE_C4_M3A_PROTOCOL_SCALING/WEIGHTED_PROTOCOL_THEOREM.md,.md,1814,eb2b21f191b7ccdfd7397d01f89174cc58b9a60a10359ae6280346aab0ffd9e7,True,utf-8-sig,False
M3A Stage C/STAGE_C4_M3A_PROTOCOL_SCALING_2026-07-27_R1_0.zip,.zip,5117299,b2754b2b97536d641c1bca0376f65e2b2a8c72150bbc045a1e86939c89bfe196,False,,False
M3A Stage C/STAGE_C4_M3A_PROTOCOL_SCALING_2026-07-27_R1_0.zip.sha256,.sha256,116,30e76e3a5a4ea501218649dd2ec0be1afb036aff02e193256c75554d01828527,False,,False
M3A Stage C/STAGE_C5_M3A_EXACT_FIRST_INVERSE_DESIGN/C5_DEFINITIONS_LOCK.md,.md,1697,7aa233eec8d71a028fb52619d5c393e3d642b61cfbab6786ec847c60c0662302,True,utf-8-sig,False
M3A Stage C/STAGE_C5_M3A_EXACT_FIRST_INVERSE_DESIGN/C6_READINESS_LEDGER.md,.md,1175,7fd9d4044bbdbf240a766798f8da4c0f78cb61f1509e5e002e38fe323d90ebf4,True,utf-8-sig,False
M3A Stage C/STAGE_C5_M3A_EXACT_FIRST_INVERSE_DESIGN/CLAIM_LEDGER.md,.md,1346,db4495198bba9211de43f62a645667baa07b4c62103daf007d9ee76017214988,True,utf-8-sig,False
M3A Stage C/STAGE_C5_M3A_EXACT_FIRST_INVERSE_DESIGN/CODE/c5_exact.py,.py,25898,ca43010100285d6f029d59ca0a7c3555578d1c072a29c88d15208eb304326c6b,True,utf-8-sig,False
M3A Stage C/STAGE_C5_M3A_EXACT_FIRST_INVERSE_DESIGN/CODE/independent_module_a.py,.py,2987,9926e18033adb19c16abc4a9fbb1f78c61fa71778105974c0fab6b9607917b1f,True,utf-8-sig,False
M3A Stage C/STAGE_C5_M3A_EXACT_FIRST_INVERSE_DESIGN/CODE/independent_module_b.py,.py,4105,d4c26aba85fa229413aadc23e2976badf50ff761539f6b4d2626b691a5c44b00,True,utf-8-sig,False
M3A Stage C/STAGE_C5_M3A_EXACT_FIRST_INVERSE_DESIGN/CODE/requirements.txt,.txt,28,c2e9e7c244ae7867606e6d8b3b0172d328e3f271edd51b3ef4f5451e407d8ca7,False,,True
M3A Stage C/STAGE_C5_M3A_EXACT_FIRST_INVERSE_DESIGN/CODE/run_c5_audit.py,.py,2077,383925af993ae8e4719a056c35903954024b858d70d1ffa003b9afee4e4a039a,True,utf-8-sig,False
M3A Stage C/STAGE_C5_M3A_EXACT_FIRST_INVERSE_DESIGN/CODE/test_c5.py,.py,1936,ac86b8e6157d000e3de42acdc6b92cae0592184ee30c3f151a6cf9a904765590,True,utf-8-sig,False
M3A Stage C/STAGE_C5_M3A_EXACT_FIRST_INVERSE_DESIGN/COMPARISON_POLICY.json,.json,498,699d53a0eb718d81ddb344391e4b926c6659c4f122b0565c80423edbc2d82ae2,True,utf-8-sig,False
M3A Stage C/STAGE_C5_M3A_EXACT_FIRST_INVERSE_DESIGN/COUNTEREXAMPLES.md,.md,1450,7261775399598ba8488a20356aa19bdb709897b88d7c1ed3553212a3522e00ad,True,utf-8-sig,False
M3A Stage C/STAGE_C5_M3A_EXACT_FIRST_INVERSE_DESIGN/DATA/audit_summary.csv,.csv,1278,ea1207793b3e8608128393600be534d6b764c89ed736a761c09499d5484cc8ba,True,utf-8-sig,False
M3A Stage C/STAGE_C5_M3A_EXACT_FIRST_INVERSE_DESIGN/DATA/c5_exact_results.json,.json,15481,6188eccb6844834afffcf171bf29889949f59797b8df0f4c19b6398c88f165ae,True,utf-8-sig,False
M3A Stage C/STAGE_C5_M3A_EXACT_FIRST_INVERSE_DESIGN/DATA/exact_control_archive.json,.json,942,f1caad57182b1ee6b8e6a942343c868a2d4b8856e472b8dc81bcf1f37dab1fa2,True,utf-8-sig,False
M3A Stage C/STAGE_C5_M3A_EXACT_FIRST_INVERSE_DESIGN/DATA/first_order_design_controls.json,.json,6955,d38635ff56b85225659d10c189f4d111096f9473e8c725334e3bffab0fa46c5a,True,utf-8-sig,False
M3A Stage C/STAGE_C5_M3A_EXACT_FIRST_INVERSE_DESIGN/DATA/independent_module_a.json,.json,439,8f74695f7c7382579d92f6921e1f2ec0a36c0061a23338cc6103bc0be3c17fe8,True,utf-8-sig,False
M3A Stage C/STAGE_C5_M3A_EXACT_FIRST_INVERSE_DESIGN/DATA/independent_module_b.json,.json,679,8efb61a2e4b2180ee5a1667f7df9ffe32469feb7d0c13c65fea9bd21f7b1f3a3,True,utf-8-sig,False
M3A Stage C/STAGE_C5_M3A_EXACT_FIRST_INVERSE_DESIGN/DATA/m3a_000029_c5.json,.json,3399,5c9a1d1f8db673c079f49b1a7a8f19f7a6395779ebc5f679fafdb346bc8df945,True,utf-8-sig,False
M3A Stage C/STAGE_C5_M3A_EXACT_FIRST_INVERSE_DESIGN/DATA/protected_design_controls.json,.json,2330,e0be3e37936eca8d9ac9269bf84c650c06ef8ab45007d8322554fda9b03a93dd,True,utf-8-sig,False
M3A Stage C/STAGE_C5_M3A_EXACT_FIRST_INVERSE_DESIGN/DATA/scope_controls.json,.json,704,7589116eea559f0ab1133dfe0ef9397c74547a1f52ce11ecb86475de2244d794,True,utf-8-sig,False
M3A Stage C/STAGE_C5_M3A_EXACT_FIRST_INVERSE_DESIGN/DESIGN_EQUIVALENCE_AND_ADMISSIBILITY.md,.md,1015,c53994cfe6a1b81ecee73a97c387647afcce00550ff2b7307454e6f83b77e9c7,True,utf-8-sig,False
M3A Stage C/STAGE_C5_M3A_EXACT_FIRST_INVERSE_DESIGN/DIMENSION_AND_FEEDTHROUGH_BOUNDARY.md,.md,877,b5170035412f73aaa3bc55b866f9ebcf19fbfa73babde1fcac2e425dbdc42828,True,utf-8-sig,False
M3A Stage C/STAGE_C5_M3A_EXACT_FIRST_INVERSE_DESIGN/ENVIRONMENT_SPECIFICATION.txt,.txt,505,88c48610efed9b9b50662100445c60c133acfaba07ed0b104f3ab24b07f6ab02,True,utf-8-sig,False
M3A Stage C/STAGE_C5_M3A_EXACT_FIRST_INVERSE_DESIGN/EXACT_FIRST_ORDER_INVERSE_DESIGN_THEOREM.md,.md,2008,51d37b0bc575d20feec2818f5812b4fec532a8640fc3a19cdc58e425094c1adf,True,utf-8-sig,False
M3A Stage C/STAGE_C5_M3A_EXACT_FIRST_INVERSE_DESIGN/EXPECTED/audit_summary.csv,.csv,1278,ea1207793b3e8608128393600be534d6b764c89ed736a761c09499d5484cc8ba,False,,True
M3A Stage C/STAGE_C5_M3A_EXACT_FIRST_INVERSE_DESIGN/EXPECTED/c5_exact_results.json,.json,15481,6188eccb6844834afffcf171bf29889949f59797b8df0f4c19b6398c88f165ae,False,,True
M3A Stage C/STAGE_C5_M3A_EXACT_FIRST_INVERSE_DESIGN/EXPECTED/exact_control_archive.json,.json,942,f1caad57182b1ee6b8e6a942343c868a2d4b8856e472b8dc81bcf1f37dab1fa2,False,,True
M3A Stage C/STAGE_C5_M3A_EXACT_FIRST_INVERSE_DESIGN/EXPECTED/first_order_design_controls.json,.json,6955,d38635ff56b85225659d10c189f4d111096f9473e8c725334e3bffab0fa46c5a,False,,True
M3A Stage C/STAGE_C5_M3A_EXACT_FIRST_INVERSE_DESIGN/EXPECTED/independent_module_a.json,.json,439,8f74695f7c7382579d92f6921e1f2ec0a36c0061a23338cc6103bc0be3c17fe8,False,,True
M3A Stage C/STAGE_C5_M3A_EXACT_FIRST_INVERSE_DESIGN/EXPECTED/independent_module_b.json,.json,679,8efb61a2e4b2180ee5a1667f7df9ffe32469feb7d0c13c65fea9bd21f7b1f3a3,False,,True
M3A Stage C/STAGE_C5_M3A_EXACT_FIRST_INVERSE_DESIGN/EXPECTED/m3a_000029_c5.json,.json,3399,5c9a1d1f8db673c079f49b1a7a8f19f7a6395779ebc5f679fafdb346bc8df945,False,,True
M3A Stage C/STAGE_C5_M3A_EXACT_FIRST_INVERSE_DESIGN/EXPECTED/protected_design_controls.json,.json,2330,e0be3e37936eca8d9ac9269bf84c650c06ef8ab45007d8322554fda9b03a93dd,False,,True
M3A Stage C/STAGE_C5_M3A_EXACT_FIRST_INVERSE_DESIGN/EXPECTED/scope_controls.json,.json,704,7589116eea559f0ab1133dfe0ef9397c74547a1f52ce11ecb86475de2244d794,False,,True
M3A Stage C/STAGE_C5_M3A_EXACT_FIRST_INVERSE_DESIGN/EXPECTED_CANONICAL.sha256,.sha256,816,22cef0dfbb9ad147e273d73801703a5ea28ad846327e9547dc87332aebe700e5,False,,False
M3A Stage C/STAGE_C5_M3A_EXACT_FIRST_INVERSE_DESIGN/FAILURE_LEDGER.md,.md,1191,f661c930bb9070daf5f61feddfbfccc38bbf805c073ddcdc03a5e0b0986959c1,True,utf-8-sig,False
M3A Stage C/STAGE_C5_M3A_EXACT_FIRST_INVERSE_DESIGN/FEASIBILITY_CERTIFICATES.md,.md,1240,0bc8cb3a9d104298d037d0fb9669e50c02051ad3b78d7e6336ae0790bd9d0cd9,True,utf-8-sig,False
M3A Stage C/STAGE_C5_M3A_EXACT_FIRST_INVERSE_DESIGN/FEASIBILITY_OPTIMISATION_FIREWALL.md,.md,815,20b171e2da7f29bc0e3212e7790b3fc5db484abe2cb44722653140e0be9553b2,True,utf-8-sig,False
M3A Stage C/STAGE_C5_M3A_EXACT_FIRST_INVERSE_DESIGN/FINAL_STAGE_C5_ASSESSMENT.md,.md,2133,be95b14efacb3a18842b867508956d0a6f1a02489453404cada2bf57435611d5,True,utf-8-sig,False
M3A Stage C/STAGE_C5_M3A_EXACT_FIRST_INVERSE_DESIGN/INPUT_ARCHIVES.sha256,.sha256,332,63dba83b8b28754e07c04f100a47dc0d931c86e4a22df4e43df715fb395392ed,False,,False
M3A Stage C/STAGE_C5_M3A_EXACT_FIRST_INVERSE_DESIGN/INPUT_INVENTORY_AND_HASHES.md,.md,796,d7a9b6865bdf7717d269ce6d964c16c24b1578e6dbdc0694eb5496a13c636c48,True,utf-8-sig,False
M3A Stage C/STAGE_C5_M3A_EXACT_FIRST_INVERSE_DESIGN/INPUTS/STAGE_C4_M3A_PROTOCOL_SCALING_2026-07-27_R1_0.zip,.zip,5117299,b2754b2b97536d641c1bca0376f65e2b2a8c72150bbc045a1e86939c89bfe196,False,,False
M3A Stage C/STAGE_C5_M3A_EXACT_FIRST_INVERSE_DESIGN/INPUTS/STAGE_C4_M3A_PROTOCOL_SCALING_2026-07-27_R1_0.zip.sha256,.sha256,116,30e76e3a5a4ea501218649dd2ec0be1afb036aff02e193256c75554d01828527,False,,False
M3A Stage C/STAGE_C5_M3A_EXACT_FIRST_INVERSE_DESIGN/INPUTS/STAGE_C5_SPECIFICATION.txt,.txt,4714,960e0ed0117c444a5196004930c43e48481869c7c8d017a3cd839dd1df8e3e4e,True,utf-8-sig,False
M3A Stage C/STAGE_C5_M3A_EXACT_FIRST_INVERSE_DESIGN/M3A_000029_C5_CLASSIFICATION.md,.md,1567,82d1104696dac0cc0ef60ca0a66c3c88032ab592e1110542d9e86ea3e349460e,True,utf-8-sig,False
M3A Stage C/STAGE_C5_M3A_EXACT_FIRST_INVERSE_DESIGN/MANIFEST.sha256,.sha256,5145,cdfc92acbf19dbc782a2edf809b4770070398b4c3d15e1c307df8aa8739b315c,False,,False
M3A Stage C/STAGE_C5_M3A_EXACT_FIRST_INVERSE_DESIGN/MANIFEST_POLICY.md,.md,764,38215fa026bb8332e9384cf64d75fdc82cd92e1905305ccb080204649068e7cd,True,utf-8-sig,False
M3A Stage C/STAGE_C5_M3A_EXACT_FIRST_INVERSE_DESIGN/PRIOR_ART_AUDIT.md,.md,3210,e7f8c99541af8d7a326fd04027d5f8c684eadbea3025471964ab0bcb2c99c0c1,True,utf-8-sig,False
M3A Stage C/STAGE_C5_M3A_EXACT_FIRST_INVERSE_DESIGN/PROTECTED_HIGHER_ORDER_DESIGN.md,.md,1134,5da6f28f65fe02d5f903c1b611e6d9f841caa88f08bd5b32d35121668a1c5df7,True,utf-8-sig,False
M3A Stage C/STAGE_C5_M3A_EXACT_FIRST_INVERSE_DESIGN/RANK_AND_NONVANISHING_FIREWALL.md,.md,770,f832f2786524f8442643e09a761f6f8db021dac74c0b6452340c2a058e710d0c,True,utf-8-sig,False
M3A Stage C/STAGE_C5_M3A_EXACT_FIRST_INVERSE_DESIGN/README.md,.md,1355,f4e54f3fcc9379434888b00fe691a216ae2ec1f0614b90264f4f687571d54a1e,True,utf-8-sig,False
M3A Stage C/STAGE_C5_M3A_EXACT_FIRST_INVERSE_DESIGN/REPRODUCE.sh,.sh,3380,98947e65dc124fd727e0caffed2e7e05511b707484830c425b128c6f60928194,True,utf-8-sig,False
M3A Stage C/STAGE_C5_M3A_EXACT_FIRST_INVERSE_DESIGN/REPRODUCIBILITY_PROTOCOL_R1_1.md,.md,1042,d3fda9012599cdd704a6e85fbc1c5b00285fef36bdc4e3ba8138221183bf7058,True,utf-8-sig,False
M3A Stage C/STAGE_C5_M3A_EXACT_FIRST_INVERSE_DESIGN/TERMINOLOGY_LEDGER.md,.md,1122,ce5d3910ec1efab149551ce5a5f0fb79edf1f32d41d84809032d4922ea3208c0,True,utf-8-sig,False
M3A Stage C/STAGE_C5_M3A_EXACT_FIRST_INVERSE_DESIGN/THEOREM_CLASSIFICATION_LEDGER.md,.md,1026,a7bbcc32ee08a2da8fca6c893e213451b09578d0abee1bd1b56354aa244db9df,True,utf-8-sig,False
M3A Stage C/STAGE_C5_M3A_EXACT_FIRST_INVERSE_DESIGN/THEOREM_DEPENDENCY_GRAPH.md,.md,1046,e188cff673aca6fba1db1425d1146bb8de29b9ef581df3d30f8488dc1dad485d,True,utf-8-sig,False
M3A Stage C/STAGE_C5_M3A_EXACT_FIRST_INVERSE_DESIGN_2026-07-31_R1_0.zip,.zip,5165673,c131293afd71a15f5c254071a83ae848f859bc3d1f3655986b3a463256eb8534,False,,False
M3A Stage C/STAGE_C5_M3A_EXACT_FIRST_INVERSE_DESIGN_2026-07-31_R1_0.zip.sha256,.sha256,126,a7a515c306ab025a272235293535a28912e571e5ee4afd7c11a2bee6aeddc614,False,,False
M3A Stage C/STAGE_C_BASELINE_DIGEST_AND_C2_TO_C3_HANDOFF_2026-07-27.md,.md,10664,ac653639a55483a37d2b0ee99bf73b992b782618e5e74c85264c00778d8a4edc,False,,True
M3A Stage O (1-6a)/signed_involution_exact_zero_transfer_pst_revised (1).pdf,.pdf,1092974,93f47bf862e44d7232c20aa1ad5c54b20d589c307218c80638ce68ed47c6b4f5,False,,False
M3A Stage O (1-6a)/Stage_O1_Audit_PASS_WITH_REFINEMENTS.zip,.zip,37784,28cb0ac953e87d9cce1e07abdffb6fbaaa40c1c805786f306f8eb2a61fce9810,False,,False
M3A Stage O (1-6a)/Stage_O2_Audit_FAIL_GEOMETRIC_HYPOTHESIS.zip,.zip,50302,d625640d91757bdf490196c503e3c2e79351e8fe2490c3d61094ac22273ba554,False,,False
M3A Stage O (1-6a)/Stage_O3_Audit_PASS_WITH_REFINEMENTS.zip,.zip,47238,ef487f937c1c9e0526f8cff00c9df166e3a8ba527f805350d3e4caa7c5135a9b,False,,False
M3A Stage O (1-6a)/Stage_O4_Audit_PASS_WITH_REFINEMENTS.zip,.zip,42141,e1c290f7048d1607df9c127488eb971d94c811cea388e66cadc626bf73905177,False,,False
M3A Stage O (1-6a)/Stage_O5_Audit_PASS_WITH_REFINEMENTS.zip,.zip,47232,43472f38e5f6e82642cbcdf28b5d1b1e9f187ea2170e93f714351f2e75ea3344,False,,False
M3A Stage O (1-6a)/Stage_O6_Audit_PASS_WITH_REFINEMENTS.zip,.zip,61835,39c5b9d740d7e70e3c7cc3275004c2e66fe5f2798c0393bb8c0bfed4e84ac91d,False,,False
M3A Stage O (1-6a)/Stage_O6A_Reproducibility_Remediation_PASS_R1_WITH_REFINEMENTS.zip,.zip,384796,dccb80be0247a1a4694484b567152667ff725332017fa209e2eaa9f2f8279bca,False,,False
M3A Theorem/M3A_Diagonal_Family_Trichotomy_Paper.pdf,.pdf,353698,69090c55192c56afc5d933cb163e4f58522c6d6df08e10177d2c33f170c3d810,False,,False
M3A Theorem/M3A_Diagonal_Family_Trichotomy_Paper.tex,.tex,26832,6dadff623ff90e92090f395b9f23d2ed2f54d5d6773fe06f9aaefdca37b0e539,False,,True
M3A Theorem/M3A_Diagonal_Family_Trichotomy_Paper_R1_1.pdf,.pdf,357423,36b27ccef80998fd43517be20d7915772d24a8f9d055b8abd0532054761f0013,False,,False
M3A Theorem/M3A_Diagonal_Family_Trichotomy_Paper_R1_1.pdf.sha256,.sha256,112,7bae86c25ba60d7ab42bb908b644aba413792d28fa301491231ddd5e2b2d4096,False,,False
M3A Theorem/M3A_Diagonal_Family_Trichotomy_Paper_R1_1.tex,.tex,28225,1b8d04a04dcf5941566368b261932e78c7773beb83b8816af35de1ebb3902d6e,False,,True
M3A Theorem/M3A_Diagonal_Family_Trichotomy_Paper_R1_1.tex.sha256,.sha256,112,b30647c671b0e8a56d520b7759895f6d2287dba324ef2032ab0a3a6c5c176ecc,False,,False
M3A Theorem/M3A_Diagonal_Family_Trichotomy_Paper_R1_1_Source.zip,.zip,12474,1b71dd4e94b4d244e3e39348626930f75ca0ec7cbb63bb347976614e6dcffdea,False,,False
M3A Theorem/M3A_Diagonal_Family_Trichotomy_Paper_R1_1_Source.zip.sha256,.sha256,119,86cc6adfc88df049b48d097a0b831fdc54591c93b9db0ac86e2193b54d0e429c,False,,False
M3A Theorem/M3A_Diagonal_Family_Trichotomy_Paper_R1_2.tex,.tex,36123,c5e1d29848307e0b3852d962a6af843499524377ff72c97b647af03052e35009,False,,True
M3A Theorem/M3A_Diagonal_Family_Trichotomy_Paper_Source.zip,.zip,357375,ba28dc634d43b537a2a1f1a487944eef0c167e7f63ae608c8b7e3d351b5af362,False,,False
M3A Theorem/M3A_Diagonal_Family_Trichotomy_References.bib,.bib,2742,e0a24e33307f3dcd5b732b3c74e9ba71be03ab36863ccdd89b3c4326d45790f6,False,,True
M3A Theorem/M3A_Diagonal_Family_Trichotomy_References_1_2.bib,.bib,2742,e0a24e33307f3dcd5b732b3c74e9ba71be03ab36863ccdd89b3c4326d45790f6,False,,True
M3A_000029_exact_polynomial_certificate.zip,.zip,9415,6ec4425d54a3e69a10a91fa0d56c9241b67fdbfb1bc71428664cf3752eb5e72e,False,,False
M3A_000029_FIRST_PRINCIPLES_REDERIVATION_POSITIVE_WEIGHT_THEOREM.zip,.zip,16419,278ec717a037d694014c25a86959818102e37a4985fca5251608b471db2b3640,False,,False
M3A_000029_FIRST_PRINCIPLES_REDERIVATION_POSITIVE_WEIGHT_THEOREM/BOUNDARY_DESTRUCTION_AUDIT.md,.md,4568,a032b821fc40394b1696e68aaf699d4ee959c531bbe3b5c9af41e28cc334e3a0,False,,True
M3A_000029_FIRST_PRINCIPLES_REDERIVATION_POSITIVE_WEIGHT_THEOREM/CHECKSUM/exact_checksum.py,.py,7180,32c7fb72aa2874d942160ffd74be3c0dbd6b32c8dd6e70c971ac911fdb5dba01,False,,True
M3A_000029_FIRST_PRINCIPLES_REDERIVATION_POSITIVE_WEIGHT_THEOREM/CHECKSUM_RESULTS.json,.json,2190,5086b6326860f7b84301960ca5e890b2a5c034ee5ea7dbff058837ef73a36650,False,,True
M3A_000029_FIRST_PRINCIPLES_REDERIVATION_POSITIVE_WEIGHT_THEOREM/CHECKSUM_RESULTS.sha256,.sha256,169,1117ee0d9aa495f69ea0b7d8c98371a78c2339b1cca38365de78ae5dcf0b4e5d,False,,False
M3A_000029_FIRST_PRINCIPLES_REDERIVATION_POSITIVE_WEIGHT_THEOREM/FINAL_ASSESSMENT.md,.md,713,e01f578858dc18f4faacf2a55291d769cdb78782fa1e71a3b566a089b0700a15,False,,True
M3A_000029_FIRST_PRINCIPLES_REDERIVATION_POSITIVE_WEIGHT_THEOREM/FIRST_PRINCIPLES_DERIVATION.md,.md,11335,1db4d768969ef9b760b1b899a34eb945ba346fba2228c71e1f06e8a9cc77ab91,False,,True
M3A_000029_FIRST_PRINCIPLES_REDERIVATION_POSITIVE_WEIGHT_THEOREM/MANIFEST.sha256,.sha256,883,fc7849e720c7d6f24fb47a2f7c74eb8a4fea51f0094b5dc5fe0db75466b30ae6,False,,False
M3A_000029_FIRST_PRINCIPLES_REDERIVATION_POSITIVE_WEIGHT_THEOREM/RAW_MODEL.json,.json,270,ee54e5b1087c5ef4b1ab75a388edc9325e65585a7f45234b5986a95e4c49a38f,False,,True
M3A_000029_FIRST_PRINCIPLES_REDERIVATION_POSITIVE_WEIGHT_THEOREM/README.md,.md,689,47402b6d8c5634fd5c4abb1b3e9fdfc20c4826de56fd7ae871a87f8ec2391602,False,,True
M3A_000029_FIRST_PRINCIPLES_REDERIVATION_POSITIVE_WEIGHT_THEOREM/REPRODUCE.py,.py,1736,90fa7592a5a5e54b4474429683265f52d2d0e2bf4570559515cf1faaffb1e0b5,False,,True
M3A_000029_FIRST_PRINCIPLES_REDERIVATION_POSITIVE_WEIGHT_THEOREM/SOURCE_PROMPT.sha256,.sha256,155,cb9b7a4efbd412ad7a448054b6ececde59a523181004ed8399b0aa9cc7da1f28,False,,False
M3A_A_Finite_Algebraic_Diagnostic_Pass_REBUILT.pdf,.pdf,404079,3be7dc3d6d62f92bbb45d3f1760bdacff0e12b9ecccfb3bd8b74c6a933d9c678,False,,False
M3A_ARC1_COLLEAGUE_CLARIFICATION_R1_0.zip,.zip,900994,71da94dc6077d284ff81f22c447b36c05ddb09a3d8949da9165c1947d48156a2,False,,False
M3A_ARC1_COLLEAGUE_CLARIFICATION_R1_0.zip.sha256,.sha256,108,de6b41fd8103d25d399e5d8c81d99bf9bb58c3d3b991cb5a83775ab983c46057,False,,False
M3A_ARC1_COLLEAGUE_CLARIFICATION_R1_0/ARC1_DOCUMENTATION_CORRECTION_LEDGER.md,.md,3024,30e7c56ef2ca3a38eda9249276b3dbd8818bfc6b7608e94ffaef1998e8923eaa,False,,True
M3A_ARC1_COLLEAGUE_CLARIFICATION_R1_0/ARC1_INFORMATION_RESPONSE_R1_0.md,.md,11207,67c6983432e2802baf916f6e441bbb411a139f807a53ec6a41bf9543a63e7783,False,,True
M3A_ARC1_COLLEAGUE_CLARIFICATION_R1_0/ARC1_MODEL_AND_TRIPLE_SERIES_DEFINITION.tex,.tex,1615,6fa2f64bad46cc9585e9b97f4b3839a798764b9e154112c531ae0d86f30af23d,False,,True
M3A_ARC1_COLLEAGUE_CLARIFICATION_R1_0/ARC1_PRIOR_ART_ADDENDUM.md,.md,4919,115407d2e11669e4a4bff7616ef2aa59602f22afdcfaec2ec3c1887e70ba0967,False,,True
M3A_ARC1_COLLEAGUE_CLARIFICATION_R1_0/ARC1_REPRODUCTION_EVIDENCE.md,.md,3608,6be662d2ff2380b9b23f61d3b5d0bc08eed6d2e9497c40f8e953938a0d5252d5,False,,True
M3A_ARC1_COLLEAGUE_CLARIFICATION_R1_0/ARC1_THREE_SCALE_THEOREM_NUMBERING_PATCH.tex,.tex,2288,9612a2c868f465a4269f78e83af9a864102395053d8b68c627158b151e5581fd,False,,True
M3A_ARC1_COLLEAGUE_CLARIFICATION_R1_0/CODE/VERIFY_RELEASE.py,.py,2180,2a16a85e3d67d92e56e1ed394886d666b123b60c0eed20410719e8afa56c4abf,False,,True
M3A_ARC1_COLLEAGUE_CLARIFICATION_R1_0/COLLEAGUE_LOCKED_DEFINITIONS_BRIEFING/00_START_HERE.md,.md,3744,b4a8c99f768edde0cff0d92bae0cfd51354f25b0b9dccebb9facba6e15f1ce9a,False,,True
M3A_ARC1_COLLEAGUE_CLARIFICATION_R1_0/COLLEAGUE_LOCKED_DEFINITIONS_BRIEFING/01_LOCKED_DYNAMICAL_MODEL.md,.md,3184,e03e399046249bdddcd8c4556c8440a6836fb6b55dbff275f347399234a9d8de,False,,True
M3A_ARC1_COLLEAGUE_CLARIFICATION_R1_0/COLLEAGUE_LOCKED_DEFINITIONS_BRIEFING/02_LOCKED_NOTATION_AND_ZERO_CONVENTIONS.md,.md,2766,37ca254b40c7b8b6b62874fa4aede2e16b7347633533705754e3a2ca062ccaaa,False,,True
M3A_ARC1_COLLEAGUE_CLARIFICATION_R1_0/COLLEAGUE_LOCKED_DEFINITIONS_BRIEFING/03_LOCKED_THEOREM_AND_QUANTIFIER_MAP.md,.md,2578,8cde2dbfa8bff5e12d28db2422ccd1e3d2cba9c21d1edf678c526e1c06de1de3,False,,True
M3A_ARC1_COLLEAGUE_CLARIFICATION_R1_0/COLLEAGUE_LOCKED_DEFINITIONS_BRIEFING/04_SUPPORT_AND_ENDPOINT_FIREWALL.md,.md,1910,869aa7a24af07260b1f438bfcbab47a7e98b075a5541b4ab2c52d756a15040cd,False,,True
M3A_ARC1_COLLEAGUE_CLARIFICATION_R1_0/COLLEAGUE_LOCKED_DEFINITIONS_BRIEFING/05_EXACT_DARK_GEOMETRY.md,.md,2092,828053974543741f5aeee7e3b055751d36e42637c8991ca61fdaa4b6630d32a8,False,,True
M3A_ARC1_COLLEAGUE_CLARIFICATION_R1_0/COLLEAGUE_LOCKED_DEFINITIONS_BRIEFING/06_THREE_SCALE_FACE_CLASSIFICATION.md,.md,3309,42e1d08c1cc995869918e7126644acbaa996bce61519ac69eb4c842699d73efa,False,,True
M3A_ARC1_COLLEAGUE_CLARIFICATION_R1_0/COLLEAGUE_LOCKED_DEFINITIONS_BRIEFING/07_REPRODUCTION_QUICKSTART.md,.md,2767,0bcb2bc0636da00f8b192163cb25f81a4f18ac5c7c14c6e468df41191e81026f,False,,True
M3A_ARC1_COLLEAGUE_CLARIFICATION_R1_0/COLLEAGUE_LOCKED_DEFINITIONS_BRIEFING/08_SOURCE_PROVENANCE_AND_HASHES.md,.md,3707,5eb661e5a9e8454be4763598a59cec3c280f58c66402b64ba7be907f396c8ab2,False,,True
M3A_ARC1_COLLEAGUE_CLARIFICATION_R1_0/COLLEAGUE_LOCKED_DEFINITIONS_BRIEFING/09_CLAIM_STATUS_AND_OPEN_GAPS.md,.md,4129,128956390ad62bbf1578eb050d18dd9b58392e1f2f0f9f496ff96686b0f198c9,False,,True
M3A_ARC1_COLLEAGUE_CLARIFICATION_R1_0/COLLEAGUE_LOCKED_DEFINITIONS_BRIEFING/10_GLOSSARY.md,.md,2394,4ddfb67f69de603d8964847c8e3af5e58ccd81b10de498d711bef89b78fa2b16,False,,True
M3A_ARC1_COLLEAGUE_CLARIFICATION_R1_0/COLLEAGUE_LOCKED_DEFINITIONS_BRIEFING/11_QUESTION_TO_SOURCE_INDEX.md,.md,2229,12b535b256e9d6ba5bcf8b84c8763feee2d5e0baca4d755d78f4258c17675f4a,False,,True
M3A_ARC1_COLLEAGUE_CLARIFICATION_R1_0/COLLEAGUE_LOCKED_DEFINITIONS_BRIEFING/12_PRIOR_ART_CONTEXT.md,.md,2845,f864a615a5b03452bf0a51b587a5596bbf3b785c989b65f4cb879c180829d6ed,False,,True
M3A_ARC1_COLLEAGUE_CLARIFICATION_R1_0/COLLEAGUE_LOCKED_DEFINITIONS_BRIEFING/ARC1_LOCKED_DEFINITIONS_REFERENCE.pdf,.pdf,15578,07948d0d9b606db20874eed5941ade3dbc423782d96a94fafd199e8ccdc03444,False,,False
M3A_ARC1_COLLEAGUE_CLARIFICATION_R1_0/COLLEAGUE_LOCKED_DEFINITIONS_BRIEFING/ARC1_LOCKED_DEFINITIONS_REFERENCE.tex,.tex,4184,bf2cea917307982c52845cba39a2dcd134aa2a95da2a18ecb6535c9e380aeb3d,False,,True
M3A_ARC1_COLLEAGUE_CLARIFICATION_R1_0/COLLEAGUE_LOCKED_DEFINITIONS_BRIEFING/BUILD_REFERENCE_PDF.py,.py,9516,37edd089a63e9ba265fa90cbe8e4bf18e39646e5ae9f3277b273320933f7439d,False,,True
M3A_ARC1_COLLEAGUE_CLARIFICATION_R1_0/COLLEAGUE_LOCKED_DEFINITIONS_BRIEFING/LOCKED_DEFINITIONS.json,.json,9710,6b12ac4b38476f6e83164580c35a8c75606a62c5c88463e7ae0797aaf1e36ab5,False,,True
M3A_ARC1_COLLEAGUE_CLARIFICATION_R1_0/COLLEAGUE_LOCKED_DEFINITIONS_BRIEFING/MANIFEST.sha256,.sha256,3785,1928b1c58da3d5d24f31edf91b21ecd33f1afcb38c9fdeb50ec44144b27eab19,False,,False
M3A_ARC1_COLLEAGUE_CLARIFICATION_R1_0/COLLEAGUE_LOCKED_DEFINITIONS_BRIEFING/MINIMAL_REPRO/EXPECTED_OUTPUT.txt,.txt,263,0535cc9fe3bcf8d0513ed6880564b9a8f951068210c2e9b0da7ffc96d7cfd939,False,,True
M3A_ARC1_COLLEAGUE_CLARIFICATION_R1_0/COLLEAGUE_LOCKED_DEFINITIONS_BRIEFING/MINIMAL_REPRO/README.md,.md,839,3d8525f139d642ec7faa986f1249771effa4eab2097be942521a62ba6c688317,False,,True
M3A_ARC1_COLLEAGUE_CLARIFICATION_R1_0/COLLEAGUE_LOCKED_DEFINITIONS_BRIEFING/MINIMAL_REPRO/reproduce_key_claims.py,.py,3957,6241f2dadaab880bcf66a1db231013dce58adc0d9781efd81b91895d5bbadf7a,False,,True
M3A_ARC1_COLLEAGUE_CLARIFICATION_R1_0/COLLEAGUE_LOCKED_DEFINITIONS_BRIEFING/REPRODUCE.sh,.sh,111,a42c52b9bc8d290248093b736add0a571a053dfa66f5cf39263f90b6e4e8b949,False,,True
M3A_ARC1_COLLEAGUE_CLARIFICATION_R1_0/COLLEAGUE_LOCKED_DEFINITIONS_BRIEFING/SOURCES/ARC1/CLAIM_AND_NOVELTY_LEDGER.md,.md,1327,0de3033295e06312cb9cba2f277d104ad794794a184868f9e62111b708564980,False,,True
M3A_ARC1_COLLEAGUE_CLARIFICATION_R1_0/COLLEAGUE_LOCKED_DEFINITIONS_BRIEFING/SOURCES/ARC1/EXACT_DARK_MOVING_ARC_THEOREM.tex,.tex,844,064cee0ce1899943b1cc4b7ce4df74099e2970c00255a173fd9371dbf05b734c,False,,True
M3A_ARC1_COLLEAGUE_CLARIFICATION_R1_0/COLLEAGUE_LOCKED_DEFINITIONS_BRIEFING/SOURCES/ARC1/FALSIFIER_CERTIFICATE.md,.md,1171,45ea19a0dab49acacead15aa746ac4de092fee5c73f0625c739ec5123a027712,False,,True
M3A_ARC1_COLLEAGUE_CLARIFICATION_R1_0/COLLEAGUE_LOCKED_DEFINITIONS_BRIEFING/SOURCES/ARC1/REPARAMETERISATION_LAWS.md,.md,800,64d83cc9118c29dd718669f3d19b2b67240a9bf6a5fe0c1f74658d6dfc1fdc0a,False,,True
M3A_ARC1_COLLEAGUE_CLARIFICATION_R1_0/COLLEAGUE_LOCKED_DEFINITIONS_BRIEFING/SOURCES/ARC1/THREE_SCALE_SUPPORT_THEOREM.tex,.tex,2247,24e53623715f08b0f2c1ab577c17d77983d915c98dcb311ec1ec0e54d401c539,False,,True
M3A_ARC1_COLLEAGUE_CLARIFICATION_R1_0/COLLEAGUE_LOCKED_DEFINITIONS_BRIEFING/SOURCES/ARC1/TIE_FACE_CANCELLATION_AND_NEXT_ORDER.tex,.tex,1104,a5c3400e7906e56b00c51628b531e2bf8f9835a2e51fc12c14b9b109916a5e81,False,,True
M3A_ARC1_COLLEAGUE_CLARIFICATION_R1_0/COLLEAGUE_LOCKED_DEFINITIONS_BRIEFING/SOURCES/ARC1/TRANSFORMED_RESOLVENT_THREE_SCALE_THEOREM.tex,.tex,1055,761f0419f8772c1924c4c58975af433fb84d9275bcbc6a2d8ee330a78468db6b,False,,True
M3A_ARC1_COLLEAGUE_CLARIFICATION_R1_0/COLLEAGUE_LOCKED_DEFINITIONS_BRIEFING/SOURCES/AUDITS/M3A_ARC1_FALSIFIER_AND_COLLEAGUE_REQUESTS_AUDIT_2026-08-01.md,.md,17601,a855e845cd1a278e8b16c16a63b44d0e7738eca8df80d4b48fa8acd925e244d5,False,,True
M3A_ARC1_COLLEAGUE_CLARIFICATION_R1_0/COLLEAGUE_LOCKED_DEFINITIONS_BRIEFING/SOURCES/PROMPTS/WORKSTATION_ARC1_COLLEAGUE_CLARIFICATION_PATCH_PROMPT_R1_1.md,.md,17405,70bd48d7b21eb82f1c5db1f69ad47ea357f11c008b45a6df6656300ff5c64e9a,False,,True
M3A_ARC1_COLLEAGUE_CLARIFICATION_R1_0/COLLEAGUE_LOCKED_DEFINITIONS_BRIEFING/SOURCES/R1_2/M3A_Diagonal_Family_Trichotomy_Paper_R1_2.pdf,.pdf,374126,4135498db2f973d8c3dbd4f77b8ebc94c2f3ea8bfc11e9dd710ef694b65d3222,False,,False
M3A_ARC1_COLLEAGUE_CLARIFICATION_R1_0/COLLEAGUE_LOCKED_DEFINITIONS_BRIEFING/SOURCES/R1_2/M3A_Diagonal_Family_Trichotomy_Paper_R1_2.tex,.tex,36123,c5e1d29848307e0b3852d962a6af843499524377ff72c97b647af03052e35009,False,,True
M3A_ARC1_COLLEAGUE_CLARIFICATION_R1_0/COLLEAGUE_LOCKED_DEFINITIONS_BRIEFING/SOURCES/SCRIPTS/CODE_PRIMARY/moving_direction_series.py,.py,5556,be49fd7cb0dccdf198a2b25e3152e780b53ab628fcc33ac5eded6314fd39b5f2,False,,True
M3A_ARC1_COLLEAGUE_CLARIFICATION_R1_0/COLLEAGUE_LOCKED_DEFINITIONS_BRIEFING/VERIFY_PACKAGE.py,.py,4490,631f6e6e0063d5f411a8f38d2f604679c21d24e4223b0d0fa0031d5c829123a7,False,,True
M3A_ARC1_COLLEAGUE_CLARIFICATION_R1_0/MANIFEST.sha256,.sha256,9120,35ae205d7f69002acaba200b07ffdf6b949ab2bd5eefca9c750cfbb74417116a,False,,False
M3A_ARC1_COLLEAGUE_CLARIFICATION_R1_0/PATCHED_SUMMARIES/CLAIM_AND_NOVELTY_LEDGER.md,.md,1718,f8647224bb80a21b5f7cbe30ac84a7d9b084632b730622c1d80c30c6be250783,False,,True
M3A_ARC1_COLLEAGUE_CLARIFICATION_R1_0/PATCHED_SUMMARIES/COUNTEREXAMPLES_AND_CONTROLS.md,.md,2221,500a2e2810c7feab530ff2c0f1b0e187fc83323ed5231623aa685d715685beb9,False,,True
M3A_ARC1_COLLEAGUE_CLARIFICATION_R1_0/PATCHED_SUMMARIES/FAILURE_LEDGER.md,.md,1311,5115d3ad5e4876b80592f403761a8329ad6f2ca36b526f8ded34a89ddeabe693,False,,True
M3A_ARC1_COLLEAGUE_CLARIFICATION_R1_0/PATCHED_SUMMARIES/FINAL_ARC1_ASSESSMENT.md,.md,1650,4c455171d1050a228dc5fdc1018b9404a3404577685342ec0ed840429690f1e6,False,,True
M3A_ARC1_COLLEAGUE_CLARIFICATION_R1_0/REPRODUCE.sh,.sh,154,02aba5a4bd73ffe86929c8d04d9bbb72cced11670a2b078d84bea08939abe74b,False,,True
M3A_ARC1_COLLEAGUE_CLARIFICATION_R1_0/SOURCE_AND_ARTIFACT_MAP.md,.md,2830,107e1e40b19ffa0005c81c3af17ab66e8f0c8c701e1092bd91c0d18dfaac1bfe,False,,True
M3A_ARC1_COLLEAGUE_CLARIFICATION_R1_0/SOURCES/ARC1/CLAIM_AND_NOVELTY_LEDGER.md,.md,1327,0de3033295e06312cb9cba2f277d104ad794794a184868f9e62111b708564980,False,,True
M3A_ARC1_COLLEAGUE_CLARIFICATION_R1_0/SOURCES/ARC1/EXACT_DARK_MOVING_ARC_THEOREM.tex,.tex,844,064cee0ce1899943b1cc4b7ce4df74099e2970c00255a173fd9371dbf05b734c,False,,True
M3A_ARC1_COLLEAGUE_CLARIFICATION_R1_0/SOURCES/ARC1/FALSIFIER_CERTIFICATE.md,.md,1171,45ea19a0dab49acacead15aa746ac4de092fee5c73f0625c739ec5123a027712,False,,True
M3A_ARC1_COLLEAGUE_CLARIFICATION_R1_0/SOURCES/ARC1/REPARAMETERISATION_LAWS.md,.md,800,64d83cc9118c29dd718669f3d19b2b67240a9bf6a5fe0c1f74658d6dfc1fdc0a,False,,True
M3A_ARC1_COLLEAGUE_CLARIFICATION_R1_0/SOURCES/ARC1/THREE_SCALE_SUPPORT_THEOREM.tex,.tex,2247,24e53623715f08b0f2c1ab577c17d77983d915c98dcb311ec1ec0e54d401c539,False,,True
M3A_ARC1_COLLEAGUE_CLARIFICATION_R1_0/SOURCES/ARC1/TIE_FACE_CANCELLATION_AND_NEXT_ORDER.tex,.tex,1104,a5c3400e7906e56b00c51628b531e2bf8f9835a2e51fc12c14b9b109916a5e81,False,,True
M3A_ARC1_COLLEAGUE_CLARIFICATION_R1_0/SOURCES/ARC1/TRANSFORMED_RESOLVENT_THREE_SCALE_THEOREM.tex,.tex,1055,761f0419f8772c1924c4c58975af433fb84d9275bcbc6a2d8ee330a78468db6b,False,,True
M3A_ARC1_COLLEAGUE_CLARIFICATION_R1_0/SOURCES/ARC1_PACKAGE_METADATA/EXPECTED_CANONICAL.sha256,.sha256,731,eb76d505292c47a34de698b136f5f11a4fa4908946572787cd37f8ce3b0386d9,False,,False
M3A_ARC1_COLLEAGUE_CLARIFICATION_R1_0/SOURCES/ARC1_PACKAGE_METADATA/FINAL_NP1_ASSESSMENT.md,.md,1201,6948379a877b50804428c9e90283bf4df9102bf21c206470d9d6fcab2c203995,False,,True
M3A_ARC1_COLLEAGUE_CLARIFICATION_R1_0/SOURCES/ARC1_PACKAGE_METADATA/INPUT_ARCHIVES.sha256,.sha256,1489,c269d35619c81216c11a6a7e0d83c3650614ef8c8aa36a5abf70872e346666dd,False,,False
M3A_ARC1_COLLEAGUE_CLARIFICATION_R1_0/SOURCES/ARC1_PACKAGE_METADATA/M3A_NEWTON_PROTOCOL_ATLAS_NP1_R1_0.zip.sha256,.sha256,105,dc8afe50cffae339cb51d040472f2f7755af22cf709b719b718031289072d4d2,False,,False
M3A_ARC1_COLLEAGUE_CLARIFICATION_R1_0/SOURCES/ARC1_PACKAGE_METADATA/MANIFEST.sha256,.sha256,6573,f975d2739c0c101524861dc85230fa39fb87fb0d3250e7ecb17f9a5145893c3d,False,,False
M3A_ARC1_COLLEAGUE_CLARIFICATION_R1_0/SOURCES/ARC1_PACKAGE_METADATA/MANIFEST_POLICY.md,.md,1030,fb088ebff921cee9eb337dde2b2080094f61924c8e913462467e918dbccb2fc3,False,,True
M3A_ARC1_COLLEAGUE_CLARIFICATION_R1_0/SOURCES/ARC1_PACKAGE_METADATA/NP1_MANIFEST.sha256,.sha256,5252,e0b97616a89f871286c106391f1f92032f4b38e86fe101b46e77ee09f77e81db,False,,False
M3A_ARC1_COLLEAGUE_CLARIFICATION_R1_0/SOURCES/AUDITS/M3A_ARC1_FALSIFIER_AND_COLLEAGUE_REQUESTS_AUDIT_2026-08-01.md,.md,17601,a855e845cd1a278e8b16c16a63b44d0e7738eca8df80d4b48fa8acd925e244d5,False,,True
M3A_ARC1_COLLEAGUE_CLARIFICATION_R1_0/SOURCES/PROMPTS/WORKSTATION_ARC1_COLLEAGUE_CLARIFICATION_PATCH_PROMPT_R1_1.md,.md,17405,70bd48d7b21eb82f1c5db1f69ad47ea357f11c008b45a6df6656300ff5c64e9a,False,,True
M3A_ARC1_COLLEAGUE_CLARIFICATION_R1_0/SOURCES/R1_2/M3A_Diagonal_Family_Trichotomy_Paper_R1_2.pdf,.pdf,374126,4135498db2f973d8c3dbd4f77b8ebc94c2f3ea8bfc11e9dd710ef694b65d3222,False,,False
M3A_ARC1_COLLEAGUE_CLARIFICATION_R1_0/SOURCES/R1_2/M3A_Diagonal_Family_Trichotomy_Paper_R1_2.tex,.tex,36123,c5e1d29848307e0b3852d962a6af843499524377ff72c97b647af03052e35009,False,,True
M3A_ARC1_COLLEAGUE_CLARIFICATION_R1_0/SOURCES/SCRIPTS/CODE_PRIMARY/moving_direction_series.py,.py,5556,be49fd7cb0dccdf198a2b25e3152e780b53ab628fcc33ac5eded6314fd39b5f2,False,,True
M3A_ARC1_COLLEAGUE_LOCKED_DEFINITIONS_R1_0.zip,.zip,453182,7d3dae54eb29b9d59711cfc69cb1d6e8ca52d133c569ae99c7c46a5581adf442,False,,False
M3A_ARC1_COLLEAGUE_LOCKED_DEFINITIONS_R1_0.zip.sha256,.sha256,113,ca9255cc4833722d3dd0a7e13a6d9b16f494fd639f2777dfb31cb9a7521af7e4,False,,False
M3A_ARC1_COLLEAGUE_LOCKED_DEFINITIONS_R1_0/00_START_HERE.md,.md,3744,b4a8c99f768edde0cff0d92bae0cfd51354f25b0b9dccebb9facba6e15f1ce9a,False,,True
M3A_ARC1_COLLEAGUE_LOCKED_DEFINITIONS_R1_0/01_LOCKED_DYNAMICAL_MODEL.md,.md,3184,e03e399046249bdddcd8c4556c8440a6836fb6b55dbff275f347399234a9d8de,False,,True
M3A_ARC1_COLLEAGUE_LOCKED_DEFINITIONS_R1_0/02_LOCKED_NOTATION_AND_ZERO_CONVENTIONS.md,.md,2766,37ca254b40c7b8b6b62874fa4aede2e16b7347633533705754e3a2ca062ccaaa,False,,True
M3A_ARC1_COLLEAGUE_LOCKED_DEFINITIONS_R1_0/03_LOCKED_THEOREM_AND_QUANTIFIER_MAP.md,.md,2578,8cde2dbfa8bff5e12d28db2422ccd1e3d2cba9c21d1edf678c526e1c06de1de3,False,,True
M3A_ARC1_COLLEAGUE_LOCKED_DEFINITIONS_R1_0/04_SUPPORT_AND_ENDPOINT_FIREWALL.md,.md,1910,869aa7a24af07260b1f438bfcbab47a7e98b075a5541b4ab2c52d756a15040cd,False,,True
M3A_ARC1_COLLEAGUE_LOCKED_DEFINITIONS_R1_0/05_EXACT_DARK_GEOMETRY.md,.md,2092,828053974543741f5aeee7e3b055751d36e42637c8991ca61fdaa4b6630d32a8,False,,True
M3A_ARC1_COLLEAGUE_LOCKED_DEFINITIONS_R1_0/06_THREE_SCALE_FACE_CLASSIFICATION.md,.md,3309,42e1d08c1cc995869918e7126644acbaa996bce61519ac69eb4c842699d73efa,False,,True
M3A_ARC1_COLLEAGUE_LOCKED_DEFINITIONS_R1_0/07_REPRODUCTION_QUICKSTART.md,.md,2767,0bcb2bc0636da00f8b192163cb25f81a4f18ac5c7c14c6e468df41191e81026f,False,,True
M3A_ARC1_COLLEAGUE_LOCKED_DEFINITIONS_R1_0/08_SOURCE_PROVENANCE_AND_HASHES.md,.md,3707,5eb661e5a9e8454be4763598a59cec3c280f58c66402b64ba7be907f396c8ab2,False,,True
M3A_ARC1_COLLEAGUE_LOCKED_DEFINITIONS_R1_0/09_CLAIM_STATUS_AND_OPEN_GAPS.md,.md,4129,128956390ad62bbf1578eb050d18dd9b58392e1f2f0f9f496ff96686b0f198c9,False,,True
M3A_ARC1_COLLEAGUE_LOCKED_DEFINITIONS_R1_0/10_GLOSSARY.md,.md,2394,4ddfb67f69de603d8964847c8e3af5e58ccd81b10de498d711bef89b78fa2b16,False,,True
M3A_ARC1_COLLEAGUE_LOCKED_DEFINITIONS_R1_0/11_QUESTION_TO_SOURCE_INDEX.md,.md,2229,12b535b256e9d6ba5bcf8b84c8763feee2d5e0baca4d755d78f4258c17675f4a,False,,True
M3A_ARC1_COLLEAGUE_LOCKED_DEFINITIONS_R1_0/12_PRIOR_ART_CONTEXT.md,.md,2845,f864a615a5b03452bf0a51b587a5596bbf3b785c989b65f4cb879c180829d6ed,False,,True
M3A_ARC1_COLLEAGUE_LOCKED_DEFINITIONS_R1_0/ARC1_LOCKED_DEFINITIONS_REFERENCE.pdf,.pdf,15578,07948d0d9b606db20874eed5941ade3dbc423782d96a94fafd199e8ccdc03444,False,,False
M3A_ARC1_COLLEAGUE_LOCKED_DEFINITIONS_R1_0/ARC1_LOCKED_DEFINITIONS_REFERENCE.tex,.tex,4184,bf2cea917307982c52845cba39a2dcd134aa2a95da2a18ecb6535c9e380aeb3d,False,,True
M3A_ARC1_COLLEAGUE_LOCKED_DEFINITIONS_R1_0/BUILD_REFERENCE_PDF.py,.py,9516,37edd089a63e9ba265fa90cbe8e4bf18e39646e5ae9f3277b273320933f7439d,False,,True
M3A_ARC1_COLLEAGUE_LOCKED_DEFINITIONS_R1_0/LOCKED_DEFINITIONS.json,.json,9710,6b12ac4b38476f6e83164580c35a8c75606a62c5c88463e7ae0797aaf1e36ab5,False,,True
M3A_ARC1_COLLEAGUE_LOCKED_DEFINITIONS_R1_0/MANIFEST.sha256,.sha256,3785,1928b1c58da3d5d24f31edf91b21ecd33f1afcb38c9fdeb50ec44144b27eab19,False,,False
M3A_ARC1_COLLEAGUE_LOCKED_DEFINITIONS_R1_0/MINIMAL_REPRO/EXPECTED_OUTPUT.txt,.txt,263,0535cc9fe3bcf8d0513ed6880564b9a8f951068210c2e9b0da7ffc96d7cfd939,False,,True
M3A_ARC1_COLLEAGUE_LOCKED_DEFINITIONS_R1_0/MINIMAL_REPRO/README.md,.md,839,3d8525f139d642ec7faa986f1249771effa4eab2097be942521a62ba6c688317,False,,True
M3A_ARC1_COLLEAGUE_LOCKED_DEFINITIONS_R1_0/MINIMAL_REPRO/reproduce_key_claims.py,.py,3957,6241f2dadaab880bcf66a1db231013dce58adc0d9781efd81b91895d5bbadf7a,False,,True
M3A_ARC1_COLLEAGUE_LOCKED_DEFINITIONS_R1_0/REPRODUCE.sh,.sh,111,a42c52b9bc8d290248093b736add0a571a053dfa66f5cf39263f90b6e4e8b949,False,,True
M3A_ARC1_COLLEAGUE_LOCKED_DEFINITIONS_R1_0/SOURCES/ARC1/CLAIM_AND_NOVELTY_LEDGER.md,.md,1327,0de3033295e06312cb9cba2f277d104ad794794a184868f9e62111b708564980,False,,True
M3A_ARC1_COLLEAGUE_LOCKED_DEFINITIONS_R1_0/SOURCES/ARC1/EXACT_DARK_MOVING_ARC_THEOREM.tex,.tex,844,064cee0ce1899943b1cc4b7ce4df74099e2970c00255a173fd9371dbf05b734c,False,,True
M3A_ARC1_COLLEAGUE_LOCKED_DEFINITIONS_R1_0/SOURCES/ARC1/FALSIFIER_CERTIFICATE.md,.md,1171,45ea19a0dab49acacead15aa746ac4de092fee5c73f0625c739ec5123a027712,False,,True
M3A_ARC1_COLLEAGUE_LOCKED_DEFINITIONS_R1_0/SOURCES/ARC1/REPARAMETERISATION_LAWS.md,.md,800,64d83cc9118c29dd718669f3d19b2b67240a9bf6a5fe0c1f74658d6dfc1fdc0a,False,,True
M3A_ARC1_COLLEAGUE_LOCKED_DEFINITIONS_R1_0/SOURCES/ARC1/THREE_SCALE_SUPPORT_THEOREM.tex,.tex,2247,24e53623715f08b0f2c1ab577c17d77983d915c98dcb311ec1ec0e54d401c539,False,,True
M3A_ARC1_COLLEAGUE_LOCKED_DEFINITIONS_R1_0/SOURCES/ARC1/TIE_FACE_CANCELLATION_AND_NEXT_ORDER.tex,.tex,1104,a5c3400e7906e56b00c51628b531e2bf8f9835a2e51fc12c14b9b109916a5e81,False,,True
M3A_ARC1_COLLEAGUE_LOCKED_DEFINITIONS_R1_0/SOURCES/ARC1/TRANSFORMED_RESOLVENT_THREE_SCALE_THEOREM.tex,.tex,1055,761f0419f8772c1924c4c58975af433fb84d9275bcbc6a2d8ee330a78468db6b,False,,True
M3A_ARC1_COLLEAGUE_LOCKED_DEFINITIONS_R1_0/SOURCES/AUDITS/M3A_ARC1_FALSIFIER_AND_COLLEAGUE_REQUESTS_AUDIT_2026-08-01.md,.md,17601,a855e845cd1a278e8b16c16a63b44d0e7738eca8df80d4b48fa8acd925e244d5,False,,True
M3A_ARC1_COLLEAGUE_LOCKED_DEFINITIONS_R1_0/SOURCES/PROMPTS/WORKSTATION_ARC1_COLLEAGUE_CLARIFICATION_PATCH_PROMPT_R1_1.md,.md,17405,70bd48d7b21eb82f1c5db1f69ad47ea357f11c008b45a6df6656300ff5c64e9a,False,,True
M3A_ARC1_COLLEAGUE_LOCKED_DEFINITIONS_R1_0/SOURCES/R1_2/M3A_Diagonal_Family_Trichotomy_Paper_R1_2.pdf,.pdf,374126,4135498db2f973d8c3dbd4f77b8ebc94c2f3ea8bfc11e9dd710ef694b65d3222,False,,False
M3A_ARC1_COLLEAGUE_LOCKED_DEFINITIONS_R1_0/SOURCES/R1_2/M3A_Diagonal_Family_Trichotomy_Paper_R1_2.tex,.tex,36123,c5e1d29848307e0b3852d962a6af843499524377ff72c97b647af03052e35009,False,,True
M3A_ARC1_COLLEAGUE_LOCKED_DEFINITIONS_R1_0/SOURCES/SCRIPTS/CODE_PRIMARY/moving_direction_series.py,.py,5556,be49fd7cb0dccdf198a2b25e3152e780b53ab628fcc33ac5eded6314fd39b5f2,False,,True
M3A_ARC1_COLLEAGUE_LOCKED_DEFINITIONS_R1_0/VERIFY_PACKAGE.py,.py,4490,631f6e6e0063d5f411a8f38d2f604679c21d24e4223b0d0fa0031d5c829123a7,False,,True
M3A_calibration_fault_diagnosis_prototype.zip,.zip,96109,8f92eda5d671c4519d1c6e526ebb21175e7de040991f4ca74486934feea9a23e,False,,False
M3A_DIAGONAL_FAMILY_TRICHOTOMY_TF1.zip,.zip,23368702,,False,,False
M3A_DIAGONAL_FAMILY_TRICHOTOMY_TF1.zip.sha256,.sha256,105,c93884b4ace4b8d7e0c5a8719f42249b17b9b67045d18d0f30a4b0002d19709e,False,,False
M3A_DIAGONAL_FAMILY_TRICHOTOMY_TF1/ASSUMPTIONS_LOCK.md,.md,1759,e35a0d85ac449e77b97672bea76c285f6d4ffc923f62ff8f6253794c8d231a44,False,,True
M3A_DIAGONAL_FAMILY_TRICHOTOMY_TF1/CLAIM_AND_NOVELTY_LEDGER.md,.md,1611,a41b89e7f4c8719d32abc85efe7873896751f6db5a97e04dfbe147fa41e84f47,False,,True
M3A_DIAGONAL_FAMILY_TRICHOTOMY_TF1/CODE_PRIMARY/integrity_gate.ps1,.ps1,4521,c90d0f59b2bd03c715bf1ca93c481f6ea53eb6d9abc869fbbbe3a02431054279,False,,True
M3A_DIAGONAL_FAMILY_TRICHOTOMY_TF1/COMPARISON_POLICY.json,.json,543,51e49ab6e83a177a64a568800ca4138f012ed0bfd883e3d8d31419f0d44da5cf,False,,True
M3A_DIAGONAL_FAMILY_TRICHOTOMY_TF1/COUNTEREXAMPLES_AND_SCOPE.md,.md,1363,00f31c0f04e5e6fe1cd1cb8530d82432ae7be198905f5512497d0193249b62ef,False,,True
M3A_DIAGONAL_FAMILY_TRICHOTOMY_TF1/DATA/independent_a.json,.json,517,b0f41b7518e6cc130ceb84e939ee6b843bf68620e30fb3775b70785d0befbfdb,False,,True
M3A_DIAGONAL_FAMILY_TRICHOTOMY_TF1/DATA/independent_b.json,.json,14275,ee278fc5065789417fcb0ceba1338a95966ac17fcf5d15951126bca39b10a3a6,False,,True
M3A_DIAGONAL_FAMILY_TRICHOTOMY_TF1/DATA/integrity_gate.json,.json,1148,e902df18927731d5e46beeaf2c2e8e27e23aadb4cfcc076256df95655c9a3c23,False,,True
M3A_DIAGONAL_FAMILY_TRICHOTOMY_TF1/DATA/primary.json,.json,13856,b928506a7b82c7b055eb8f691e99ba4c25617165a7b556d37804a99e63b8dd1a,False,,True
M3A_DIAGONAL_FAMILY_TRICHOTOMY_TF1/DATA/TF1_CONTROLS.json,.json,2159,57a65bd60519300e36bfddf482afb14a0c5b3d40af5f467497ac9cba422af1e4,False,,True
M3A_DIAGONAL_FAMILY_TRICHOTOMY_TF1/DENOMINATOR_AND_CANCELLATION_AUDIT.md,.md,3080,72bfbdd6e503de0da8e607444ccb84acd4eda013b89fa125a04849dc05357f92,False,,True
M3A_DIAGONAL_FAMILY_TRICHOTOMY_TF1/DIAGONAL_FAMILY_TRICHOTOMY_THEOREM.tex,.tex,1849,2d7472346901d08bb891e2da32681aa4ca08075547c38f1e89a33e44ccfb14df,False,,True
M3A_DIAGONAL_FAMILY_TRICHOTOMY_TF1/ENDPOINT_SUPPORT_BOUND.md,.md,791,481b439971a4fc423c3e7880f2210b9e19c8c50a5b858229ef28842836717f48,False,,True
M3A_DIAGONAL_FAMILY_TRICHOTOMY_TF1/ENVIRONMENT_SPECIFICATION.txt,.txt,549,9cbed4153221562f746251dae83015365f06deb0ecf6424f47610ee2dbd5be37,False,,True
M3A_DIAGONAL_FAMILY_TRICHOTOMY_TF1/EXACT_DARK_COMPONENT_DECOMPOSITION.md,.md,1491,bee168ab1c807083307e8e9a5f165fa26e7cbead73a17e70c59236a771093fab,False,,True
M3A_DIAGONAL_FAMILY_TRICHOTOMY_TF1/EXACT_FAMILY_NUMERATOR_THEOREM.tex,.tex,1175,8916652f8d34f17deb684bfe9ec9f92a4c1cb7310fd554702ab13abd1eef4967,False,,True
M3A_DIAGONAL_FAMILY_TRICHOTOMY_TF1/EXPECTED/independent_a.json,.json,517,b0f41b7518e6cc130ceb84e939ee6b843bf68620e30fb3775b70785d0befbfdb,False,,True
M3A_DIAGONAL_FAMILY_TRICHOTOMY_TF1/EXPECTED/independent_b.json,.json,14275,ee278fc5065789417fcb0ceba1338a95966ac17fcf5d15951126bca39b10a3a6,False,,True
M3A_DIAGONAL_FAMILY_TRICHOTOMY_TF1/EXPECTED/primary.json,.json,13856,b928506a7b82c7b055eb8f691e99ba4c25617165a7b556d37804a99e63b8dd1a,False,,True
M3A_DIAGONAL_FAMILY_TRICHOTOMY_TF1/EXPECTED_CANONICAL.sha256,.sha256,249,295596b2fcde47b2add4ca6eafc955650938cebe5193a7097fe74ebbb2b5cef6,False,,False
M3A_DIAGONAL_FAMILY_TRICHOTOMY_TF1/FAILURE_LEDGER.md,.md,1266,a8a3ba235afbb4f7f20dc5054925b6de30e91c34436c1ba48ca666b07fa07571,False,,True
M3A_DIAGONAL_FAMILY_TRICHOTOMY_TF1/FINAL_TF1_ASSESSMENT.md,.md,2503,abeb2d4aa7340ed768f522179422acd82c37b9aa5058d594b730d1ab58d129b9,False,,True
M3A_DIAGONAL_FAMILY_TRICHOTOMY_TF1/INPUT_ARCHIVES.sha256,.sha256,724,39d088dfecc987146796951df6567ea624d4c3642db6048f411d16d8ced4f4f9,False,,False
M3A_DIAGONAL_FAMILY_TRICHOTOMY_TF1/INPUTS/M3A_000029_exact_polynomial_certificate.zip,.zip,9415,6ec4425d54a3e69a10a91fa0d56c9241b67fdbfb1bc71428664cf3752eb5e72e,False,,False
M3A_DIAGONAL_FAMILY_TRICHOTOMY_TF1/INPUTS/M3A_000029_FIRST_PRINCIPLES_REDERIVATION_POSITIVE_WEIGHT_THEOREM.zip,.zip,16419,278ec717a037d694014c25a86959818102e37a4985fca5251608b471db2b3640,False,,False
M3A_DIAGONAL_FAMILY_TRICHOTOMY_TF1/INPUTS/M3A_POSITIVE_WEIGHT_DOMINANCE_THEOREM_NUCLEUS_TC1.zip,.zip,18140743,07d91b3596298d349bfca3ec2c544e749e580be0b3f4a3899dac3c35b71bb15d,False,,False
M3A_DIAGONAL_FAMILY_TRICHOTOMY_TF1/INPUTS/STAGE_C5_M3A_EXACT_FIRST_INVERSE_DESIGN_2026-07-31_R1_0.zip,.zip,5165673,c131293afd71a15f5c254071a83ae848f859bc3d1f3655986b3a463256eb8534,False,,False
M3A_DIAGONAL_FAMILY_TRICHOTOMY_TF1/INPUTS/TF1_DIAGONAL_FAMILY_TRICHOTOMY_AUDIT_PROMPT.md,.md,17836,71284d17d71d483f72ddcc29f350d70e4503efd736b95b9b26792e7d66c58b79,False,,True
M3A_DIAGONAL_FAMILY_TRICHOTOMY_TF1/INPUTS/TF1_DIAGONAL_FAMILY_TRICHOTOMY_AUDIT_PROMPT.md.sha256,.sha256,113,ed144e525028ef5cc6dc9d8255da90a6308e7fb1fd386b20306d5e17d45f6108,False,,False
M3A_DIAGONAL_FAMILY_TRICHOTOMY_TF1/INVERSE_CONSTRUCTIONS.md,.md,520,24243dabae7cefd6d8e519d3b18a3c590d04aebeb74699fef1376b96d84895c4,False,,True
M3A_DIAGONAL_FAMILY_TRICHOTOMY_TF1/LEADING_COEFFICIENT_CERTIFICATES.json,.json,848,2983a59cfb2751a735c698556085ab3e2a68bed6b44473e8482f978bc396c195,False,,True
M3A_DIAGONAL_FAMILY_TRICHOTOMY_TF1/MANIFEST.sha256,.sha256,4622,325bf861698b6f99f63f7152ddae17a06293ba062bc03292c25cf62cc58d6405,False,,False
M3A_DIAGONAL_FAMILY_TRICHOTOMY_TF1/MANIFEST_POLICY.md,.md,571,7b8d5c0ddd46daa83b83fc90f9d77df7123b90cbaea5b68cf0938b1d78ae5948,False,,True
M3A_DIAGONAL_FAMILY_TRICHOTOMY_TF1/MOMENT_WORD_PROOF.md,.md,1199,5c2a7953927f392e87d7b54d4884cb3efda8255e0a1b6f94758d663814c08a4c,False,,True
M3A_DIAGONAL_FAMILY_TRICHOTOMY_TF1/PAPER_POSITIONING_HANDOFF.md,.md,986,e65c6e63615c61e912a99a2c4c6af6c04af0a7c3ede9ff794aea71a622ff450f,False,,True
M3A_DIAGONAL_FAMILY_TRICHOTOMY_TF1/POSITIVE_WEIGHT_FAMILY_THEOREM.tex,.tex,1465,1794f04e7c3fef6cc3b8e14b34e65fdb9ef5746fde4ee0e8dab3b1ba1144e1ba,False,,True
M3A_DIAGONAL_FAMILY_TRICHOTOMY_TF1/PRIOR_ART_AUDIT.md,.md,4159,13246c701c66d4a1de3f17cdddf9d79d1c026a65273f373e028e2656941d0dee,False,,True
M3A_DIAGONAL_FAMILY_TRICHOTOMY_TF1/RAW_FAMILY_MODEL.json,.json,695,703b2b23f9a362e8fe991db3c54ecc8f6948152aa88eaf0443e454cfa05ecc4f,False,,True
M3A_DIAGONAL_FAMILY_TRICHOTOMY_TF1/REPRODUCE.sh,.sh,602,734128e4bfd11da17734d80e333cc6c25e76333710353bedb685630cdc321f5f,False,,True
M3A_DIAGONAL_FAMILY_TRICHOTOMY_TF1/REPRODUCIBILITY_PROTOCOL.md,.md,924,250daa28acffd16c7f1f3738d92df27b9b892bac71068ed136c25709c0272089,False,,True
M3A_DIAGONAL_FAMILY_TRICHOTOMY_TF1/SYZYGY_CERTIFICATE.md,.md,576,8295595e3519f6e985bd74ded18155b43d68367b6f54112f9992e834edcfc6bf,False,,True
M3A_DIAGONAL_FAMILY_TRICHOTOMY_TF1_R1_1.zip,.zip,23380247,,False,,False
M3A_DIAGONAL_FAMILY_TRICHOTOMY_TF1_R1_1.zip.sha256,.sha256,110,4e5057b2eee23bd649f65eb26cdac1cad288b2de51da8a1850ecaa57c3471b58,False,,False
M3A_DIAGONAL_FAMILY_TRICHOTOMY_TF1_REFERENCE_TREES/C5/STAGE_C5_M3A_EXACT_FIRST_INVERSE_DESIGN/C5_DEFINITIONS_LOCK.md,.md,1697,7aa233eec8d71a028fb52619d5c393e3d642b61cfbab6786ec847c60c0662302,False,,True
M3A_DIAGONAL_FAMILY_TRICHOTOMY_TF1_REFERENCE_TREES/C5/STAGE_C5_M3A_EXACT_FIRST_INVERSE_DESIGN/C6_READINESS_LEDGER.md,.md,1175,7fd9d4044bbdbf240a766798f8da4c0f78cb61f1509e5e002e38fe323d90ebf4,False,,True
M3A_DIAGONAL_FAMILY_TRICHOTOMY_TF1_REFERENCE_TREES/C5/STAGE_C5_M3A_EXACT_FIRST_INVERSE_DESIGN/CLAIM_LEDGER.md,.md,1346,db4495198bba9211de43f62a645667baa07b4c62103daf007d9ee76017214988,False,,True
M3A_DIAGONAL_FAMILY_TRICHOTOMY_TF1_REFERENCE_TREES/C5/STAGE_C5_M3A_EXACT_FIRST_INVERSE_DESIGN/CODE/c5_exact.py,.py,25898,ca43010100285d6f029d59ca0a7c3555578d1c072a29c88d15208eb304326c6b,False,,True
M3A_DIAGONAL_FAMILY_TRICHOTOMY_TF1_REFERENCE_TREES/C5/STAGE_C5_M3A_EXACT_FIRST_INVERSE_DESIGN/CODE/independent_module_a.py,.py,2987,9926e18033adb19c16abc4a9fbb1f78c61fa71778105974c0fab6b9607917b1f,False,,True
M3A_DIAGONAL_FAMILY_TRICHOTOMY_TF1_REFERENCE_TREES/C5/STAGE_C5_M3A_EXACT_FIRST_INVERSE_DESIGN/CODE/independent_module_b.py,.py,4105,d4c26aba85fa229413aadc23e2976badf50ff761539f6b4d2626b691a5c44b00,False,,True
M3A_DIAGONAL_FAMILY_TRICHOTOMY_TF1_REFERENCE_TREES/C5/STAGE_C5_M3A_EXACT_FIRST_INVERSE_DESIGN/CODE/requirements.txt,.txt,28,c2e9e7c244ae7867606e6d8b3b0172d328e3f271edd51b3ef4f5451e407d8ca7,False,,True
M3A_DIAGONAL_FAMILY_TRICHOTOMY_TF1_REFERENCE_TREES/C5/STAGE_C5_M3A_EXACT_FIRST_INVERSE_DESIGN/CODE/run_c5_audit.py,.py,2077,383925af993ae8e4719a056c35903954024b858d70d1ffa003b9afee4e4a039a,False,,True
M3A_DIAGONAL_FAMILY_TRICHOTOMY_TF1_REFERENCE_TREES/C5/STAGE_C5_M3A_EXACT_FIRST_INVERSE_DESIGN/CODE/test_c5.py,.py,1936,ac86b8e6157d000e3de42acdc6b92cae0592184ee30c3f151a6cf9a904765590,False,,True
M3A_DIAGONAL_FAMILY_TRICHOTOMY_TF1_REFERENCE_TREES/C5/STAGE_C5_M3A_EXACT_FIRST_INVERSE_DESIGN/COMPARISON_POLICY.json,.json,498,699d53a0eb718d81ddb344391e4b926c6659c4f122b0565c80423edbc2d82ae2,False,,True
M3A_DIAGONAL_FAMILY_TRICHOTOMY_TF1_REFERENCE_TREES/C5/STAGE_C5_M3A_EXACT_FIRST_INVERSE_DESIGN/COUNTEREXAMPLES.md,.md,1450,7261775399598ba8488a20356aa19bdb709897b88d7c1ed3553212a3522e00ad,False,,True
M3A_DIAGONAL_FAMILY_TRICHOTOMY_TF1_REFERENCE_TREES/C5/STAGE_C5_M3A_EXACT_FIRST_INVERSE_DESIGN/DATA/audit_summary.csv,.csv,1278,ea1207793b3e8608128393600be534d6b764c89ed736a761c09499d5484cc8ba,False,,True
M3A_DIAGONAL_FAMILY_TRICHOTOMY_TF1_REFERENCE_TREES/C5/STAGE_C5_M3A_EXACT_FIRST_INVERSE_DESIGN/DATA/c5_exact_results.json,.json,15481,6188eccb6844834afffcf171bf29889949f59797b8df0f4c19b6398c88f165ae,False,,True
M3A_DIAGONAL_FAMILY_TRICHOTOMY_TF1_REFERENCE_TREES/C5/STAGE_C5_M3A_EXACT_FIRST_INVERSE_DESIGN/DATA/exact_control_archive.json,.json,942,f1caad57182b1ee6b8e6a942343c868a2d4b8856e472b8dc81bcf1f37dab1fa2,False,,True
M3A_DIAGONAL_FAMILY_TRICHOTOMY_TF1_REFERENCE_TREES/C5/STAGE_C5_M3A_EXACT_FIRST_INVERSE_DESIGN/DATA/first_order_design_controls.json,.json,6955,d38635ff56b85225659d10c189f4d111096f9473e8c725334e3bffab0fa46c5a,False,,True
M3A_DIAGONAL_FAMILY_TRICHOTOMY_TF1_REFERENCE_TREES/C5/STAGE_C5_M3A_EXACT_FIRST_INVERSE_DESIGN/DATA/independent_module_a.json,.json,439,8f74695f7c7382579d92f6921e1f2ec0a36c0061a23338cc6103bc0be3c17fe8,False,,True
M3A_DIAGONAL_FAMILY_TRICHOTOMY_TF1_REFERENCE_TREES/C5/STAGE_C5_M3A_EXACT_FIRST_INVERSE_DESIGN/DATA/independent_module_b.json,.json,679,8efb61a2e4b2180ee5a1667f7df9ffe32469feb7d0c13c65fea9bd21f7b1f3a3,False,,True
M3A_DIAGONAL_FAMILY_TRICHOTOMY_TF1_REFERENCE_TREES/C5/STAGE_C5_M3A_EXACT_FIRST_INVERSE_DESIGN/DATA/m3a_000029_c5.json,.json,3399,5c9a1d1f8db673c079f49b1a7a8f19f7a6395779ebc5f679fafdb346bc8df945,False,,True
M3A_DIAGONAL_FAMILY_TRICHOTOMY_TF1_REFERENCE_TREES/C5/STAGE_C5_M3A_EXACT_FIRST_INVERSE_DESIGN/DATA/protected_design_controls.json,.json,2330,e0be3e37936eca8d9ac9269bf84c650c06ef8ab45007d8322554fda9b03a93dd,False,,True
M3A_DIAGONAL_FAMILY_TRICHOTOMY_TF1_REFERENCE_TREES/C5/STAGE_C5_M3A_EXACT_FIRST_INVERSE_DESIGN/DATA/scope_controls.json,.json,704,7589116eea559f0ab1133dfe0ef9397c74547a1f52ce11ecb86475de2244d794,False,,True
M3A_DIAGONAL_FAMILY_TRICHOTOMY_TF1_REFERENCE_TREES/C5/STAGE_C5_M3A_EXACT_FIRST_INVERSE_DESIGN/DESIGN_EQUIVALENCE_AND_ADMISSIBILITY.md,.md,1015,c53994cfe6a1b81ecee73a97c387647afcce00550ff2b7307454e6f83b77e9c7,False,,True
M3A_DIAGONAL_FAMILY_TRICHOTOMY_TF1_REFERENCE_TREES/C5/STAGE_C5_M3A_EXACT_FIRST_INVERSE_DESIGN/DIMENSION_AND_FEEDTHROUGH_BOUNDARY.md,.md,877,b5170035412f73aaa3bc55b866f9ebcf19fbfa73babde1fcac2e425dbdc42828,False,,True
M3A_DIAGONAL_FAMILY_TRICHOTOMY_TF1_REFERENCE_TREES/C5/STAGE_C5_M3A_EXACT_FIRST_INVERSE_DESIGN/ENVIRONMENT_SPECIFICATION.txt,.txt,505,88c48610efed9b9b50662100445c60c133acfaba07ed0b104f3ab24b07f6ab02,False,,True
M3A_DIAGONAL_FAMILY_TRICHOTOMY_TF1_REFERENCE_TREES/C5/STAGE_C5_M3A_EXACT_FIRST_INVERSE_DESIGN/EXACT_FIRST_ORDER_INVERSE_DESIGN_THEOREM.md,.md,2008,51d37b0bc575d20feec2818f5812b4fec532a8640fc3a19cdc58e425094c1adf,False,,True
M3A_DIAGONAL_FAMILY_TRICHOTOMY_TF1_REFERENCE_TREES/C5/STAGE_C5_M3A_EXACT_FIRST_INVERSE_DESIGN/EXPECTED/audit_summary.csv,.csv,1278,ea1207793b3e8608128393600be534d6b764c89ed736a761c09499d5484cc8ba,False,,True
M3A_DIAGONAL_FAMILY_TRICHOTOMY_TF1_REFERENCE_TREES/C5/STAGE_C5_M3A_EXACT_FIRST_INVERSE_DESIGN/EXPECTED/c5_exact_results.json,.json,15481,6188eccb6844834afffcf171bf29889949f59797b8df0f4c19b6398c88f165ae,False,,True
M3A_DIAGONAL_FAMILY_TRICHOTOMY_TF1_REFERENCE_TREES/C5/STAGE_C5_M3A_EXACT_FIRST_INVERSE_DESIGN/EXPECTED/exact_control_archive.json,.json,942,f1caad57182b1ee6b8e6a942343c868a2d4b8856e472b8dc81bcf1f37dab1fa2,False,,True
M3A_DIAGONAL_FAMILY_TRICHOTOMY_TF1_REFERENCE_TREES/C5/STAGE_C5_M3A_EXACT_FIRST_INVERSE_DESIGN/EXPECTED/first_order_design_controls.json,.json,6955,d38635ff56b85225659d10c189f4d111096f9473e8c725334e3bffab0fa46c5a,False,,True
M3A_DIAGONAL_FAMILY_TRICHOTOMY_TF1_REFERENCE_TREES/C5/STAGE_C5_M3A_EXACT_FIRST_INVERSE_DESIGN/EXPECTED/independent_module_a.json,.json,439,8f74695f7c7382579d92f6921e1f2ec0a36c0061a23338cc6103bc0be3c17fe8,False,,True
M3A_DIAGONAL_FAMILY_TRICHOTOMY_TF1_REFERENCE_TREES/C5/STAGE_C5_M3A_EXACT_FIRST_INVERSE_DESIGN/EXPECTED/independent_module_b.json,.json,679,8efb61a2e4b2180ee5a1667f7df9ffe32469feb7d0c13c65fea9bd21f7b1f3a3,False,,True
M3A_DIAGONAL_FAMILY_TRICHOTOMY_TF1_REFERENCE_TREES/C5/STAGE_C5_M3A_EXACT_FIRST_INVERSE_DESIGN/EXPECTED/m3a_000029_c5.json,.json,3399,5c9a1d1f8db673c079f49b1a7a8f19f7a6395779ebc5f679fafdb346bc8df945,False,,True
M3A_DIAGONAL_FAMILY_TRICHOTOMY_TF1_REFERENCE_TREES/C5/STAGE_C5_M3A_EXACT_FIRST_INVERSE_DESIGN/EXPECTED/protected_design_controls.json,.json,2330,e0be3e37936eca8d9ac9269bf84c650c06ef8ab45007d8322554fda9b03a93dd,False,,True
M3A_DIAGONAL_FAMILY_TRICHOTOMY_TF1_REFERENCE_TREES/C5/STAGE_C5_M3A_EXACT_FIRST_INVERSE_DESIGN/EXPECTED/scope_controls.json,.json,704,7589116eea559f0ab1133dfe0ef9397c74547a1f52ce11ecb86475de2244d794,False,,True
M3A_DIAGONAL_FAMILY_TRICHOTOMY_TF1_REFERENCE_TREES/C5/STAGE_C5_M3A_EXACT_FIRST_INVERSE_DESIGN/EXPECTED_CANONICAL.sha256,.sha256,816,22cef0dfbb9ad147e273d73801703a5ea28ad846327e9547dc87332aebe700e5,False,,False
M3A_DIAGONAL_FAMILY_TRICHOTOMY_TF1_REFERENCE_TREES/C5/STAGE_C5_M3A_EXACT_FIRST_INVERSE_DESIGN/FAILURE_LEDGER.md,.md,1191,f661c930bb9070daf5f61feddfbfccc38bbf805c073ddcdc03a5e0b0986959c1,False,,True
M3A_DIAGONAL_FAMILY_TRICHOTOMY_TF1_REFERENCE_TREES/C5/STAGE_C5_M3A_EXACT_FIRST_INVERSE_DESIGN/FEASIBILITY_CERTIFICATES.md,.md,1240,0bc8cb3a9d104298d037d0fb9669e50c02051ad3b78d7e6336ae0790bd9d0cd9,False,,True
M3A_DIAGONAL_FAMILY_TRICHOTOMY_TF1_REFERENCE_TREES/C5/STAGE_C5_M3A_EXACT_FIRST_INVERSE_DESIGN/FEASIBILITY_OPTIMISATION_FIREWALL.md,.md,815,20b171e2da7f29bc0e3212e7790b3fc5db484abe2cb44722653140e0be9553b2,False,,True
M3A_DIAGONAL_FAMILY_TRICHOTOMY_TF1_REFERENCE_TREES/C5/STAGE_C5_M3A_EXACT_FIRST_INVERSE_DESIGN/FINAL_STAGE_C5_ASSESSMENT.md,.md,2133,be95b14efacb3a18842b867508956d0a6f1a02489453404cada2bf57435611d5,False,,True
M3A_DIAGONAL_FAMILY_TRICHOTOMY_TF1_REFERENCE_TREES/C5/STAGE_C5_M3A_EXACT_FIRST_INVERSE_DESIGN/INPUT_ARCHIVES.sha256,.sha256,332,63dba83b8b28754e07c04f100a47dc0d931c86e4a22df4e43df715fb395392ed,False,,False
M3A_DIAGONAL_FAMILY_TRICHOTOMY_TF1_REFERENCE_TREES/C5/STAGE_C5_M3A_EXACT_FIRST_INVERSE_DESIGN/INPUT_INVENTORY_AND_HASHES.md,.md,796,d7a9b6865bdf7717d269ce6d964c16c24b1578e6dbdc0694eb5496a13c636c48,False,,True
M3A_DIAGONAL_FAMILY_TRICHOTOMY_TF1_REFERENCE_TREES/C5/STAGE_C5_M3A_EXACT_FIRST_INVERSE_DESIGN/INPUTS/STAGE_C4_M3A_PROTOCOL_SCALING_2026-07-27_R1_0.zip,.zip,5117299,b2754b2b97536d641c1bca0376f65e2b2a8c72150bbc045a1e86939c89bfe196,False,,False
M3A_DIAGONAL_FAMILY_TRICHOTOMY_TF1_REFERENCE_TREES/C5/STAGE_C5_M3A_EXACT_FIRST_INVERSE_DESIGN/INPUTS/STAGE_C4_M3A_PROTOCOL_SCALING_2026-07-27_R1_0.zip.sha256,.sha256,116,30e76e3a5a4ea501218649dd2ec0be1afb036aff02e193256c75554d01828527,False,,False
M3A_DIAGONAL_FAMILY_TRICHOTOMY_TF1_REFERENCE_TREES/C5/STAGE_C5_M3A_EXACT_FIRST_INVERSE_DESIGN/INPUTS/STAGE_C5_SPECIFICATION.txt,.txt,4714,960e0ed0117c444a5196004930c43e48481869c7c8d017a3cd839dd1df8e3e4e,False,,True
M3A_DIAGONAL_FAMILY_TRICHOTOMY_TF1_REFERENCE_TREES/C5/STAGE_C5_M3A_EXACT_FIRST_INVERSE_DESIGN/M3A_000029_C5_CLASSIFICATION.md,.md,1567,82d1104696dac0cc0ef60ca0a66c3c88032ab592e1110542d9e86ea3e349460e,False,,True
M3A_DIAGONAL_FAMILY_TRICHOTOMY_TF1_REFERENCE_TREES/C5/STAGE_C5_M3A_EXACT_FIRST_INVERSE_DESIGN/MANIFEST.sha256,.sha256,5145,cdfc92acbf19dbc782a2edf809b4770070398b4c3d15e1c307df8aa8739b315c,False,,False
M3A_DIAGONAL_FAMILY_TRICHOTOMY_TF1_REFERENCE_TREES/C5/STAGE_C5_M3A_EXACT_FIRST_INVERSE_DESIGN/MANIFEST_POLICY.md,.md,764,38215fa026bb8332e9384cf64d75fdc82cd92e1905305ccb080204649068e7cd,False,,True
M3A_DIAGONAL_FAMILY_TRICHOTOMY_TF1_REFERENCE_TREES/C5/STAGE_C5_M3A_EXACT_FIRST_INVERSE_DESIGN/PRIOR_ART_AUDIT.md,.md,3210,e7f8c99541af8d7a326fd04027d5f8c684eadbea3025471964ab0bcb2c99c0c1,False,,True
M3A_DIAGONAL_FAMILY_TRICHOTOMY_TF1_REFERENCE_TREES/C5/STAGE_C5_M3A_EXACT_FIRST_INVERSE_DESIGN/PROTECTED_HIGHER_ORDER_DESIGN.md,.md,1134,5da6f28f65fe02d5f903c1b611e6d9f841caa88f08bd5b32d35121668a1c5df7,False,,True
M3A_DIAGONAL_FAMILY_TRICHOTOMY_TF1_REFERENCE_TREES/C5/STAGE_C5_M3A_EXACT_FIRST_INVERSE_DESIGN/RANK_AND_NONVANISHING_FIREWALL.md,.md,770,f832f2786524f8442643e09a761f6f8db021dac74c0b6452340c2a058e710d0c,False,,True
M3A_DIAGONAL_FAMILY_TRICHOTOMY_TF1_REFERENCE_TREES/C5/STAGE_C5_M3A_EXACT_FIRST_INVERSE_DESIGN/README.md,.md,1355,f4e54f3fcc9379434888b00fe691a216ae2ec1f0614b90264f4f687571d54a1e,False,,True
M3A_DIAGONAL_FAMILY_TRICHOTOMY_TF1_REFERENCE_TREES/C5/STAGE_C5_M3A_EXACT_FIRST_INVERSE_DESIGN/REPRODUCE.sh,.sh,3380,98947e65dc124fd727e0caffed2e7e05511b707484830c425b128c6f60928194,False,,True
M3A_DIAGONAL_FAMILY_TRICHOTOMY_TF1_REFERENCE_TREES/C5/STAGE_C5_M3A_EXACT_FIRST_INVERSE_DESIGN/REPRODUCIBILITY_PROTOCOL_R1_1.md,.md,1042,d3fda9012599cdd704a6e85fbc1c5b00285fef36bdc4e3ba8138221183bf7058,False,,True
M3A_DIAGONAL_FAMILY_TRICHOTOMY_TF1_REFERENCE_TREES/C5/STAGE_C5_M3A_EXACT_FIRST_INVERSE_DESIGN/TERMINOLOGY_LEDGER.md,.md,1122,ce5d3910ec1efab149551ce5a5f0fb79edf1f32d41d84809032d4922ea3208c0,False,,True
M3A_DIAGONAL_FAMILY_TRICHOTOMY_TF1_REFERENCE_TREES/C5/STAGE_C5_M3A_EXACT_FIRST_INVERSE_DESIGN/THEOREM_CLASSIFICATION_LEDGER.md,.md,1026,a7bbcc32ee08a2da8fca6c893e213451b09578d0abee1bd1b56354aa244db9df,False,,True
M3A_DIAGONAL_FAMILY_TRICHOTOMY_TF1_REFERENCE_TREES/C5/STAGE_C5_M3A_EXACT_FIRST_INVERSE_DESIGN/THEOREM_DEPENDENCY_GRAPH.md,.md,1046,e188cff673aca6fba1db1425d1146bb8de29b9ef581df3d30f8488dc1dad485d,False,,True
M3A_DIAGONAL_FAMILY_TRICHOTOMY_TF1_REFERENCE_TREES/FIRST_PRINCIPLES/M3A_000029_FIRST_PRINCIPLES_REDERIVATION_POSITIVE_WEIGHT_THEOREM/BOUNDARY_DESTRUCTION_AUDIT.md,.md,4568,a032b821fc40394b1696e68aaf699d4ee959c531bbe3b5c9af41e28cc334e3a0,False,,True
M3A_DIAGONAL_FAMILY_TRICHOTOMY_TF1_REFERENCE_TREES/FIRST_PRINCIPLES/M3A_000029_FIRST_PRINCIPLES_REDERIVATION_POSITIVE_WEIGHT_THEOREM/CHECKSUM/exact_checksum.py,.py,7180,32c7fb72aa2874d942160ffd74be3c0dbd6b32c8dd6e70c971ac911fdb5dba01,False,,True
M3A_DIAGONAL_FAMILY_TRICHOTOMY_TF1_REFERENCE_TREES/FIRST_PRINCIPLES/M3A_000029_FIRST_PRINCIPLES_REDERIVATION_POSITIVE_WEIGHT_THEOREM/CHECKSUM_RESULTS.json,.json,2190,5086b6326860f7b84301960ca5e890b2a5c034ee5ea7dbff058837ef73a36650,False,,True
M3A_DIAGONAL_FAMILY_TRICHOTOMY_TF1_REFERENCE_TREES/FIRST_PRINCIPLES/M3A_000029_FIRST_PRINCIPLES_REDERIVATION_POSITIVE_WEIGHT_THEOREM/CHECKSUM_RESULTS.sha256,.sha256,169,1117ee0d9aa495f69ea0b7d8c98371a78c2339b1cca38365de78ae5dcf0b4e5d,False,,False
M3A_DIAGONAL_FAMILY_TRICHOTOMY_TF1_REFERENCE_TREES/FIRST_PRINCIPLES/M3A_000029_FIRST_PRINCIPLES_REDERIVATION_POSITIVE_WEIGHT_THEOREM/FINAL_ASSESSMENT.md,.md,713,e01f578858dc18f4faacf2a55291d769cdb78782fa1e71a3b566a089b0700a15,False,,True
M3A_DIAGONAL_FAMILY_TRICHOTOMY_TF1_REFERENCE_TREES/FIRST_PRINCIPLES/M3A_000029_FIRST_PRINCIPLES_REDERIVATION_POSITIVE_WEIGHT_THEOREM/FIRST_PRINCIPLES_DERIVATION.md,.md,11335,1db4d768969ef9b760b1b899a34eb945ba346fba2228c71e1f06e8a9cc77ab91,False,,True
M3A_DIAGONAL_FAMILY_TRICHOTOMY_TF1_REFERENCE_TREES/FIRST_PRINCIPLES/M3A_000029_FIRST_PRINCIPLES_REDERIVATION_POSITIVE_WEIGHT_THEOREM/MANIFEST.sha256,.sha256,883,fc7849e720c7d6f24fb47a2f7c74eb8a4fea51f0094b5dc5fe0db75466b30ae6,False,,False
M3A_DIAGONAL_FAMILY_TRICHOTOMY_TF1_REFERENCE_TREES/FIRST_PRINCIPLES/M3A_000029_FIRST_PRINCIPLES_REDERIVATION_POSITIVE_WEIGHT_THEOREM/RAW_MODEL.json,.json,270,ee54e5b1087c5ef4b1ab75a388edc9325e65585a7f45234b5986a95e4c49a38f,False,,True
M3A_DIAGONAL_FAMILY_TRICHOTOMY_TF1_REFERENCE_TREES/FIRST_PRINCIPLES/M3A_000029_FIRST_PRINCIPLES_REDERIVATION_POSITIVE_WEIGHT_THEOREM/README.md,.md,689,47402b6d8c5634fd5c4abb1b3e9fdfc20c4826de56fd7ae871a87f8ec2391602,False,,True
M3A_DIAGONAL_FAMILY_TRICHOTOMY_TF1_REFERENCE_TREES/FIRST_PRINCIPLES/M3A_000029_FIRST_PRINCIPLES_REDERIVATION_POSITIVE_WEIGHT_THEOREM/REPRODUCE.py,.py,1736,90fa7592a5a5e54b4474429683265f52d2d0e2bf4570559515cf1faaffb1e0b5,False,,True
M3A_DIAGONAL_FAMILY_TRICHOTOMY_TF1_REFERENCE_TREES/FIRST_PRINCIPLES/M3A_000029_FIRST_PRINCIPLES_REDERIVATION_POSITIVE_WEIGHT_THEOREM/SOURCE_PROMPT.sha256,.sha256,155,cb9b7a4efbd412ad7a448054b6ececde59a523181004ed8399b0aa9cc7da1f28,False,,False
M3A_DIAGONAL_FAMILY_TRICHOTOMY_TF1_REFERENCE_TREES/POLYNOMIAL/M3A_000029_exact_polynomial_certificate/code/verify_m3a_000029.py,.py,2228,c24b59c0f441a2f80ce53b6cad66b99bf6401f509f41a6cd64b984afae559c14,False,,True
M3A_DIAGONAL_FAMILY_TRICHOTOMY_TF1_REFERENCE_TREES/POLYNOMIAL/M3A_000029_exact_polynomial_certificate/MANIFEST.sha256,.sha256,651,4c1cc046190d3e94c103d5854d2dd3c230762474d26fd50be50c29417550a6d4,False,,False
M3A_DIAGONAL_FAMILY_TRICHOTOMY_TF1_REFERENCE_TREES/POLYNOMIAL/M3A_000029_exact_polynomial_certificate/outputs/exact_results.json,.json,12055,c174aa5abb9385425e2b31476c2d12d4eced0863eca045ec701a84b79c20ea2a,False,,True
M3A_DIAGONAL_FAMILY_TRICHOTOMY_TF1_REFERENCE_TREES/POLYNOMIAL/M3A_000029_exact_polynomial_certificate/outputs/verification_report.txt,.txt,1145,409a89e1c77538d150b2b6d421fdf0ccd3b0c490df059068609bdd5c5560cd06,False,,True
M3A_DIAGONAL_FAMILY_TRICHOTOMY_TF1_REFERENCE_TREES/POLYNOMIAL/M3A_000029_exact_polynomial_certificate/README.md,.md,759,9920747c88e006108a796cd96b2e5ae47fe4d5241bf65853f2b7b1c34bb457ce,False,,True
M3A_DIAGONAL_FAMILY_TRICHOTOMY_TF1_REFERENCE_TREES/POLYNOMIAL/M3A_000029_exact_polynomial_certificate/report/M3A_000029_resolvent_certificate.md,.md,6691,bb3fab6e52505f6f29ec2d2546cc2d5b16868b4fee297d0201d21d498e6682ae,False,,True
M3A_DIAGONAL_FAMILY_TRICHOTOMY_TF1_REFERENCE_TREES/POLYNOMIAL/M3A_000029_exact_polynomial_certificate/source/M3A_000029_record.json,.json,1072,fc91004487424b75b59a9cd1bd247a5f4a784fa2ed0aa6ec87280acb89f7e2df,False,,True
M3A_DIAGONAL_FAMILY_TRICHOTOMY_TF1_REFERENCE_TREES/POLYNOMIAL/M3A_000029_exact_polynomial_certificate/source/PROVENANCE.md,.md,579,627384a87e18ade38e5b1fbba3144cb3fedbe4ad1bc0e698133876910e659ffa,False,,True
M3A_DIAGONAL_FAMILY_TRICHOTOMY_TF1_REFERENCE_TREES/TC1/M3A_POSITIVE_WEIGHT_DOMINANCE_THEOREM_NUCLEUS_TC1/ASSUMPTIONS_LOCK.md,.md,3185,92c3f0c5f9c2ceb1c273d5b508374d23335d051c78b1bf2cd4c6a8becc7c4a01,True,utf-8-sig,False
M3A_DIAGONAL_FAMILY_TRICHOTOMY_TF1_REFERENCE_TREES/TC1/M3A_POSITIVE_WEIGHT_DOMINANCE_THEOREM_NUCLEUS_TC1/CLAIM_AND_NOVELTY_LEDGER.md,.md,2222,b701f9b86ddb1d9c1932b51b319e4b3e936787c4c89fb8650d198c1798cdc153,True,utf-8-sig,False
M3A_DIAGONAL_FAMILY_TRICHOTOMY_TF1_REFERENCE_TREES/TC1/M3A_POSITIVE_WEIGHT_DOMINANCE_THEOREM_NUCLEUS_TC1/CODE_INDEPENDENT_A/word_route.py,.py,3988,4c62af02b2b0289f5ed4ae25f484b3d417a4cf047de8cb69989a0e8d8742547e,True,utf-8-sig,False
M3A_DIAGONAL_FAMILY_TRICHOTOMY_TF1_REFERENCE_TREES/TC1/M3A_POSITIVE_WEIGHT_DOMINANCE_THEOREM_NUCLEUS_TC1/CODE_PRIMARY/certify.py,.py,7095,2a1905b1b486c3883d14e8638f35c963587028ec8f47a230914addab4df53c22,True,utf-8-sig,False
M3A_DIAGONAL_FAMILY_TRICHOTOMY_TF1_REFERENCE_TREES/TC1/M3A_POSITIVE_WEIGHT_DOMINANCE_THEOREM_NUCLEUS_TC1/CODE_PRIMARY/reproduce_driver.py,.py,2084,528c1e566b6944dec2685fa1f824a73ff859a3bb9c26d456d71edbc7f1312313,True,utf-8-sig,False
M3A_DIAGONAL_FAMILY_TRICHOTOMY_TF1_REFERENCE_TREES/TC1/M3A_POSITIVE_WEIGHT_DOMINANCE_THEOREM_NUCLEUS_TC1/CODE_PRIMARY/verify_reproducibility.py,.py,3848,bc3bedc3b96b2036ecd5f0b389b88f60fd640692ab10b00f956b65967835e675,True,utf-8-sig,False
M3A_DIAGONAL_FAMILY_TRICHOTOMY_TF1_REFERENCE_TREES/TC1/M3A_POSITIVE_WEIGHT_DOMINANCE_THEOREM_NUCLEUS_TC1/COMPARISON_POLICY.json,.json,478,cccba9a5c5c54e0c0392472c1a76f0341c4443124681fb97d8e0968a8c677a9a,True,utf-8-sig,False
M3A_DIAGONAL_FAMILY_TRICHOTOMY_TF1_REFERENCE_TREES/TC1/M3A_POSITIVE_WEIGHT_DOMINANCE_THEOREM_NUCLEUS_TC1/CORRECTED_SUPPORT_CERTIFICATE.md,.md,1500,6fb66fe0db5c20fdcd3e64b0a4285b36dd5cc216b25de5b6ed409db89b2604a8,True,utf-8-sig,False
M3A_DIAGONAL_FAMILY_TRICHOTOMY_TF1_REFERENCE_TREES/TC1/M3A_POSITIVE_WEIGHT_DOMINANCE_THEOREM_NUCLEUS_TC1/COUNTEREXAMPLES_AND_SCOPE.md,.md,3242,8bd738e42977f615bfda463baa9d49da11f27d61d1738c167955bfc5d60b06c1,True,utf-8-sig,False
M3A_DIAGONAL_FAMILY_TRICHOTOMY_TF1_REFERENCE_TREES/TC1/M3A_POSITIVE_WEIGHT_DOMINANCE_THEOREM_NUCLEUS_TC1/DATA/input_archive_audit.json,.json,1353,aa65a794cad617246b806d021949a6511e021a37ad2994bc3505e9c6ee4a7cd1,True,utf-8-sig,False
M3A_DIAGONAL_FAMILY_TRICHOTOMY_TF1_REFERENCE_TREES/TC1/M3A_POSITIVE_WEIGHT_DOMINANCE_THEOREM_NUCLEUS_TC1/DATA/raw_model.json,.json,270,ee54e5b1087c5ef4b1ab75a388edc9325e65585a7f45234b5986a95e4c49a38f,False,,True
M3A_DIAGONAL_FAMILY_TRICHOTOMY_TF1_REFERENCE_TREES/TC1/M3A_POSITIVE_WEIGHT_DOMINANCE_THEOREM_NUCLEUS_TC1/ENVIRONMENT_SPECIFICATION.txt,.txt,1301,56d9c5edb50e00a4ecc15c0eb4626c54c5e5bf1c878cbb3bb3d76a47c51e2e5f,True,utf-8-sig,False
M3A_DIAGONAL_FAMILY_TRICHOTOMY_TF1_REFERENCE_TREES/TC1/M3A_POSITIVE_WEIGHT_DOMINANCE_THEOREM_NUCLEUS_TC1/EXACT_MOMENT_CERTIFICATE.json,.json,1049,457703ad66f3f5acc8f7fe68191caff84f64450247f6882b5ff6e0e19a8e2b90,True,utf-8-sig,False
M3A_DIAGONAL_FAMILY_TRICHOTOMY_TF1_REFERENCE_TREES/TC1/M3A_POSITIVE_WEIGHT_DOMINANCE_THEOREM_NUCLEUS_TC1/EXACT_TRANSFER_CERTIFICATE.json,.json,1300,89f0f955fd53cdc79877d9f54c8f09735893a6b9812d115d17cde5e0013321c5,True,utf-8-sig,False
M3A_DIAGONAL_FAMILY_TRICHOTOMY_TF1_REFERENCE_TREES/TC1/M3A_POSITIVE_WEIGHT_DOMINANCE_THEOREM_NUCLEUS_TC1/EXPECTED/independent_a.json,.json,4691,9d787c4b6462c22f58a575fe741a8a2dd3854538c778accd8a7d26c447c2083d,True,utf-8-sig,False
M3A_DIAGONAL_FAMILY_TRICHOTOMY_TF1_REFERENCE_TREES/TC1/M3A_POSITIVE_WEIGHT_DOMINANCE_THEOREM_NUCLEUS_TC1/EXPECTED/independent_b.json,.json,1063,f4a2fed9e66267816265e080f34a8c13336506406ee4690f84c8f46a0992f9d8,True,utf-8-sig,False
M3A_DIAGONAL_FAMILY_TRICHOTOMY_TF1_REFERENCE_TREES/TC1/M3A_POSITIVE_WEIGHT_DOMINANCE_THEOREM_NUCLEUS_TC1/EXPECTED/primary.json,.json,3990,dca078cea76eea8042fa9335a8525e608b8bbbc1854d507415197eff2fd97d48,True,utf-8-sig,False
M3A_DIAGONAL_FAMILY_TRICHOTOMY_TF1_REFERENCE_TREES/TC1/M3A_POSITIVE_WEIGHT_DOMINANCE_THEOREM_NUCLEUS_TC1/EXPECTED_CANONICAL.sha256,.sha256,276,085292a423113f936eed704fb4e1afd0657dac240fbf76be2a052540e4b88d20,False,,False
M3A_DIAGONAL_FAMILY_TRICHOTOMY_TF1_REFERENCE_TREES/TC1/M3A_POSITIVE_WEIGHT_DOMINANCE_THEOREM_NUCLEUS_TC1/FAILURE_LEDGER.md,.md,1777,84538fa27bba54f02bf3a74995e05b0884db0cb20d59798c1231f3e4d12bbdad,True,utf-8-sig,False
M3A_DIAGONAL_FAMILY_TRICHOTOMY_TF1_REFERENCE_TREES/TC1/M3A_POSITIVE_WEIGHT_DOMINANCE_THEOREM_NUCLEUS_TC1/FINAL_TC1_ASSESSMENT.md,.md,1936,b537e0b6482363de1e8e11c5da13407ed030c39e50dae63994d60ffd072fd866,True,utf-8-sig,False
M3A_DIAGONAL_FAMILY_TRICHOTOMY_TF1_REFERENCE_TREES/TC1/M3A_POSITIVE_WEIGHT_DOMINANCE_THEOREM_NUCLEUS_TC1/GENERAL_SUPPORT_THEOREM.tex,.tex,2710,9ac1d17c608d9b78c24bb9a63b5cf09dba300b31e873d8461ac9e1c7f4e4508e,True,utf-8-sig,False
M3A_DIAGONAL_FAMILY_TRICHOTOMY_TF1_REFERENCE_TREES/TC1/M3A_POSITIVE_WEIGHT_DOMINANCE_THEOREM_NUCLEUS_TC1/INPUT_ARCHIVES.sha256,.sha256,628,4854ce942f40605389bca691b20bfcfdd8668dd4e15bedc0a1058dd583975c96,False,,False
M3A_DIAGONAL_FAMILY_TRICHOTOMY_TF1_REFERENCE_TREES/TC1/M3A_POSITIVE_WEIGHT_DOMINANCE_THEOREM_NUCLEUS_TC1/INPUTS/M3A_000029_exact_polynomial_certificate.zip,.zip,9415,6ec4425d54a3e69a10a91fa0d56c9241b67fdbfb1bc71428664cf3752eb5e72e,False,,False
M3A_DIAGONAL_FAMILY_TRICHOTOMY_TF1_REFERENCE_TREES/TC1/M3A_POSITIVE_WEIGHT_DOMINANCE_THEOREM_NUCLEUS_TC1/INPUTS/README.md,.md,715,470997f970cae535a231308a43fa674d7bd36d1e4bb7c2f249e21e657367e0c4,True,utf-8-sig,False
M3A_DIAGONAL_FAMILY_TRICHOTOMY_TF1_REFERENCE_TREES/TC1/M3A_POSITIVE_WEIGHT_DOMINANCE_THEOREM_NUCLEUS_TC1/INPUTS/STAGE_C1_M3A_MINIMAL_EXACT_CHANNEL_2026-07-26_R1_1_REPAIRED.zip,.zip,2933551,6a020f1825feaa4eed246ec7d326ce8f8fa43e6a719535695a00c9b37bdc4eaf,False,,False
M3A_DIAGONAL_FAMILY_TRICHOTOMY_TF1_REFERENCE_TREES/TC1/M3A_POSITIVE_WEIGHT_DOMINANCE_THEOREM_NUCLEUS_TC1/INPUTS/STAGE_C2_M3A_EXACT_DARK_LOCUS_2026-07-26_R1_1.zip,.zip,5022181,2b9a06e7c7209e904bef886de176c0d6520efb11e59e5bade2112696439080fe,False,,False
M3A_DIAGONAL_FAMILY_TRICHOTOMY_TF1_REFERENCE_TREES/TC1/M3A_POSITIVE_WEIGHT_DOMINANCE_THEOREM_NUCLEUS_TC1/INPUTS/STAGE_C3_M3A_LEXICOGRAPHIC_OPENING_2026-07-27_R1_0.zip,.zip,5070980,eb537b6e1e776d283431c30aadbfe71077f0fe88c8e2c9ec5004416ae5d1cee7,False,,False
M3A_DIAGONAL_FAMILY_TRICHOTOMY_TF1_REFERENCE_TREES/TC1/M3A_POSITIVE_WEIGHT_DOMINANCE_THEOREM_NUCLEUS_TC1/INPUTS/STAGE_C4_M3A_PROTOCOL_SCALING_2026-07-27_R1_0.zip,.zip,5117299,b2754b2b97536d641c1bca0376f65e2b2a8c72150bbc045a1e86939c89bfe196,False,,False
M3A_DIAGONAL_FAMILY_TRICHOTOMY_TF1_REFERENCE_TREES/TC1/M3A_POSITIVE_WEIGHT_DOMINANCE_THEOREM_NUCLEUS_TC1/M3A_000029_MODEL_THEOREM.tex,.tex,2310,2a439b0dfe919e3a86881a0a1022116824205f38be0a95b1b65f2a7cb6abf5a2,True,utf-8-sig,False
M3A_DIAGONAL_FAMILY_TRICHOTOMY_TF1_REFERENCE_TREES/TC1/M3A_POSITIVE_WEIGHT_DOMINANCE_THEOREM_NUCLEUS_TC1/MANIFEST.sha256,.sha256,3594,95e80ca4adff5cdf8db58a4f9c1b5249a8ad7d17bfac0ac3f2b161028dcffd3f,False,,False
M3A_DIAGONAL_FAMILY_TRICHOTOMY_TF1_REFERENCE_TREES/TC1/M3A_POSITIVE_WEIGHT_DOMINANCE_THEOREM_NUCLEUS_TC1/MANIFEST_POLICY.md,.md,1361,43b4ba89faac5e4ed4f7793b7b578aa522f61f90bc681ece0aa07bd801e5a814,True,utf-8-sig,False
M3A_DIAGONAL_FAMILY_TRICHOTOMY_TF1_REFERENCE_TREES/TC1/M3A_POSITIVE_WEIGHT_DOMINANCE_THEOREM_NUCLEUS_TC1/PAPER_HANDOFF.md,.md,1789,69592306eecc59282cde8f4ac813fb4e022580bcf7c44b645f2bae7482a07e2e,True,utf-8-sig,False
M3A_DIAGONAL_FAMILY_TRICHOTOMY_TF1_REFERENCE_TREES/TC1/M3A_POSITIVE_WEIGHT_DOMINANCE_THEOREM_NUCLEUS_TC1/POWER_LAW_COROLLARIES.md,.md,1382,e9e39cbe97017d4261c9f9128495a9ffea8165a816a1680c51f6cf84028ca09d,True,utf-8-sig,False
M3A_DIAGONAL_FAMILY_TRICHOTOMY_TF1_REFERENCE_TREES/TC1/M3A_POSITIVE_WEIGHT_DOMINANCE_THEOREM_NUCLEUS_TC1/PRIOR_ART_AUDIT.md,.md,5582,9abae518f37cc716728f3f3cb8afaaa3d073adbbfbda3dc857583392163bbd33,True,utf-8-sig,False
M3A_DIAGONAL_FAMILY_TRICHOTOMY_TF1_REFERENCE_TREES/TC1/M3A_POSITIVE_WEIGHT_DOMINANCE_THEOREM_NUCLEUS_TC1/REPRODUCE.sh,.sh,997,1c5df4b6761bae6c7c199bddb784f3084651a3f6af3ce16d52106577fc40fa08,True,utf-8-sig,False
M3A_DIAGONAL_FAMILY_TRICHOTOMY_TF1_REFERENCE_TREES/TC1/M3A_POSITIVE_WEIGHT_DOMINANCE_THEOREM_NUCLEUS_TC1/REPRODUCIBILITY_PROTOCOL.md,.md,1818,8d09c8b9075c5ea6c26c49e0306f102fc06e4ccb9e0ad379c0701aab118029f0,True,utf-8-sig,False
M3A_DIAGONAL_FAMILY_TRICHOTOMY_TF1_REFERENCE_TREES/TC1/M3A_POSITIVE_WEIGHT_DOMINANCE_THEOREM_NUCLEUS_TC1/THEOREM_PROOFS.md,.md,4548,cfa687ccccd94b80f796326b91c808e188df378dfa06437f068ea2b710c7bc9e,True,utf-8-sig,False
M3A_ENDPOINT_ACCESS_WORD_SUPPORT_EA1.zip,.zip,143146283,,False,,False
M3A_ENDPOINT_ACCESS_WORD_SUPPORT_EA1/ASSUMPTIONS_AND_SCOPE_LOCK.md,.md,2407,1d88e3039b9f4c0daa1819facd79e4405e90eba4952664a03649d900c242c33e,False,,True
M3A_ENDPOINT_ACCESS_WORD_SUPPORT_EA1/BASELINE_ORDER_ZERO_FIREWALL.md,.md,718,113df4631f378926907045b13110f8c51bd5be4163df2c770eacf9938d2de0f3,False,,True
M3A_ENDPOINT_ACCESS_WORD_SUPPORT_EA1/CLAIM_AND_NOVELTY_LEDGER.md,.md,2082,09937b0dafa419639df930be5ba84bbf4b04fc6e041bce31f50b5cef7fc5f2e5,False,,True
M3A_ENDPOINT_ACCESS_WORD_SUPPORT_EA1/CODE_INDEPENDENT_A/formal_automaton.py,.py,3113,ca6ada0c3fd24962e524b88c5e2d2cb349eca25ed1acb2729377d20c131f9fea,False,,True
M3A_ENDPOINT_ACCESS_WORD_SUPPORT_EA1/CODE_INDEPENDENT_B/polynomial_matrix.py,.py,3307,5ca5112c1d370c9a9ea98c8dbad73ae77b76d18241984600039a2ff64a522895,False,,True
M3A_ENDPOINT_ACCESS_WORD_SUPPORT_EA1/CODE_PRIMARY/ea1_primary.py,.py,17911,66bf90341bcec402ba32cfe002030e9a9d0b82a073279e7a90384cbe3e6c994d,False,,True
M3A_ENDPOINT_ACCESS_WORD_SUPPORT_EA1/CODE_PRIMARY/krylov_depths.py,.py,3503,2057fcf1505377ff4153c7c9bef8a6b55ce80edc09133e09daa5b5d627bc46d6,False,,True
M3A_ENDPOINT_ACCESS_WORD_SUPPORT_EA1/CODE_PRIMARY/seal_package.py,.py,2074,97bb7bd7c157c19b633a39d2739eec8eccfc49409352458f67f6df76e0b65803,False,,True
M3A_ENDPOINT_ACCESS_WORD_SUPPORT_EA1/CODE_PRIMARY/verify_package.py,.py,4940,8430203902e788a69d71f28849de0815655bb4e33e4a3a21f0e6e3a147e596de,False,,True
M3A_ENDPOINT_ACCESS_WORD_SUPPORT_EA1/COMPARISON_POLICY.json,.json,628,74b821e45077da9524857e7cbbc7800ab62eeaef91d466994afe33ce52a8873b,False,,True
M3A_ENDPOINT_ACCESS_WORD_SUPPORT_EA1/COUNTEREXAMPLES_AND_CONTROLS.md,.md,9345,b60b85360e0741a66a0eee0a1e9afa754fa068c69c239cbfb335a6848f09651a,False,,True
M3A_ENDPOINT_ACCESS_WORD_SUPPORT_EA1/DATA/independent_automaton.json,.json,573,db96ac832698fb7bfb1a6837ab44f83a2131aa56c944d929209de953f06125be,False,,True
M3A_ENDPOINT_ACCESS_WORD_SUPPORT_EA1/DATA/independent_javascript.json,.json,1442,bc81dffff29d5d797ee4626a1ba8ba33db281105ccf40c6a70caac1de6dc72de,False,,True
M3A_ENDPOINT_ACCESS_WORD_SUPPORT_EA1/DATA/independent_polynomial.json,.json,567,8db6e25211fca7fbd9ac77a8947697f2463b51fb08dc449f110631856fc5316f,False,,True
M3A_ENDPOINT_ACCESS_WORD_SUPPORT_EA1/DATA/krylov_certificate.json,.json,2525,93742538e8b58ba7b59c118cc17a093a3a8c97f6969dd9cf62615469a63b7a1d,False,,True
M3A_ENDPOINT_ACCESS_WORD_SUPPORT_EA1/DATA/primary_exact.json,.json,26282,0073a4533e3941fead9418ae1249827dcdbbd347f777cf397b9405ea2f28cf14,False,,True
M3A_ENDPOINT_ACCESS_WORD_SUPPORT_EA1/DATA/random_census.json,.json,1071116,f8c60de02e1ba1567fd8a9da43b5d39148deebb7a79ab5b499475d82af127c4e,False,,True
M3A_ENDPOINT_ACCESS_WORD_SUPPORT_EA1/DEFINITIONS_AND_INDEXING.md,.md,1359,81f621b5a15389c934a90f03b6b693acbced645c9109791d476963fd6a1bcf13,False,,True
M3A_ENDPOINT_ACCESS_WORD_SUPPORT_EA1/EA1_EXACT_CERTIFICATES.json,.json,26282,0073a4533e3941fead9418ae1249827dcdbbd347f777cf397b9405ea2f28cf14,False,,True
M3A_ENDPOINT_ACCESS_WORD_SUPPORT_EA1/EA1_RANDOM_CENSUS.json,.json,1071116,f8c60de02e1ba1567fd8a9da43b5d39148deebb7a79ab5b499475d82af127c4e,False,,True
M3A_ENDPOINT_ACCESS_WORD_SUPPORT_EA1/ENDPOINT_ACCESS_DEPTHS.md,.md,1951,41473f2216e712a3e7ab98044913bce0be7aad8af779e158eed5518b8e7db96c,False,,True
M3A_ENDPOINT_ACCESS_WORD_SUPPORT_EA1/ENVIRONMENT_SPECIFICATION.txt,.txt,616,7ba5cf3c8f735cafd698b0882426e3d3c15de369241810326501141da30acdb6,False,,True
M3A_ENDPOINT_ACCESS_WORD_SUPPORT_EA1/EQUALITY_SHARPNESS_AND_CANCELLATION_THEOREM.tex,.tex,2357,8c8c1e68bc354f67342cb1c4b73099418391372ad135010a18344e10de2ce8d1,False,,True
M3A_ENDPOINT_ACCESS_WORD_SUPPORT_EA1/EXPECTED/independent_automaton.json,.json,573,db96ac832698fb7bfb1a6837ab44f83a2131aa56c944d929209de953f06125be,False,,True
M3A_ENDPOINT_ACCESS_WORD_SUPPORT_EA1/EXPECTED/independent_javascript.json,.json,1442,bc81dffff29d5d797ee4626a1ba8ba33db281105ccf40c6a70caac1de6dc72de,False,,True
M3A_ENDPOINT_ACCESS_WORD_SUPPORT_EA1/EXPECTED/independent_polynomial.json,.json,567,8db6e25211fca7fbd9ac77a8947697f2463b51fb08dc449f110631856fc5316f,False,,True
M3A_ENDPOINT_ACCESS_WORD_SUPPORT_EA1/EXPECTED/krylov_certificate.json,.json,2525,93742538e8b58ba7b59c118cc17a093a3a8c97f6969dd9cf62615469a63b7a1d,False,,True
M3A_ENDPOINT_ACCESS_WORD_SUPPORT_EA1/EXPECTED/primary_exact.json,.json,26282,0073a4533e3941fead9418ae1249827dcdbbd347f777cf397b9405ea2f28cf14,False,,True
M3A_ENDPOINT_ACCESS_WORD_SUPPORT_EA1/EXPECTED/random_census.json,.json,1071116,f8c60de02e1ba1567fd8a9da43b5d39148deebb7a79ab5b499475d82af127c4e,False,,True
M3A_ENDPOINT_ACCESS_WORD_SUPPORT_EA1/EXPECTED_CANONICAL.sha256,.sha256,778,c4d9c86159982485e86bd758427137a4c89859f2bb15c4ec785200972c690d0b,False,,False
M3A_ENDPOINT_ACCESS_WORD_SUPPORT_EA1/FAILURE_LEDGER.md,.md,1269,920bc90e2255e74096e340ad450713f24da67f565cf3afcc79accba88a9fe8fc,False,,True
M3A_ENDPOINT_ACCESS_WORD_SUPPORT_EA1/FINAL_EA1_REPORT.md,.md,8530,7bd37b5808f34196b2458e91cfb0d6235e126c0ced59e085630fe87bee887034,False,,True
M3A_ENDPOINT_ACCESS_WORD_SUPPORT_EA1/FINITE_ENDPOINT_DEPTH_CERTIFICATE.tex,.tex,2667,c17f2799a643017cb883b1d13851ff341a0019335cac782a912b1624b9d042e2,False,,True
M3A_ENDPOINT_ACCESS_WORD_SUPPORT_EA1/INPUT_ARCHIVES.sha256,.sha256,558,ca6e8ca0aeb530980b4883817f4ac99a7f2306ed6e726aee4e1778790979a638,False,,False
M3A_ENDPOINT_ACCESS_WORD_SUPPORT_EA1/INPUTS/_ARC1_CORRECTED_WORK.zip,.zip,71692325,,False,,False
M3A_ENDPOINT_ACCESS_WORD_SUPPORT_EA1/INPUTS/_NP1_WORK.zip,.zip,71007853,,False,,False
M3A_ENDPOINT_ACCESS_WORD_SUPPORT_EA1/INPUTS/M3A_Diagonal_Family_Trichotomy_Paper_R1_2.pdf,.pdf,374126,4135498db2f973d8c3dbd4f77b8ebc94c2f3ea8bfc11e9dd710ef694b65d3222,False,,False
M3A_ENDPOINT_ACCESS_WORD_SUPPORT_EA1/INPUTS/M3A_Diagonal_Family_Trichotomy_Paper_R1_2.tex,.tex,36123,c5e1d29848307e0b3852d962a6af843499524377ff72c97b647af03052e35009,False,,True
M3A_ENDPOINT_ACCESS_WORD_SUPPORT_EA1/INPUTS/WORKSTATION_EA1_ENDPOINT_ACCESS_WORD_SUPPORT_MASTER_PROMPT.md,.md,21411,45de20c3e12cd0526195fb009f0b0fa6baa3a0071b15292950d726bb61b871a3,False,,True
M3A_ENDPOINT_ACCESS_WORD_SUPPORT_EA1/LABEL_SENSITIVE_ENDPOINT_SUPPORT_THEOREM.tex,.tex,1248,f489bb9f784d1ac2404ebf2c6c8d7cff92dad21acac6f410c75558cc1c9e94f2,False,,True
M3A_ENDPOINT_ACCESS_WORD_SUPPORT_EA1/MANIFEST.sha256,.sha256,4997,b063675a29e32a940e1a83cb40d6a7f06244a522e661907b0972767c493646cf,False,,False
M3A_ENDPOINT_ACCESS_WORD_SUPPORT_EA1/MANIFEST_POLICY.md,.md,769,4bfded78ac86ba6e86aed30a7d407cb7e9266b74da5f0b85122aab226d703cc3,False,,True
M3A_ENDPOINT_ACCESS_WORD_SUPPORT_EA1/MATRIX_PORT_AND_ENTRYWISE_EXTENSION.tex,.tex,2141,30bc863586874ed1beb9192c23c8b2ff9faf41a3f6561d693d57d2ef51890c4f,False,,True
M3A_ENDPOINT_ACCESS_WORD_SUPPORT_EA1/MULTIINDEX_ENDPOINT_SUPPORT_COROLLARY.tex,.tex,1839,321de218834706c6931563b1e1237d3048d2dcf44c549461fc4069181ceaf3ac,False,,True
M3A_ENDPOINT_ACCESS_WORD_SUPPORT_EA1/NONCOMMUTATIVE_WORD_COEFFICIENT_FORMULA.tex,.tex,2603,41dd8129becc2a0b9e43682b6e7a09983ac121290e16e0346271b4f0861ddd92,False,,True
M3A_ENDPOINT_ACCESS_WORD_SUPPORT_EA1/PB1_HANDOFF.md,.md,727,9a2a1e223cdf720e66f0a350e8ccd4ac40541345961f2df6929fac4ab6d895d0,False,,True
M3A_ENDPOINT_ACCESS_WORD_SUPPORT_EA1/PRIOR_ART_AUDIT.md,.md,4397,bcb26ecc3588320d95e91b19ecab71401a40feda041f60d61d622b6babb6a998,False,,True
M3A_ENDPOINT_ACCESS_WORD_SUPPORT_EA1/R1_2_ENDPOINT_LEMMA_RECOVERY.md,.md,1032,1ba8d8985288ee0704004f2fa8b2b08b4d0fee166e299662142dc446848ceff3,False,,True
M3A_ENDPOINT_ACCESS_WORD_SUPPORT_EA1/REPRODUCE.sh,.sh,849,a6987d3bfd3f1b89140e02b6b403b00312a7b84dcfa882b123cfc1076b9910d2,False,,True
M3A_ENDPOINT_ACCESS_WORD_SUPPORT_EA1/REPRODUCIBILITY_PROTOCOL.md,.md,997,bd3077b23f6cec019fe25af804a105db015ae97c814ca15170ac5218640454ca,False,,True
M3A_ENDPOINT_ACCESS_WORD_SUPPORT_EA1/TIME_AND_TRANSFORMED_RESOLVENT_COROLLARY.tex,.tex,1416,83323b47834abed818f1f4646871b6d89a92a6cb041867595ae03a6d67227848,False,,True
M3A_ENDPOINT_ACCESS_WORD_SUPPORT_EA1_R1_0.zip,.zip,143120801,,False,,False
M3A_ENDPOINT_ACCESS_WORD_SUPPORT_EA1_R1_0.zip.sha256,.sha256,112,29a666c6c890343fc605b53e9bf5a13464956c53d276c4ec716349f2e7fab373,False,,False
M3A_ENDPOINT_ACCESS_WORD_SUPPORT_EA1_R1_1.zip,.zip,143146908,,False,,False
M3A_ENDPOINT_ACCESS_WORD_SUPPORT_EA1_R1_1.zip.sha256,.sha256,112,34d649d59d30f1eee4a0640a48b354fb0b7ba698578660fefd484fe2df54caad,False,,False
M3A_GROEBNER_REES_MARKED_MODULE_GF1/ACTUAL_COORDINATE_TO_SCALAR_RAY_GRADED_MAP.md,.md,671,ae6a065afa4270d8a11c31c784d383a17821bd715cd0b54ffe4facaf3e2d208e,True,utf-8-sig,False
M3A_GROEBNER_REES_MARKED_MODULE_GF1/ADAPTED_COORDINATE_AND_COMPONENT_THEOREM.tex,.tex,666,4bda0d15bb4fb0cf69ad04b6476e4f81289ea7392c44e2126c209b20091675ff,True,utf-8-sig,False
M3A_GROEBNER_REES_MARKED_MODULE_GF1/ADDITIVE_CANCELLATION_FIREWALL.md,.md,579,29d85295f0e7268bb0f7a3781ba23fdbf8e38dddc27187d5161e9a3e89a126b6,True,utf-8-sig,False
M3A_GROEBNER_REES_MARKED_MODULE_GF1/ANALYTIC_CONTACT_PROFILE_THEOREM.tex,.tex,626,0eaa3670efc97e9763a647757af7af2d85c9336349cc90ed8c0ad9a1b93452da,True,utf-8-sig,False
M3A_GROEBNER_REES_MARKED_MODULE_GF1/ARC1_MARKED_SECTION_CERTIFICATE.json,.json,461,f242a0eb1954f7bfaec385d722823fecfad682bc941d4b1adfc758099d3387c6,True,utf-8-sig,False
M3A_GROEBNER_REES_MARKED_MODULE_GF1/ARC_CONTACT_CLASSIFICATION.md,.md,806,272b355f047f528e4052d1d6dbdff3a52fee3cc01b3ae48296fdd51efd6a3f89,True,utf-8-sig,False
M3A_GROEBNER_REES_MARKED_MODULE_GF1/ASSUMPTIONS_AND_SCOPE_LOCK.md,.md,1015,4be96d19e572e5cc0f89033e311245306142e24bace7aaf49bdbc42bef3ad07d,True,utf-8-sig,False
M3A_GROEBNER_REES_MARKED_MODULE_GF1/AUTHORITATIVE_INPUT_MAP.md,.md,1901,c2603a99114ecd4677b2e0be62a3edc719ce58e164cb7d28f0230a62cb673e64,True,utf-8-sig,False
M3A_GROEBNER_REES_MARKED_MODULE_GF1/BLOWUP_AND_EXCEPTIONAL_GEOMETRY.md,.md,720,3184cf8468b3c51b99540c0c50c19e85ec31689a00ecb98fbf3dbc951322fd2b,True,utf-8-sig,False
M3A_GROEBNER_REES_MARKED_MODULE_GF1/CLAIM_AND_NOVELTY_LEDGER.md,.md,1560,666d6b7082ae101523e62c9864df78215022344e6dab18d4ff73d32818c02a7a,True,utf-8-sig,False
M3A_GROEBNER_REES_MARKED_MODULE_GF1/CLAIM_TO_REFERENCE_LEDGER.csv,.csv,1011,bf000ebaf6d161fd5f48a0cdf79d3d9842bffaede098b99ea401d6f7a21a6758,True,utf-8-sig,False
M3A_GROEBNER_REES_MARKED_MODULE_GF1/CODE_INDEPENDENT/arc_substitution.py,.py,681,ae9ddcbb9c658f520c6f22f027f6a6aea6088981c1c4ca2da7546dbb66a1d726,True,utf-8-sig,False
M3A_GROEBNER_REES_MARKED_MODULE_GF1/CODE_INDEPENDENT/deterministic_zip.py,.py,1170,2c1b27584fa5184884cb0beb4f47bef421a2355fa4c9b2935e275ef68789769d,True,utf-8-sig,False
M3A_GROEBNER_REES_MARKED_MODULE_GF1/CODE_INDEPENDENT/fibre_aggregation.py,.py,559,3a839dcf4690592841d250ff558084962b7d66f99eceb27235e7410f565e7e92,True,utf-8-sig,False
M3A_GROEBNER_REES_MARKED_MODULE_GF1/CODE_INDEPENDENT/gf1_exact.py,.py,16385,80519e9f525c882ee1621443a8b18b7e302ba91d67df4a66bb71600f499844da,True,utf-8-sig,False
M3A_GROEBNER_REES_MARKED_MODULE_GF1/CODE_INDEPENDENT/input_integrity.py,.py,3435,9828b60b5e15ff58f0dc2e386e0aa7aabb87f9b7619b108a8b6b5497900a5a07,True,utf-8-sig,False
M3A_GROEBNER_REES_MARKED_MODULE_GF1/CODE_INDEPENDENT/run_routes.py,.py,2417,8ec82e0365402a49f5092eec3b9743b4015b20a82b33d6517b8f5a89505d118f,True,utf-8-sig,False
M3A_GROEBNER_REES_MARKED_MODULE_GF1/CODE_INDEPENDENT/seal_release.py,.py,1835,bcba116c4e354ea1ec0432356bbe8a49d581634f22896e656551dc67b1f33d6b,True,utf-8-sig,False
M3A_GROEBNER_REES_MARKED_MODULE_GF1/CODE_INDEPENDENT/verify_archive.py,.py,1983,f9626f3c97c4da1f2f61f0abbf5d442adf8a564f8dac8dfd54146fe1a5ae6365,True,utf-8-sig,False
M3A_GROEBNER_REES_MARKED_MODULE_GF1/CODE_INDEPENDENT/verify_release.py,.py,2151,913c553cb3acf2494db877beb799226c29e4b93f9baf57bc5ac676ebc1403d69,True,utf-8-sig,False
M3A_GROEBNER_REES_MARKED_MODULE_GF1/CODE_MATRIX/mixed_depth_matrix.py,.py,1480,93550afadc7060a249a556ac64778701cd6772f5b35bac840286cf1d1aea0b6a,True,utf-8-sig,False
M3A_GROEBNER_REES_MARKED_MODULE_GF1/COEFFICIENT_IDEAL_AND_SYZYGY.tex,.tex,515,1f683a43dd3ee7316322a77401261c8098b790673999e7c94fafe640f82b2fc9,True,utf-8-sig,False
M3A_GROEBNER_REES_MARKED_MODULE_GF1/COMPARISON_POLICY.json,.json,764,bd8e95c7683bd99778980b253e2c61b5fbb13df5e7568cfd993d5fcd54f1f819,True,utf-8-sig,False
M3A_GROEBNER_REES_MARKED_MODULE_GF1/CONTACT_PROFILE_CERTIFICATES.json,.json,341,8bb9b890c09ffcac5d298193679b093631d3af180bccde3a3e04c0f040268c08,True,utf-8-sig,False
M3A_GROEBNER_REES_MARKED_MODULE_GF1/COUNTEREXAMPLES_AND_CONTROLS.md,.md,1503,3b7052aea94344be9df35a5425bf75fa759659812e0a77158d6c2ff94e816f1a,True,utf-8-sig,False
M3A_GROEBNER_REES_MARKED_MODULE_GF1/CUBIC_MOMENT_EXACT_CONTROL.json,.json,241,5700c0212a1f15cb8b782561bb8ca741030b2e7c23eb459d1ebbad6d171f7ae7,True,utf-8-sig,False
M3A_GROEBNER_REES_MARKED_MODULE_GF1/DARK_COMPONENT_DEGENERATION_LEDGER.md,.md,573,aa073b5e5f99d103ee844caa2ed6643ff1b60e902e859a8338c70579efe1b8a9,True,utf-8-sig,False
M3A_GROEBNER_REES_MARKED_MODULE_GF1/DARK_IDEAL_GROEBNER_FAN.json,.json,17884,ce151d159d504feb9f0043c579807eb47bb0030cb5a67a220504d98b5dff45e1,True,utf-8-sig,False
M3A_GROEBNER_REES_MARKED_MODULE_GF1/DARK_IDEAL_GROEBNER_FAN.md,.md,848,87ca11a0c188e08e0a4a19c986771f10fe27c1c6968e2cd6ffd1ed546e092d65,True,utf-8-sig,False
M3A_GROEBNER_REES_MARKED_MODULE_GF1/DARK_IDEAL_REES_ALGEBRA_THEOREM.tex,.tex,662,0e493c0266a96b8f6154185e24425d150be0ce9cb18371d182d0f3fac2c050b6,True,utf-8-sig,False
M3A_GROEBNER_REES_MARKED_MODULE_GF1/DARK_LOCUS_TROPICALISATION.md,.md,654,3cd7d9d2a5935d16bf9ffe71f1636bdb89c6203abcb7c5e32a48742a780a8162,True,utf-8-sig,False
M3A_GROEBNER_REES_MARKED_MODULE_GF1/DATA/arc_substitution.json,.json,974,b7ba910749f06c82d6f4b300ba572f71f1aed9911c2fae03d5a229138c51dc6c,True,utf-8-sig,False
M3A_GROEBNER_REES_MARKED_MODULE_GF1/DATA/discrepancy_fixture.json,.json,466,543bd71e0214694e93aff9e11b86661f5d9ea21359c93a238ad04b938cddfdf6,True,utf-8-sig,False
M3A_GROEBNER_REES_MARKED_MODULE_GF1/DATA/fibre_aggregation.json,.json,152,aee24de17ccd16562863fd2224c55ac592870df590d7cc2d027099efca0b0c29,True,utf-8-sig,False
M3A_GROEBNER_REES_MARKED_MODULE_GF1/DATA/gf1_primary.json,.json,157,9a75f9b97638e9556e7ad531ef9155cdb1f4bea03ad392d6dff5e6039e361952,True,utf-8-sig,False
M3A_GROEBNER_REES_MARKED_MODULE_GF1/DATA/independent_js.json,.json,455,6176b92ce61223205af73066f949c03aa9519e4674b5b4d8705569505b12bf87,True,utf-8-sig,False
M3A_GROEBNER_REES_MARKED_MODULE_GF1/DATA/integrity_gate.json,.json,4605,df12893057bae40aa3d7a568d43d99a8c73f6ba9d22e7ad8d4fa6537055152e7,True,utf-8-sig,False
M3A_GROEBNER_REES_MARKED_MODULE_GF1/DATA/matrix_mixed_depth.json,.json,350,05ce775b952ad88d77ff2c66800f135ef9d6c4d7a169de4f9d807a3d430f36b9,True,utf-8-sig,False
M3A_GROEBNER_REES_MARKED_MODULE_GF1/DATA/route_summary.json,.json,172,99b1f1686a854931aeec2c77ab2074687dcab16d3499d41022a68efefd8e8fee,True,utf-8-sig,False
M3A_GROEBNER_REES_MARKED_MODULE_GF1/DISTINGUISHED_NUMERATOR_SECTION_THEOREM.tex,.tex,592,5d576041d677ebadd1b2513c49ae28215bf237df5cf6f64629762fbd31540157,True,utf-8-sig,False
M3A_GROEBNER_REES_MARKED_MODULE_GF1/ENVIRONMENT_SPECIFICATION.txt,.txt,640,d0609657fce4437b821c30494f8437c93840e220716d6f17037d63927c2ad77d,True,utf-8-sig,False
M3A_GROEBNER_REES_MARKED_MODULE_GF1/EXPECTED/README.md,.md,294,d1ac555f7fc3200567265cdbfe17d4b114f4513aea0fd254da629691bb39414a,True,utf-8-sig,False
M3A_GROEBNER_REES_MARKED_MODULE_GF1/EXPECTED_CANONICAL.sha256,.sha256,1832,bf594ddf29ae07c50495f45ffa0cb178b2ee927fb5507a0b6b5d02a27ecccf1f,False,,False
M3A_GROEBNER_REES_MARKED_MODULE_GF1/FAILURE_LEDGER.md,.md,1561,85a0ba95bf0e567910f1e86287ccaadeda67698e9513101ed48e242e50f73d7d,True,utf-8-sig,False
M3A_GROEBNER_REES_MARKED_MODULE_GF1/FILTERED_OBJECT_TAXONOMY.csv,.csv,735,cf63b6abf786efc36ea425955569af1165fcb4b7fe7b9af4c3b277d0d4cf7977,True,utf-8-sig,False
M3A_GROEBNER_REES_MARKED_MODULE_GF1/FILTERED_SYZYGY_AND_FREE_RESOLUTION.tex,.tex,665,2c3ee20568be1b6adfa47c37870007cfd4a04e9b034508b5045e223ee64e470b,True,utf-8-sig,False
M3A_GROEBNER_REES_MARKED_MODULE_GF1/FINAL_GF1_REPORT.md,.md,6817,9058e213cadfed4abb93e43bf03735bb366feb2d7eacaccf4cf989eb5a29a2d1,True,utf-8-sig,False
M3A_GROEBNER_REES_MARKED_MODULE_GF1/FIXED_FIBRE_TAGGED_GENERATOR_TRICHOTOMY.tex,.tex,488,b735deb96d0827d89462321da5badfb625877fc7262b187c86efc9a2fc0f230c,True,utf-8-sig,False
M3A_GROEBNER_REES_MARKED_MODULE_GF1/FULL_AMPLITUDE_MARKED_SECTION.tex,.tex,981,3384863175810bba036de44625667559966a606ddbb27f9b8e973295d52695b3,True,utf-8-sig,False
M3A_GROEBNER_REES_MARKED_MODULE_GF1/GF1_ARC1_RECOVERY_AND_LIMITATION.md,.md,855,c95e0db1991c7586529640841b51d344a77f954d1102b8d149dfafa7797e961c,True,utf-8-sig,False
M3A_GROEBNER_REES_MARKED_MODULE_GF1/GF1_COLLEAGUE_BRIEF/ARC1_AND_MV1_COMPATIBILITY.md,.md,655,653a21b87eb071b62972c597dbe1d7a15e0097836defd108bfdc4f89cbfdbc93,True,utf-8-sig,False
M3A_GROEBNER_REES_MARKED_MODULE_GF1/GF1_COLLEAGUE_BRIEF/CONTACT_GEOMETRY.md,.md,530,95aaea89b8322ae9b1adb5cbfd910138e212aaf8ec0ec30481a76abee180ee25,True,utf-8-sig,False
M3A_GROEBNER_REES_MARKED_MODULE_GF1/GF1_COLLEAGUE_BRIEF/GLOSSARY.md,.md,824,00348039753825878e258a121c2d19f9adcf082b92d7b9a4c20bcad58e4339d5,True,utf-8-sig,False
M3A_GROEBNER_REES_MARKED_MODULE_GF1/GF1_COLLEAGUE_BRIEF/MANIFEST.sha256,.sha256,1227,8fd31f95f08d5830d09dc61a27a9cee695821bce224ecda0c7332c8f7ac183ed,False,,False
M3A_GROEBNER_REES_MARKED_MODULE_GF1/GF1_COLLEAGUE_BRIEF/MARKED_CHANNEL_SECTION.md,.md,482,995a518e41ad922cc92ab3a55848c290e1edef11dacf838d0a395ae8720e7804,True,utf-8-sig,False
M3A_GROEBNER_REES_MARKED_MODULE_GF1/GF1_COLLEAGUE_BRIEF/OPEN_GAPS.md,.md,365,756e135f7a82f7d47a6d52eb613624e4a163ee449a6e4b2d777825da4ecfe033,True,utf-8-sig,False
M3A_GROEBNER_REES_MARKED_MODULE_GF1/GF1_COLLEAGUE_BRIEF/PROVED_RESULTS.md,.md,809,2383a457ff60c56e2e00d44994c15a88015584ea1da72e2e955207fd16a6cb65,True,utf-8-sig,False
M3A_GROEBNER_REES_MARKED_MODULE_GF1/GF1_COLLEAGUE_BRIEF/REPRODUCE_BRIEF.sh,.sh,141,242be24308c0b8622b57879e9e0311c666b2d14864d8e52098b5ea4f0316675d,True,utf-8-sig,False
M3A_GROEBNER_REES_MARKED_MODULE_GF1/GF1_COLLEAGUE_BRIEF/REPRODUCTION_COMMANDS.md,.md,358,06df3b6e0cc8d8fe4cad03d0b05d699674d430b5506a089b6242b91bde3593a1,True,utf-8-sig,False
M3A_GROEBNER_REES_MARKED_MODULE_GF1/GF1_COLLEAGUE_BRIEF/SOURCE_MAP.md,.md,759,04a4e3632a128c6fcd1b965fb6f8483d2903551eece5c63df2432a6f4ce66d18,True,utf-8-sig,False
M3A_GROEBNER_REES_MARKED_MODULE_GF1/GF1_COLLEAGUE_BRIEF/START_HERE.md,.md,746,72e6a9f4bd8654d7345e2e651ff4bd41826daa672e91b1c4eec95452f78b884c,True,utf-8-sig,False
M3A_GROEBNER_REES_MARKED_MODULE_GF1/GF1_COLLEAGUE_BRIEF/STATIC_DARK_GEOMETRY.md,.md,621,651d3bad6d92285caa5b19b7fc394d7ebc1d4f41e10fd658443fd3b2c7dbdf2a,True,utf-8-sig,False
M3A_GROEBNER_REES_MARKED_MODULE_GF1/GF1_COLLEAGUE_BRIEF/TAGGED_GENERATOR_GEOMETRY.md,.md,459,b02b1160b7b2604e90c5970b4faa6d834e349595ff0e02ee0697fef99a443936,True,utf-8-sig,False
M3A_GROEBNER_REES_MARKED_MODULE_GF1/GF1_COLLEAGUE_BRIEF/VERIFY_BRIEF.py,.py,732,40cc0a14de297412b9094f8cf124873bb997275a890311af143908fd422b0da4,True,utf-8-sig,False
M3A_GROEBNER_REES_MARKED_MODULE_GF1/GF1_COLLEAGUE_BRIEF/WHY_AN_IDEAL_CANNOT_ENCODE_INTERFERENCE.md,.md,529,8dc53ed3c162f3fb67f192ec83991b3e3f37d7dfe824a6e662c06caa7363b98d,True,utf-8-sig,False
M3A_GROEBNER_REES_MARKED_MODULE_GF1/GF1_EXACT_CONTROL_CERTIFICATES.json,.json,19401,eb46826e5b0f8855622e5ae778bce2488255cb5f14116a32d6cce743e8ac015f,True,utf-8-sig,False
M3A_GROEBNER_REES_MARKED_MODULE_GF1/GF1_MV1_COMPATIBILITY_AND_INFORMATION_LOSS.tex,.tex,703,6f1be7916801e0b85cdb948733209d90e31e8e16ef183731d17d8eee38e1c5d6,True,utf-8-sig,False
M3A_GROEBNER_REES_MARKED_MODULE_GF1/GF1_RANDOM_GROEBNER_CENSUS.json,.json,133635,ed9113b3cd3ee9ee568d39b1cde1598f00ac3c6d1eb2d6991306d23a788e5fdd,True,utf-8-sig,False
M3A_GROEBNER_REES_MARKED_MODULE_GF1/GF2_HANDOFF.md,.md,955,3060042ea259b8274ea684c58f97d28ff2cce411f2c9e02bedaf24be5664082b,True,utf-8-sig,False
M3A_GROEBNER_REES_MARKED_MODULE_GF1/IDEAL_VERSUS_DISTINGUISHED_SECTION_COUNTEREXAMPLE.tex,.tex,487,fe0a3c03249a69e091fb7a011cc69a162770033c4391a2ce6d701651f664e51b,True,utf-8-sig,False
M3A_GROEBNER_REES_MARKED_MODULE_GF1/INITIAL_IDEAL_COMPONENT_LEDGER.csv,.csv,1540,068673191edf394e5bfb8f249319575f9190f51f00e2837f8a717e559de7c01a,True,utf-8-sig,False
M3A_GROEBNER_REES_MARKED_MODULE_GF1/INITIALISATION_INTERSECTION_THEOREM_OR_COUNTEREXAMPLE.tex,.tex,805,eb5dd9dd8b2e3d83bcb5b1e99899241027baeeff9b925b783ce4c317b1713a21,True,utf-8-sig,False
M3A_GROEBNER_REES_MARKED_MODULE_GF1/INPUT_HASHES.sha256,.sha256,2050,eaae17299f813270ad73785752dd314803b157ed4e0d9629e43a9340c9d98151,False,,False
M3A_GROEBNER_REES_MARKED_MODULE_GF1/INPUT_INTEGRITY_REPORT.md,.md,1509,89f0fd60f0640f93cd84323a9fa035c5e49484d550e8edd8e2416d0633a38af6,True,utf-8-sig,False
M3A_GROEBNER_REES_MARKED_MODULE_GF1/INPUTS/_ARC1_CORRECTED_WORK.zip,.zip,71692325,,False,,False
M3A_GROEBNER_REES_MARKED_MODULE_GF1/INPUTS/ATLAS_TERMINATION_OR_GAP_THEOREM.tex,.tex,1104,3ea78710a52d0bee40dbe7f706d9f99a1aa8cb224754ad44a9640b7d00dfd97e,False,,True
M3A_GROEBNER_REES_MARKED_MODULE_GF1/INPUTS/M3A_000029_exact_polynomial_certificate.zip,.zip,9415,6ec4425d54a3e69a10a91fa0d56c9241b67fdbfb1bc71428664cf3752eb5e72e,False,,False
M3A_GROEBNER_REES_MARKED_MODULE_GF1/INPUTS/M3A_ARC1_COLLEAGUE_LOCKED_DEFINITIONS_R1_0.zip,.zip,453182,7d3dae54eb29b9d59711cfc69cb1d6e8ca52d133c569ae99c7c46a5581adf442,False,,False
M3A_GROEBNER_REES_MARKED_MODULE_GF1/INPUTS/M3A_ARC1_COLLEAGUE_LOCKED_DEFINITIONS_R1_0.zip.sha256,.sha256,113,ca9255cc4833722d3dd0a7e13a6d9b16f494fd639f2777dfb31cb9a7521af7e4,False,,False
M3A_GROEBNER_REES_MARKED_MODULE_GF1/INPUTS/M3A_Diagonal_Family_Trichotomy_Paper_R1_2.pdf,.pdf,374126,4135498db2f973d8c3dbd4f77b8ebc94c2f3ea8bfc11e9dd710ef694b65d3222,False,,False
M3A_GROEBNER_REES_MARKED_MODULE_GF1/INPUTS/M3A_Diagonal_Family_Trichotomy_Paper_R1_2.tex,.tex,36123,c5e1d29848307e0b3852d962a6af843499524377ff72c97b647af03052e35009,False,,True
M3A_GROEBNER_REES_MARKED_MODULE_GF1/INPUTS/M3A_ENDPOINT_ACCESS_WORD_SUPPORT_EA1_R1_1.zip,.zip,143146908,,False,,False
M3A_GROEBNER_REES_MARKED_MODULE_GF1/INPUTS/M3A_ENDPOINT_ACCESS_WORD_SUPPORT_EA1_R1_1.zip.sha256,.sha256,112,34d649d59d30f1eee4a0640a48b354fb0b7ba698578660fefd484fe2df54caad,False,,False
M3A_GROEBNER_REES_MARKED_MODULE_GF1/INPUTS/M3A_MONOMIAL_PULLBACK_FACE_COLLISION_PB1_R1_0.zip,.zip,215437525,,False,,False
M3A_GROEBNER_REES_MARKED_MODULE_GF1/INPUTS/M3A_MONOMIAL_PULLBACK_FACE_COLLISION_PB1_R1_0.zip.sha256,.sha256,116,60c94c0078276a9bdc913387fdc1d4737b8c902591cea650014fc6bb8230d21f,False,,False
M3A_GROEBNER_REES_MARKED_MODULE_GF1/INPUTS/M3A_NEWTON_PROTOCOL_ATLAS_NP1_R1_0.zip,.zip,23801570,,False,,False
M3A_GROEBNER_REES_MARKED_MODULE_GF1/INPUTS/M3A_NEWTON_PROTOCOL_ATLAS_NP1_R1_0.zip.sha256,.sha256,105,dc8afe50cffae339cb51d040472f2f7755af22cf709b719b718031289072d4d2,False,,False
M3A_GROEBNER_REES_MARKED_MODULE_GF1/INPUTS/M3A_UNIVERSAL_MULTIVARIATE_DIAGONAL_ATLAS_MV1_R1_0.zip,.zip,454992784,,False,,False
M3A_GROEBNER_REES_MARKED_MODULE_GF1/INPUTS/M3A_UNIVERSAL_MULTIVARIATE_DIAGONAL_ATLAS_MV1_R1_0.zip.sha256,.sha256,121,3d413e8f0f6b6fc352dac3cc9894e9008b9de91d11616ac4b9618b1d967bd4d4,False,,False
M3A_GROEBNER_REES_MARKED_MODULE_GF1/INPUTS/MOMENT_VERSUS_AMPLITUDE_FIREWALL.md,.md,822,e41b9cc7e61d7867e5e221db68a60fe28ed58a800e2137e5457695c087920687,False,,True
M3A_GROEBNER_REES_MARKED_MODULE_GF1/INPUTS/WORKSTATION_GF1_GROEBNER_REES_MARKED_MODULE_MASTER_PROMPT_R1_0.md,.md,38764,26fe640ba3437d0e6a3c3a291374510bf6c91e96e5b2a97e5ce109ba5f81f023,True,utf-8-sig,False
M3A_GROEBNER_REES_MARKED_MODULE_GF1/LOCKED_GF1_ALGEBRA.md,.md,675,8a069e17f258c5020cc6d2e83add6225a2093583a55a327bcb3e1714a1f9abad,True,utf-8-sig,False
M3A_GROEBNER_REES_MARKED_MODULE_GF1/MANIFEST.sha256,.sha256,12120,a280984e5eb90ad382689dd38fcb4986330812507392734d597174f01092bf4b,False,,False
M3A_GROEBNER_REES_MARKED_MODULE_GF1/MANIFEST_POLICY.md,.md,823,aebdc191349b5df20cd255251c85108a4f7199339f7c754f4ecedd84fb93f4f2,True,utf-8-sig,False
M3A_GROEBNER_REES_MARKED_MODULE_GF1/MARKED_CHANNEL_MODULE_DEFINITION.tex,.tex,536,637b69c34cf9c375035549458dd845d43a213ddc39cef56ce97206c8def01c9d,True,utf-8-sig,False
M3A_GROEBNER_REES_MARKED_MODULE_GF1/MODULE_PRESENTATION_AND_KERNEL.json,.json,388,66d134eade37bcb62d9c43aee398ac6149fa20942e47df907ba07d35c838d15c,True,utf-8-sig,False
M3A_GROEBNER_REES_MARKED_MODULE_GF1/MOMENT_AMPLITUDE_MIXED_DEPTH_CONTROL.md,.md,586,a542bf7aa38aae9e03aef693eb39d54b943aab0d7835e21e42a2888beabe9190,True,utf-8-sig,False
M3A_GROEBNER_REES_MARKED_MODULE_GF1/MULTIGRADED_BETTI_TABLE.json,.json,284,cab45266bf01d8684e05a5ae54568910e198b2b7d424c4cdec1047613b0fdc04,True,utf-8-sig,False
M3A_GROEBNER_REES_MARKED_MODULE_GF1/NORMAL_CROSSING_TERMINOLOGY_AUDIT.md,.md,505,7d2e758b62d8eedc8b9f5c8129c1d6afbb1c4ddf43ffa78f329623ecdd522549,True,utf-8-sig,False
M3A_GROEBNER_REES_MARKED_MODULE_GF1/NOTATION_TRANSLATION_LEDGER.md,.md,815,d5090a2dd88ebdd60dffd7635c4016254285d814c80524ffa270f19d0e99916a,True,utf-8-sig,False
M3A_GROEBNER_REES_MARKED_MODULE_GF1/NUMERATOR_VERSUS_MOMENT_FIREWALL.md,.md,655,217fd195165a2edc0a424ccd2382ae4544d20757da59d3aef2b6e5db4a35330c,True,utf-8-sig,False
M3A_GROEBNER_REES_MARKED_MODULE_GF1/PLAIN_IDEAL_DYNAMIC_IMPOSSIBILITY_THEOREM.tex,.tex,656,b30b5bebf202b214ffa07296fd91e548ece67d8d8f49eb47420131bdd843b828,True,utf-8-sig,False
M3A_GROEBNER_REES_MARKED_MODULE_GF1/PRIOR_ART_AUDIT.md,.md,4373,52b375b3f1ccc06d12dc311936d6cf4c17fb5a78565d16a9f1bb320c6e2b370f,True,utf-8-sig,False
M3A_GROEBNER_REES_MARKED_MODULE_GF1/PRIOR_ART_SEARCH_LOG.csv,.csv,1325,1b106ff05f29242646de26fd1053aee44fa72250a64eebe4101a6188ae053cfc,True,utf-8-sig,False
M3A_GROEBNER_REES_MARKED_MODULE_GF1/REES_IDEAL_CERTIFICATE.json,.json,556,1ecc7190cd6aa08d3b235b8b4dc17e1e5760b6ed105f268c64b46d296b1e4b4e,True,utf-8-sig,False
M3A_GROEBNER_REES_MARKED_MODULE_GF1/REES_TERMINOLOGY_AND_MULTIPLICATIVITY_AUDIT.md,.md,1027,705d067b46a2cb38b2dd5bbd8580fae2beff331ed6f4987acd756f0dcb318f1c,True,utf-8-sig,False
M3A_GROEBNER_REES_MARKED_MODULE_GF1/REPRODUCE.sh,.sh,207,3131c495a02154d8a02558b303b6d545c2e794c4c51b46ef3182598219753ce9,True,utf-8-sig,False
M3A_GROEBNER_REES_MARKED_MODULE_GF1/REPRODUCIBILITY_PROTOCOL.md,.md,733,ef87ae5a6df46de190c7812f4f97ac1113ea6ef99de00e1eca2c2a120d9ba034,True,utf-8-sig,False
M3A_GROEBNER_REES_MARKED_MODULE_GF1/SAME_IDEAL_DIFFERENT_TAGS_CONTROLS.md,.md,440,00acd4e2e8128ebb30e7ad34e173eaf20ada5a28d3b0aa93640ca7bf8ecffde6,True,utf-8-sig,False
M3A_GROEBNER_REES_MARKED_MODULE_GF1/SATURATION_AND_SPURIOUS_COMPONENTS.md,.md,547,7ef494ba93327e6a2808ce8b262d0729331da5769ed0df44303f965c2170f935,True,utf-8-sig,False
M3A_GROEBNER_REES_MARKED_MODULE_GF1/TAGGED_CHANNEL_IDEAL_GROEBNER_DATA.json,.json,314,31a874626d0d64d84da36955534a62e19bdc9f8321b33283ab4fef54227e779b,True,utf-8-sig,False
M3A_GROEBNER_REES_MARKED_MODULE_GF1/TAGGED_CHANNEL_IDEAL_THEOREM.tex,.tex,589,d93d06f40de73f9f82c9d010d1db20cec34ce9697afd1ee592cca298ee3c8241,True,utf-8-sig,False
M3A_GROEBNER_REES_MARKED_MODULE_GF1/TAGGED_IDEAL_VERSUS_AMPLITUDE_TRICHOTOMY.md,.md,734,f0923813b3cb49bcb7a54675282799ab41b31ea4b7925912138bcb232abe6367,True,utf-8-sig,False
M3A_GROEBNER_REES_MARKED_MODULE_GF1/TROPICAL_SUPPORT_AND_MULTIPLICITY_FIREWALL.md,.md,737,098236253cc69aa9982d53a43d596b8e44ecf7a865cced451c4adb98301e8273,True,utf-8-sig,False
M3A_GROEBNER_REES_MARKED_MODULE_GF1/UNRESOLVED_GAPS.md,.md,774,415e9e7b5742a5887bd0e532ab3a903295a20281148b7bc18a69b8c4afd83314,True,utf-8-sig,False
M3A_GROEBNER_REES_MARKED_MODULE_GF1_R1_0.zip,.zip,97080,4335c941a9a59d063eb92a7d60b6c8fb5996edde1d7433ffa68cd1118ae14d6b,False,,False
M3A_GROEBNER_REES_MARKED_MODULE_GF1_R1_0.zip.sha256,.sha256,111,35fa084e2ff5e4b7b7b879b81a08dd4cc76aac3d51cab5babab3f84e6ca21e1a,False,,False
M3A_MONOMIAL_PULLBACK_FACE_COLLISION_PB1/ARC1_FACE_COLLISION_RECOVERY.md,.md,1334,3d05ad3a81405dd1badd19b1f6f31b03e4fb6690de99f07fd6486ba82e31d95a,False,,True
M3A_MONOMIAL_PULLBACK_FACE_COLLISION_PB1/ASSOCIATED_GRADED_FACE_PUSHFORWARD_THEOREM.tex,.tex,2575,ac1112378f3bc12572155185e996e68d0b05610a5dbacbd3e01664ee5e2fea18,False,,True
M3A_MONOMIAL_PULLBACK_FACE_COLLISION_PB1/ASSUMPTIONS_AND_SCOPE_LOCK.md,.md,3868,4ed72af01007ab7fd5d11ddb9304b655cde4697d7e26b845ae4f14c55030fe6c,False,,True
M3A_MONOMIAL_PULLBACK_FACE_COLLISION_PB1/CANCELLATION_LOCUS_AND_NONCANCELLATION_CRITERIA.tex,.tex,2821,3529ecacf16006959c52fca6ec0cd3f2c0c7d73bc7d4363aba7dba7f9d1b6de0,False,,True
M3A_MONOMIAL_PULLBACK_FACE_COLLISION_PB1/CLAIM_AND_NOVELTY_LEDGER.md,.md,2939,4585b4b1362d53058eaf9309b4882dc8ce661651c5b85bb3187e33acd6b53b76,False,,True
M3A_MONOMIAL_PULLBACK_FACE_COLLISION_PB1/CODE_INDEPENDENT_A/direct_substitution.py,.py,3386,1460f57172e8fd086ddef015677e0f703dba1e4db29b58f622ea36573988ea40,False,,True
M3A_MONOMIAL_PULLBACK_FACE_COLLISION_PB1/CODE_INDEPENDENT_B/graded_convex.py,.py,3274,14ece30a8f47bcee4ee8d5f7bef1eea26cc52972bd95448902327a8fe5ff8d07,False,,True
M3A_MONOMIAL_PULLBACK_FACE_COLLISION_PB1/CODE_PRIMARY/canonical_io.py,.py,885,36f1e9c83e64160b48a9d801402bde57be375a5d8f5b251e514c796c73ee7ddd,False,,True
M3A_MONOMIAL_PULLBACK_FACE_COLLISION_PB1/CODE_PRIMARY/create_release.py,.py,1480,06f3497ac2077855a70a13eeac140ab5ea7298a9bf56c1451f5247da3729b812,False,,True
M3A_MONOMIAL_PULLBACK_FACE_COLLISION_PB1/CODE_PRIMARY/pb1_primary.py,.py,29834,439f34f8c102258d0fc9e69c1df296cd0fcfd2cb08e04b4f2fdb9cf8e79b7439,False,,True
M3A_MONOMIAL_PULLBACK_FACE_COLLISION_PB1/CODE_PRIMARY/seal_package.py,.py,1694,4fa1e273db71bf0b94a63b221349d840a052efa2e3e5b50c1f0f6c1474f6e02d,False,,True
M3A_MONOMIAL_PULLBACK_FACE_COLLISION_PB1/CODE_PRIMARY/verify_package.py,.py,5569,83a8ecdb108dc4cba4cf42c9237bf4c0e1b0681b0e2c20cd70dd9b054ff72521,False,,True
M3A_MONOMIAL_PULLBACK_FACE_COLLISION_PB1/CODE_PRIMARY/verify_release.py,.py,2229,d93548cbbb92784c62eab5f8f826eb1d48b5c05601c008cac6acbc1d282081ca,False,,True
M3A_MONOMIAL_PULLBACK_FACE_COLLISION_PB1/COMPARISON_POLICY.json,.json,716,33b414ef3a64818ddad3da3f3adf339b5bf7ed4d0416cf6bb2db5875ddc2f789,False,,True
M3A_MONOMIAL_PULLBACK_FACE_COLLISION_PB1/COUNTEREXAMPLES_AND_CONTROLS.md,.md,12610,cb77e7d81da13169d4f5af2f27ecf412f5d5cb2a336152f4311b06c2c59b14ab,False,,True
M3A_MONOMIAL_PULLBACK_FACE_COLLISION_PB1/DATA/direct_substitution.json,.json,678,182b2ccaee2a078f7806b6d9d260dcdbd53d34569b4e524cbe976f433117f981,False,,True
M3A_MONOMIAL_PULLBACK_FACE_COLLISION_PB1/DATA/graded_convex.json,.json,488,312abc4280ec07ee3457b99eb46960abc9ce9cebf65053b1143b5fa31ce8af1f,False,,True
M3A_MONOMIAL_PULLBACK_FACE_COLLISION_PB1/DATA/independent_javascript.json,.json,477,5b6999bb5b687521286c476cdf0e160ff4ef3412c647ca0514a6695cf739ad24,False,,True
M3A_MONOMIAL_PULLBACK_FACE_COLLISION_PB1/DATA/primary_exact.json,.json,38305,9a54cdba15ffc2ca4417579204e341121807ab6c799b62a71857bd108dc2da8e,False,,True
M3A_MONOMIAL_PULLBACK_FACE_COLLISION_PB1/DATA/random_census.json,.json,1229799,57a70416c951ed3f52b892086a8fa9b6a9ee47e3c98dc51641e32a060e8ed758,False,,True
M3A_MONOMIAL_PULLBACK_FACE_COLLISION_PB1/DEFINITIONS_AND_CONVENTIONS.md,.md,1800,6936b57745e03132de48898e29f4cbc92d2a602722c3faa51ac68462bd00da06,False,,True
M3A_MONOMIAL_PULLBACK_FACE_COLLISION_PB1/EA1_SCALAR_RAY_PULLBACK_COROLLARY.tex,.tex,1638,570822786f3c42643fec826ccd1ab582599ad9bae9a1a0f083b35c4df6bc729a,False,,True
M3A_MONOMIAL_PULLBACK_FACE_COLLISION_PB1/ENVIRONMENT_SPECIFICATION.txt,.txt,910,cc92e861ccd2d347215f5cdbf1075f801a137f7636a1ff5eab3b75af6c4c16d1,False,,True
M3A_MONOMIAL_PULLBACK_FACE_COLLISION_PB1/EXACT_MONOMIAL_PULLBACK_THEOREM.tex,.tex,2115,f52d706ada6a5c875526d5b2cc05538f7915e4d327251961f4536f2b3fc520c7,False,,True
M3A_MONOMIAL_PULLBACK_FACE_COLLISION_PB1/EXPECTED/direct_substitution.json,.json,678,182b2ccaee2a078f7806b6d9d260dcdbd53d34569b4e524cbe976f433117f981,False,,True
M3A_MONOMIAL_PULLBACK_FACE_COLLISION_PB1/EXPECTED/graded_convex.json,.json,488,312abc4280ec07ee3457b99eb46960abc9ce9cebf65053b1143b5fa31ce8af1f,False,,True
M3A_MONOMIAL_PULLBACK_FACE_COLLISION_PB1/EXPECTED/independent_javascript.json,.json,477,5b6999bb5b687521286c476cdf0e160ff4ef3412c647ca0514a6695cf739ad24,False,,True
M3A_MONOMIAL_PULLBACK_FACE_COLLISION_PB1/EXPECTED/primary_exact.json,.json,38305,9a54cdba15ffc2ca4417579204e341121807ab6c799b62a71857bd108dc2da8e,False,,True
M3A_MONOMIAL_PULLBACK_FACE_COLLISION_PB1/EXPECTED/random_census.json,.json,1229799,57a70416c951ed3f52b892086a8fa9b6a9ee47e3c98dc51641e32a060e8ed758,False,,True
M3A_MONOMIAL_PULLBACK_FACE_COLLISION_PB1/EXPECTED_CANONICAL.sha256,.sha256,668,7b93a31db5264f51830e03bb2b82f836fbe78ddaf8d4d78a37b2fd135a45d754,False,,False
M3A_MONOMIAL_PULLBACK_FACE_COLLISION_PB1/EXPONENT_LATTICE_AND_COLLISION_FIBRES.md,.md,1245,f876fe18343030fd58e13c393015d44c3e1c3b62fa032fd211838df32319fa09,False,,True
M3A_MONOMIAL_PULLBACK_FACE_COLLISION_PB1/FAILURE_LEDGER.md,.md,2802,32ab1c2eece629987938884ef604dd8c2b3e5e5b8dbe6de4f6dacee5ad07685f,False,,True
M3A_MONOMIAL_PULLBACK_FACE_COLLISION_PB1/FINAL_PB1_REPORT.md,.md,10271,c1885ee545ddd23aabed363860701ec36f6a9bf1d7772b6d92d2405fea978236,False,,True
M3A_MONOMIAL_PULLBACK_FACE_COLLISION_PB1/INPUT_ARCHIVES.sha256,.sha256,720,d27e2e1bd8e93eff01f8ae89a5dff496042ec8465c39b89dd8cf845d9ce16a61,False,,False
M3A_MONOMIAL_PULLBACK_FACE_COLLISION_PB1/INPUTS/_ARC1_CORRECTED_WORK.zip,.zip,71692325,,False,,False
M3A_MONOMIAL_PULLBACK_FACE_COLLISION_PB1/INPUTS/M3A_Diagonal_Family_Trichotomy_Paper_R1_2.pdf,.pdf,374126,4135498db2f973d8c3dbd4f77b8ebc94c2f3ea8bfc11e9dd710ef694b65d3222,False,,False
M3A_MONOMIAL_PULLBACK_FACE_COLLISION_PB1/INPUTS/M3A_Diagonal_Family_Trichotomy_Paper_R1_2.tex,.tex,36123,c5e1d29848307e0b3852d962a6af843499524377ff72c97b647af03052e35009,False,,True
M3A_MONOMIAL_PULLBACK_FACE_COLLISION_PB1/INPUTS/M3A_ENDPOINT_ACCESS_WORD_SUPPORT_EA1_R1_1.zip,.zip,143146908,,False,,False
M3A_MONOMIAL_PULLBACK_FACE_COLLISION_PB1/INPUTS/M3A_ENDPOINT_ACCESS_WORD_SUPPORT_EA1_R1_1.zip.sha256,.sha256,112,34d649d59d30f1eee4a0640a48b354fb0b7ba698578660fefd484fe2df54caad,False,,False
M3A_MONOMIAL_PULLBACK_FACE_COLLISION_PB1/INPUTS/WORKSTATION_PB1_MONOMIAL_PULLBACK_FACE_COLLISION_MASTER_PROMPT.md,.md,27876,f3576bc6558648f44aa57c5268e730076303957db8c1a87418ec915c11012cff,False,,True
M3A_MONOMIAL_PULLBACK_FACE_COLLISION_PB1/MANIFEST.sha256,.sha256,5363,e58bfc5dcce6b148d32999bc4d486210e730251a760f14d7d2ddb9dee3db87a1,False,,False
M3A_MONOMIAL_PULLBACK_FACE_COLLISION_PB1/MANIFEST_POLICY.md,.md,1495,08ecde1cd8fb9827779660d1dbb3f4d25bd81d30255ab969ff1e9935940b8457,False,,True
M3A_MONOMIAL_PULLBACK_FACE_COLLISION_PB1/MONOMIAL_LEADING_ANALYTIC_CLOCK_THEOREM.tex,.tex,2287,62769f13f95f55a5444e50c934ca6c3c64683e0d3df3e60aeb28737e198584d1,False,,True
M3A_MONOMIAL_PULLBACK_FACE_COLLISION_PB1/MONOMIAL_PULLBACK_COMPOSITION_THEOREM.tex,.tex,1538,fe381daf4db2494272df24929454ce06e1c33327d0703777116bda28c9f3023f,False,,True
M3A_MONOMIAL_PULLBACK_FACE_COLLISION_PB1/MV1_HANDOFF.md,.md,2407,bd22af5ebe44133d30bbe5e5833eb90eafb6d50703b3cc6de6f137e07d471221,False,,True
M3A_MONOMIAL_PULLBACK_FACE_COLLISION_PB1/NAIVE_IMAGE_VERSUS_ACTUAL_SUPPORT.tex,.tex,2006,a9d6302da6f0f55995655e1b40c5eb402f549540aad4b68fd2edb10d3af3c54c,False,,True
M3A_MONOMIAL_PULLBACK_FACE_COLLISION_PB1/ONE_PARAMETER_FACE_COEFFICIENT_THEOREM.tex,.tex,1376,3e41b18595d28e4776c06703529ddbbe2ee33a9668660495130518fa9b1e1802,False,,True
M3A_MONOMIAL_PULLBACK_FACE_COLLISION_PB1/PB1_EXACT_CERTIFICATES.json,.json,38305,9a54cdba15ffc2ca4417579204e341121807ab6c799b62a71857bd108dc2da8e,False,,True
M3A_MONOMIAL_PULLBACK_FACE_COLLISION_PB1/PB1_RANDOM_CENSUS.json,.json,1229799,57a70416c951ed3f52b892086a8fa9b6a9ee47e3c98dc51641e32a060e8ed758,False,,True
M3A_MONOMIAL_PULLBACK_FACE_COLLISION_PB1/POST_CANCELLATION_JET_FIREWALL.md,.md,1361,eb9dec00465b146f3cb8e8179abba4f0a639b83d9897690a4d0c71d05d09345f,False,,True
M3A_MONOMIAL_PULLBACK_FACE_COLLISION_PB1/PRIOR_ART_AUDIT.md,.md,5154,66166e8079c3944c83a509a2bec5bc0ab9c86aa363026112b6da85e70895368a,False,,True
M3A_MONOMIAL_PULLBACK_FACE_COLLISION_PB1/R1_2_FIXED_FIBRE_PULLBACK_RECOVERY.md,.md,1436,90c92284ab11df0306d43c0ca27db0984e6433fdaa9dadc9dfdb62229a917d7d,False,,True
M3A_MONOMIAL_PULLBACK_FACE_COLLISION_PB1/REPRODUCE.sh,.sh,833,0cd59e307ecc1dcbd166792d137ac7e4853b8bcbd2f03ae31cf5e3b5d01efe11,False,,True
M3A_MONOMIAL_PULLBACK_FACE_COLLISION_PB1/REPRODUCIBILITY_PROTOCOL.md,.md,1379,e608627ef4cafe03607182d1a9fe52272867a2b581fb635aa8be9e9f12096c66,False,,True
M3A_MONOMIAL_PULLBACK_FACE_COLLISION_PB1_R1_0.zip,.zip,215437525,,False,,False
M3A_MONOMIAL_PULLBACK_FACE_COLLISION_PB1_R1_0.zip.sha256,.sha256,116,60c94c0078276a9bdc913387fdc1d4737b8c902591cea650014fc6bb8230d21f,False,,False
M3A_NEWTON_PROTOCOL_ATLAS_NP1_R1_0.zip,.zip,23801570,,False,,False
M3A_NEWTON_PROTOCOL_ATLAS_NP1_R1_0.zip.sha256,.sha256,105,dc8afe50cffae339cb51d040472f2f7755af22cf709b719b718031289072d4d2,False,,False
M3A_POSITIVE_WEIGHT_DOMINANCE_THEOREM_NUCLEUS_TC1.zip,.zip,18140743,07d91b3596298d349bfca3ec2c544e749e580be0b3f4a3899dac3c35b71bb15d,False,,False
M3A_POSITIVE_WEIGHT_DOMINANCE_THEOREM_NUCLEUS_TC1/ASSUMPTIONS_LOCK.md,.md,3185,92c3f0c5f9c2ceb1c273d5b508374d23335d051c78b1bf2cd4c6a8becc7c4a01,False,,True
M3A_POSITIVE_WEIGHT_DOMINANCE_THEOREM_NUCLEUS_TC1/CLAIM_AND_NOVELTY_LEDGER.md,.md,2222,b701f9b86ddb1d9c1932b51b319e4b3e936787c4c89fb8650d198c1798cdc153,False,,True
M3A_POSITIVE_WEIGHT_DOMINANCE_THEOREM_NUCLEUS_TC1/CODE_INDEPENDENT_A/word_route.py,.py,3988,4c62af02b2b0289f5ed4ae25f484b3d417a4cf047de8cb69989a0e8d8742547e,False,,True
M3A_POSITIVE_WEIGHT_DOMINANCE_THEOREM_NUCLEUS_TC1/CODE_PRIMARY/certify.py,.py,7095,2a1905b1b486c3883d14e8638f35c963587028ec8f47a230914addab4df53c22,False,,True
M3A_POSITIVE_WEIGHT_DOMINANCE_THEOREM_NUCLEUS_TC1/CODE_PRIMARY/reproduce_driver.py,.py,2084,528c1e566b6944dec2685fa1f824a73ff859a3bb9c26d456d71edbc7f1312313,False,,True
M3A_POSITIVE_WEIGHT_DOMINANCE_THEOREM_NUCLEUS_TC1/CODE_PRIMARY/verify_reproducibility.py,.py,3848,bc3bedc3b96b2036ecd5f0b389b88f60fd640692ab10b00f956b65967835e675,False,,True
M3A_POSITIVE_WEIGHT_DOMINANCE_THEOREM_NUCLEUS_TC1/COMPARISON_POLICY.json,.json,478,cccba9a5c5c54e0c0392472c1a76f0341c4443124681fb97d8e0968a8c677a9a,False,,True
M3A_POSITIVE_WEIGHT_DOMINANCE_THEOREM_NUCLEUS_TC1/CORRECTED_SUPPORT_CERTIFICATE.md,.md,1500,6fb66fe0db5c20fdcd3e64b0a4285b36dd5cc216b25de5b6ed409db89b2604a8,False,,True
M3A_POSITIVE_WEIGHT_DOMINANCE_THEOREM_NUCLEUS_TC1/COUNTEREXAMPLES_AND_SCOPE.md,.md,3242,8bd738e42977f615bfda463baa9d49da11f27d61d1738c167955bfc5d60b06c1,False,,True
M3A_POSITIVE_WEIGHT_DOMINANCE_THEOREM_NUCLEUS_TC1/DATA/input_archive_audit.json,.json,1353,aa65a794cad617246b806d021949a6511e021a37ad2994bc3505e9c6ee4a7cd1,False,,True
M3A_POSITIVE_WEIGHT_DOMINANCE_THEOREM_NUCLEUS_TC1/DATA/raw_model.json,.json,270,ee54e5b1087c5ef4b1ab75a388edc9325e65585a7f45234b5986a95e4c49a38f,False,,True
M3A_POSITIVE_WEIGHT_DOMINANCE_THEOREM_NUCLEUS_TC1/ENVIRONMENT_SPECIFICATION.txt,.txt,1301,56d9c5edb50e00a4ecc15c0eb4626c54c5e5bf1c878cbb3bb3d76a47c51e2e5f,False,,True
M3A_POSITIVE_WEIGHT_DOMINANCE_THEOREM_NUCLEUS_TC1/EXACT_MOMENT_CERTIFICATE.json,.json,1049,457703ad66f3f5acc8f7fe68191caff84f64450247f6882b5ff6e0e19a8e2b90,False,,True
M3A_POSITIVE_WEIGHT_DOMINANCE_THEOREM_NUCLEUS_TC1/EXACT_TRANSFER_CERTIFICATE.json,.json,1300,89f0f955fd53cdc79877d9f54c8f09735893a6b9812d115d17cde5e0013321c5,False,,True
M3A_POSITIVE_WEIGHT_DOMINANCE_THEOREM_NUCLEUS_TC1/EXPECTED/independent_a.json,.json,4691,9d787c4b6462c22f58a575fe741a8a2dd3854538c778accd8a7d26c447c2083d,False,,True
M3A_POSITIVE_WEIGHT_DOMINANCE_THEOREM_NUCLEUS_TC1/EXPECTED/independent_b.json,.json,1063,f4a2fed9e66267816265e080f34a8c13336506406ee4690f84c8f46a0992f9d8,False,,True
M3A_POSITIVE_WEIGHT_DOMINANCE_THEOREM_NUCLEUS_TC1/EXPECTED/primary.json,.json,3990,dca078cea76eea8042fa9335a8525e608b8bbbc1854d507415197eff2fd97d48,False,,True
M3A_POSITIVE_WEIGHT_DOMINANCE_THEOREM_NUCLEUS_TC1/EXPECTED_CANONICAL.sha256,.sha256,276,085292a423113f936eed704fb4e1afd0657dac240fbf76be2a052540e4b88d20,False,,False
M3A_POSITIVE_WEIGHT_DOMINANCE_THEOREM_NUCLEUS_TC1/FAILURE_LEDGER.md,.md,1777,84538fa27bba54f02bf3a74995e05b0884db0cb20d59798c1231f3e4d12bbdad,False,,True
M3A_POSITIVE_WEIGHT_DOMINANCE_THEOREM_NUCLEUS_TC1/FINAL_TC1_ASSESSMENT.md,.md,1936,b537e0b6482363de1e8e11c5da13407ed030c39e50dae63994d60ffd072fd866,False,,True
M3A_POSITIVE_WEIGHT_DOMINANCE_THEOREM_NUCLEUS_TC1/GENERAL_SUPPORT_THEOREM.tex,.tex,2710,9ac1d17c608d9b78c24bb9a63b5cf09dba300b31e873d8461ac9e1c7f4e4508e,False,,True
M3A_POSITIVE_WEIGHT_DOMINANCE_THEOREM_NUCLEUS_TC1/INPUT_ARCHIVES.sha256,.sha256,628,4854ce942f40605389bca691b20bfcfdd8668dd4e15bedc0a1058dd583975c96,False,,False
M3A_POSITIVE_WEIGHT_DOMINANCE_THEOREM_NUCLEUS_TC1/INPUTS/M3A_000029_exact_polynomial_certificate.zip,.zip,9415,6ec4425d54a3e69a10a91fa0d56c9241b67fdbfb1bc71428664cf3752eb5e72e,False,,False
M3A_POSITIVE_WEIGHT_DOMINANCE_THEOREM_NUCLEUS_TC1/INPUTS/README.md,.md,715,470997f970cae535a231308a43fa674d7bd36d1e4bb7c2f249e21e657367e0c4,False,,True
M3A_POSITIVE_WEIGHT_DOMINANCE_THEOREM_NUCLEUS_TC1/INPUTS/STAGE_C1_M3A_MINIMAL_EXACT_CHANNEL_2026-07-26_R1_1_REPAIRED.zip,.zip,2933551,6a020f1825feaa4eed246ec7d326ce8f8fa43e6a719535695a00c9b37bdc4eaf,False,,False
M3A_POSITIVE_WEIGHT_DOMINANCE_THEOREM_NUCLEUS_TC1/INPUTS/STAGE_C2_M3A_EXACT_DARK_LOCUS_2026-07-26_R1_1.zip,.zip,5022181,2b9a06e7c7209e904bef886de176c0d6520efb11e59e5bade2112696439080fe,False,,False
M3A_POSITIVE_WEIGHT_DOMINANCE_THEOREM_NUCLEUS_TC1/INPUTS/STAGE_C3_M3A_LEXICOGRAPHIC_OPENING_2026-07-27_R1_0.zip,.zip,5070980,eb537b6e1e776d283431c30aadbfe71077f0fe88c8e2c9ec5004416ae5d1cee7,False,,False
M3A_POSITIVE_WEIGHT_DOMINANCE_THEOREM_NUCLEUS_TC1/INPUTS/STAGE_C4_M3A_PROTOCOL_SCALING_2026-07-27_R1_0.zip,.zip,5117299,b2754b2b97536d641c1bca0376f65e2b2a8c72150bbc045a1e86939c89bfe196,False,,False
M3A_POSITIVE_WEIGHT_DOMINANCE_THEOREM_NUCLEUS_TC1/M3A_000029_MODEL_THEOREM.tex,.tex,2310,2a439b0dfe919e3a86881a0a1022116824205f38be0a95b1b65f2a7cb6abf5a2,False,,True
M3A_POSITIVE_WEIGHT_DOMINANCE_THEOREM_NUCLEUS_TC1/MANIFEST.sha256,.sha256,3594,95e80ca4adff5cdf8db58a4f9c1b5249a8ad7d17bfac0ac3f2b161028dcffd3f,False,,False
M3A_POSITIVE_WEIGHT_DOMINANCE_THEOREM_NUCLEUS_TC1/MANIFEST_POLICY.md,.md,1361,43b4ba89faac5e4ed4f7793b7b578aa522f61f90bc681ece0aa07bd801e5a814,False,,True
M3A_POSITIVE_WEIGHT_DOMINANCE_THEOREM_NUCLEUS_TC1/PAPER_HANDOFF.md,.md,1789,69592306eecc59282cde8f4ac813fb4e022580bcf7c44b645f2bae7482a07e2e,False,,True
M3A_POSITIVE_WEIGHT_DOMINANCE_THEOREM_NUCLEUS_TC1/POWER_LAW_COROLLARIES.md,.md,1382,e9e39cbe97017d4261c9f9128495a9ffea8165a816a1680c51f6cf84028ca09d,False,,True
M3A_POSITIVE_WEIGHT_DOMINANCE_THEOREM_NUCLEUS_TC1/PRIOR_ART_AUDIT.md,.md,5582,9abae518f37cc716728f3f3cb8afaaa3d073adbbfbda3dc857583392163bbd33,False,,True
M3A_POSITIVE_WEIGHT_DOMINANCE_THEOREM_NUCLEUS_TC1/REPRODUCE.sh,.sh,997,1c5df4b6761bae6c7c199bddb784f3084651a3f6af3ce16d52106577fc40fa08,False,,True
M3A_POSITIVE_WEIGHT_DOMINANCE_THEOREM_NUCLEUS_TC1/REPRODUCIBILITY_PROTOCOL.md,.md,1818,8d09c8b9075c5ea6c26c49e0306f102fc06e4ccb9e0ad379c0701aab118029f0,False,,True
M3A_POSITIVE_WEIGHT_DOMINANCE_THEOREM_NUCLEUS_TC1/THEOREM_PROOFS.md,.md,4548,cfa687ccccd94b80f796326b91c808e188df378dfa06437f068ea2b710c7bc9e,False,,True
M3A_POSITIVE_WEIGHT_DOMINANCE_THEOREM_NUCLEUS_TC1_REFERENCE_TREES/C1/STAGE_C1_M3A_MINIMAL_EXACT_CHANNEL/BLOCK_HANKEL_AUDIT.md,.md,831,13ca868596a350ea45803547f9c4f6cb380a603645744d2eb1e7cd9834b7b662,True,utf-8-sig,False
M3A_POSITIVE_WEIGHT_DOMINANCE_THEOREM_NUCLEUS_TC1_REFERENCE_TREES/C1/STAGE_C1_M3A_MINIMAL_EXACT_CHANNEL/C1_DEFINITIONS_LOCK.md,.md,1613,13b11e1976b1f09056cd6caea9e063c6e2eac0e1c4ff20233e5d6986b8060129,True,utf-8-sig,False
M3A_POSITIVE_WEIGHT_DOMINANCE_THEOREM_NUCLEUS_TC1_REFERENCE_TREES/C1/STAGE_C1_M3A_MINIMAL_EXACT_CHANNEL/CANONICAL_REPRESENTATION_AUDIT.md,.md,826,f2e662e3c8360fe41c8e8f927fc9b3ed25d22b3ec5da3830ce9fc9cdabe66f26,True,utf-8-sig,False
M3A_POSITIVE_WEIGHT_DOMINANCE_THEOREM_NUCLEUS_TC1_REFERENCE_TREES/C1/STAGE_C1_M3A_MINIMAL_EXACT_CHANNEL/CHANNEL_EQUIVALENCE_CLASSES.md,.md,899,701a6e515f7cd023bbd0a7562cdea48af41345364beb3de273845dfade14f1ac,True,utf-8-sig,False
M3A_POSITIVE_WEIGHT_DOMINANCE_THEOREM_NUCLEUS_TC1_REFERENCE_TREES/C1/STAGE_C1_M3A_MINIMAL_EXACT_CHANNEL/CHANNEL_EQUIVALENCE_THEOREMS.md,.md,1721,eb57b700d619a8b15d2d80f11f038609c8b608a16438c355c9592f097bb8f548,True,utf-8-sig,False
M3A_POSITIVE_WEIGHT_DOMINANCE_THEOREM_NUCLEUS_TC1_REFERENCE_TREES/C1/STAGE_C1_M3A_MINIMAL_EXACT_CHANNEL/CLAIM_LEDGER.md,.md,1388,e73bcb6c346692e44a13213127569a008352a622d20095aaffcd203e2e8b3e27,True,utf-8-sig,False
M3A_POSITIVE_WEIGHT_DOMINANCE_THEOREM_NUCLEUS_TC1_REFERENCE_TREES/C1/STAGE_C1_M3A_MINIMAL_EXACT_CHANNEL/CODE/build_reports.py,.py,45038,12f98a5d39797681da881da8ad66af4cea2f2c34a7a13eb80689ae2edc17bac5,True,utf-8-sig,False
M3A_POSITIVE_WEIGHT_DOMINANCE_THEOREM_NUCLEUS_TC1_REFERENCE_TREES/C1/STAGE_C1_M3A_MINIMAL_EXACT_CHANNEL/CODE/c1_exact.py,.py,10786,af318c6ad1df83ec29f0fb3a53b8af5cbd8094e60d8e4bd873ca04fdab280990,True,utf-8-sig,False
M3A_POSITIVE_WEIGHT_DOMINANCE_THEOREM_NUCLEUS_TC1_REFERENCE_TREES/C1/STAGE_C1_M3A_MINIMAL_EXACT_CHANNEL/CODE/generate_witness_archive.py,.py,4499,d87937afdb22bb476b204dcb0685c6e0b9c20717be6135d84147aa93cd3f282c,True,utf-8-sig,False
M3A_POSITIVE_WEIGHT_DOMINANCE_THEOREM_NUCLEUS_TC1_REFERENCE_TREES/C1/STAGE_C1_M3A_MINIMAL_EXACT_CHANNEL/CODE/independent_module_a.py,.py,1684,3154d16b808ced29c3c6d02a3ef0090de4268b0e471c3dae6d3cef8e0f59bfc0,True,utf-8-sig,False
M3A_POSITIVE_WEIGHT_DOMINANCE_THEOREM_NUCLEUS_TC1_REFERENCE_TREES/C1/STAGE_C1_M3A_MINIMAL_EXACT_CHANNEL/CODE/independent_module_b.py,.py,1610,f418c09c7d318c0a244c4f2ec216897a6f5a824250218ab0df973715be972d4e,True,utf-8-sig,False
M3A_POSITIVE_WEIGHT_DOMINANCE_THEOREM_NUCLEUS_TC1_REFERENCE_TREES/C1/STAGE_C1_M3A_MINIMAL_EXACT_CHANNEL/CODE/requirements.txt,.txt,41,9aa556e0973f5e7b2c2bea9172616e1096f9eedd706184130320a88063741176,True,utf-8-sig,False
M3A_POSITIVE_WEIGHT_DOMINANCE_THEOREM_NUCLEUS_TC1_REFERENCE_TREES/C1/STAGE_C1_M3A_MINIMAL_EXACT_CHANNEL/CODE/run_c1_audit.py,.py,16114,4536fa4000fb4aefb1ba4da4479858a824a02c699c2d3026fb36294e2add11a9,True,utf-8-sig,False
M3A_POSITIVE_WEIGHT_DOMINANCE_THEOREM_NUCLEUS_TC1_REFERENCE_TREES/C1/STAGE_C1_M3A_MINIMAL_EXACT_CHANNEL/CODE/test_c1.py,.py,397,f02669f34f497ce5f3edf0353ccabe3e149b48e5ca08d8272835cf0d49130ae8,True,utf-8-sig,False
M3A_POSITIVE_WEIGHT_DOMINANCE_THEOREM_NUCLEUS_TC1_REFERENCE_TREES/C1/STAGE_C1_M3A_MINIMAL_EXACT_CHANNEL/COMPARISON_POLICY.json,.json,1007,52c7cf0fa2e1b5de018c85d480ea606ce14d913ff36a3c1735db959bf799ad2c,True,utf-8-sig,False
M3A_POSITIVE_WEIGHT_DOMINANCE_THEOREM_NUCLEUS_TC1_REFERENCE_TREES/C1/STAGE_C1_M3A_MINIMAL_EXACT_CHANNEL/COMPLEX_READOUT_CONVENTION.md,.md,489,0e9bb6ab33a466b2a24760ec7b492ab8c61539fc9f84b92e626ee3125f90a138,True,utf-8-sig,False
M3A_POSITIVE_WEIGHT_DOMINANCE_THEOREM_NUCLEUS_TC1_REFERENCE_TREES/C1/STAGE_C1_M3A_MINIMAL_EXACT_CHANNEL/COUNTEREXAMPLES.md,.md,1710,2264311a3d61bd27ed96ddb00139c89d1d22054455abb3635555b7a2583ff5f1,True,utf-8-sig,False
M3A_POSITIVE_WEIGHT_DOMINANCE_THEOREM_NUCLEUS_TC1_REFERENCE_TREES/C1/STAGE_C1_M3A_MINIMAL_EXACT_CHANNEL/DATA/audit_summary.csv,.csv,916,31c355b20cc681d756894895041b8d62c509a382b0fed168c29b8a81c1e271a8,True,utf-8-sig,False
M3A_POSITIVE_WEIGHT_DOMINANCE_THEOREM_NUCLEUS_TC1_REFERENCE_TREES/C1/STAGE_C1_M3A_MINIMAL_EXACT_CHANNEL/DATA/baseline_reproduction_summary.json,.json,680,59771192c169b72d7ddb482f9242ec8c8fbe2c5946788be6b83f9c4372b5653a,True,utf-8-sig,False
M3A_POSITIVE_WEIGHT_DOMINANCE_THEOREM_NUCLEUS_TC1_REFERENCE_TREES/C1/STAGE_C1_M3A_MINIMAL_EXACT_CHANNEL/DATA/c1_exact_results.json,.json,8279,5a2b3883937fd4c5f36561183c23fc7ec696e13e53b0c48aaed5a2fe00ba3c61,True,utf-8-sig,False
M3A_POSITIVE_WEIGHT_DOMINANCE_THEOREM_NUCLEUS_TC1_REFERENCE_TREES/C1/STAGE_C1_M3A_MINIMAL_EXACT_CHANNEL/DATA/c1_witness_archive.json,.json,21422,871bd83b2c17e793f7fb13279d3b9b2e41d2adcb70506498b97b864e779a8677,True,utf-8-sig,False
M3A_POSITIVE_WEIGHT_DOMINANCE_THEOREM_NUCLEUS_TC1_REFERENCE_TREES/C1/STAGE_C1_M3A_MINIMAL_EXACT_CHANNEL/DATA/exact_matrices.json,.json,2090,22f1e8f903a44673f0e98fbec9e9d01aa21ef6c396989c793f8498af938ff560,True,utf-8-sig,False
M3A_POSITIVE_WEIGHT_DOMINANCE_THEOREM_NUCLEUS_TC1_REFERENCE_TREES/C1/STAGE_C1_M3A_MINIMAL_EXACT_CHANNEL/DATA/independent_module_a.json,.json,357,abe0a90f152cabe0efb2e0210808cc5a4ce8f1c6fefd29a86f7b39239cb8d4cc,True,utf-8-sig,False
M3A_POSITIVE_WEIGHT_DOMINANCE_THEOREM_NUCLEUS_TC1_REFERENCE_TREES/C1/STAGE_C1_M3A_MINIMAL_EXACT_CHANNEL/DATA/independent_module_b.json,.json,124,5ca2774dd23c8803f9aff7eac2a18524ad3a7a962370b29c6132bd547649b04a,True,utf-8-sig,False
M3A_POSITIVE_WEIGHT_DOMINANCE_THEOREM_NUCLEUS_TC1_REFERENCE_TREES/C1/STAGE_C1_M3A_MINIMAL_EXACT_CHANNEL/DATA/input_inventory.json,.json,2261,4cfae870ec7af1dfaa1a109657ae95f6927dc45fbb4658f59f5bbabf299eadda,True,utf-8-sig,False
M3A_POSITIVE_WEIGHT_DOMINANCE_THEOREM_NUCLEUS_TC1_REFERENCE_TREES/C1/STAGE_C1_M3A_MINIMAL_EXACT_CHANNEL/DATA/internal_duplicate_groups.json,.json,5769,e1bd4ddebe9fb4762d78a5ca04d49453096139d36286c40e9d453bd5e5a7febf,True,utf-8-sig,False
M3A_POSITIVE_WEIGHT_DOMINANCE_THEOREM_NUCLEUS_TC1_REFERENCE_TREES/C1/STAGE_C1_M3A_MINIMAL_EXACT_CHANNEL/DATA/numerical_rank_control.json,.json,318,37d984a5c5b453db2cc725e1a3de1fca0267825d9b09e97aad21cc9e8d51db4b,True,utf-8-sig,False
M3A_POSITIVE_WEIGHT_DOMINANCE_THEOREM_NUCLEUS_TC1_REFERENCE_TREES/C1/STAGE_C1_M3A_MINIMAL_EXACT_CHANNEL/ENVIRONMENT_SPECIFICATION.txt,.txt,349,566f06e0e96a99e38c1b6d46f38256f12d948d7ce1d721aa5cb974122c82aea2,True,utf-8-sig,False
M3A_POSITIVE_WEIGHT_DOMINANCE_THEOREM_NUCLEUS_TC1_REFERENCE_TREES/C1/STAGE_C1_M3A_MINIMAL_EXACT_CHANNEL/EXACT_DARK_ZERO_CHANNEL.md,.md,829,b2d865b47fed63b09face39641d5ac5f7eedff3d102f512d27439a9328198d9b,True,utf-8-sig,False
M3A_POSITIVE_WEIGHT_DOMINANCE_THEOREM_NUCLEUS_TC1_REFERENCE_TREES/C1/STAGE_C1_M3A_MINIMAL_EXACT_CHANNEL/EXPECTED/audit_summary.csv,.csv,916,31c355b20cc681d756894895041b8d62c509a382b0fed168c29b8a81c1e271a8,False,,True
M3A_POSITIVE_WEIGHT_DOMINANCE_THEOREM_NUCLEUS_TC1_REFERENCE_TREES/C1/STAGE_C1_M3A_MINIMAL_EXACT_CHANNEL/EXPECTED/baseline_reproduction_summary.json,.json,680,59771192c169b72d7ddb482f9242ec8c8fbe2c5946788be6b83f9c4372b5653a,False,,True
M3A_POSITIVE_WEIGHT_DOMINANCE_THEOREM_NUCLEUS_TC1_REFERENCE_TREES/C1/STAGE_C1_M3A_MINIMAL_EXACT_CHANNEL/EXPECTED/c1_exact_results.json,.json,8279,5a2b3883937fd4c5f36561183c23fc7ec696e13e53b0c48aaed5a2fe00ba3c61,False,,True
M3A_POSITIVE_WEIGHT_DOMINANCE_THEOREM_NUCLEUS_TC1_REFERENCE_TREES/C1/STAGE_C1_M3A_MINIMAL_EXACT_CHANNEL/EXPECTED/c1_witness_archive.json,.json,21422,871bd83b2c17e793f7fb13279d3b9b2e41d2adcb70506498b97b864e779a8677,False,,True
M3A_POSITIVE_WEIGHT_DOMINANCE_THEOREM_NUCLEUS_TC1_REFERENCE_TREES/C1/STAGE_C1_M3A_MINIMAL_EXACT_CHANNEL/EXPECTED/exact_matrices.json,.json,2090,22f1e8f903a44673f0e98fbec9e9d01aa21ef6c396989c793f8498af938ff560,False,,True
M3A_POSITIVE_WEIGHT_DOMINANCE_THEOREM_NUCLEUS_TC1_REFERENCE_TREES/C1/STAGE_C1_M3A_MINIMAL_EXACT_CHANNEL/EXPECTED/independent_module_a.json,.json,357,abe0a90f152cabe0efb2e0210808cc5a4ce8f1c6fefd29a86f7b39239cb8d4cc,False,,True
M3A_POSITIVE_WEIGHT_DOMINANCE_THEOREM_NUCLEUS_TC1_REFERENCE_TREES/C1/STAGE_C1_M3A_MINIMAL_EXACT_CHANNEL/EXPECTED/independent_module_b.json,.json,124,5ca2774dd23c8803f9aff7eac2a18524ad3a7a962370b29c6132bd547649b04a,False,,True
M3A_POSITIVE_WEIGHT_DOMINANCE_THEOREM_NUCLEUS_TC1_REFERENCE_TREES/C1/STAGE_C1_M3A_MINIMAL_EXACT_CHANNEL/EXPECTED/input_inventory.json,.json,2261,4cfae870ec7af1dfaa1a109657ae95f6927dc45fbb4658f59f5bbabf299eadda,False,,True
M3A_POSITIVE_WEIGHT_DOMINANCE_THEOREM_NUCLEUS_TC1_REFERENCE_TREES/C1/STAGE_C1_M3A_MINIMAL_EXACT_CHANNEL/EXPECTED/internal_duplicate_groups.json,.json,5769,e1bd4ddebe9fb4762d78a5ca04d49453096139d36286c40e9d453bd5e5a7febf,False,,True
M3A_POSITIVE_WEIGHT_DOMINANCE_THEOREM_NUCLEUS_TC1_REFERENCE_TREES/C1/STAGE_C1_M3A_MINIMAL_EXACT_CHANNEL/EXPECTED/numerical_rank_control.json,.json,318,37d984a5c5b453db2cc725e1a3de1fca0267825d9b09e97aad21cc9e8d51db4b,False,,True
M3A_POSITIVE_WEIGHT_DOMINANCE_THEOREM_NUCLEUS_TC1_REFERENCE_TREES/C1/STAGE_C1_M3A_MINIMAL_EXACT_CHANNEL/EXPECTED_CANONICAL.sha256,.sha256,911,4ed294260007661c46ae656035a2ab9ea678a45db52e4889903f2200f876d9a5,False,,False
M3A_POSITIVE_WEIGHT_DOMINANCE_THEOREM_NUCLEUS_TC1_REFERENCE_TREES/C1/STAGE_C1_M3A_MINIMAL_EXACT_CHANNEL/FAILURE_LEDGER.md,.md,1484,abdef3ab12548a79129f991687e8d57e17a420e99e92a8a948959095163c8c32,True,utf-8-sig,False
M3A_POSITIVE_WEIGHT_DOMINANCE_THEOREM_NUCLEUS_TC1_REFERENCE_TREES/C1/STAGE_C1_M3A_MINIMAL_EXACT_CHANNEL/FINAL_STAGE_C1_ASSESSMENT.md,.md,2761,b2aa8e6684808d524765101524090966c4df476c4da02f67cdc68e1c42ac3650,True,utf-8-sig,False
M3A_POSITIVE_WEIGHT_DOMINANCE_THEOREM_NUCLEUS_TC1_REFERENCE_TREES/C1/STAGE_C1_M3A_MINIMAL_EXACT_CHANNEL/FINITE_RECONSTRUCTION_ALGORITHMS.md,.md,1589,892e28c3a1bc18d8a3164cea677c671ea54174279c46433973186a1bf20a4103,True,utf-8-sig,False
M3A_POSITIVE_WEIGHT_DOMINANCE_THEOREM_NUCLEUS_TC1_REFERENCE_TREES/C1/STAGE_C1_M3A_MINIMAL_EXACT_CHANNEL/FIRST_MARKOV_DEPTH_AUDIT.md,.md,966,36117cd1dfb101de26ee5fabe203bacd7f4e2609d96352fb1c3699a86e731f0a,True,utf-8-sig,False
M3A_POSITIVE_WEIGHT_DOMINANCE_THEOREM_NUCLEUS_TC1_REFERENCE_TREES/C1/STAGE_C1_M3A_MINIMAL_EXACT_CHANNEL/GENERAL_JORDAN_EXTENSION.md,.md,824,af96111c43d693fe25e9f64ef34bcf2891d01571c7a0fcf10f3fcb3f6c6699d0,True,utf-8-sig,False
M3A_POSITIVE_WEIGHT_DOMINANCE_THEOREM_NUCLEUS_TC1_REFERENCE_TREES/C1/STAGE_C1_M3A_MINIMAL_EXACT_CHANNEL/HERMITIAN_SPECTRAL_SPECIALISATION.md,.md,910,6ba4fdb5566c6dd9e5ab21cc8ece208f1e1ffe4a6928f7df711cc8697b3e0eee,True,utf-8-sig,False
M3A_POSITIVE_WEIGHT_DOMINANCE_THEOREM_NUCLEUS_TC1_REFERENCE_TREES/C1/STAGE_C1_M3A_MINIMAL_EXACT_CHANNEL/INPUT_ARCHIVES.sha256,.sha256,890,9991562a89bcb814b16ba73106ec34d6589270d7288a5513024b1829dfb55858,False,,False
M3A_POSITIVE_WEIGHT_DOMINANCE_THEOREM_NUCLEUS_TC1_REFERENCE_TREES/C1/STAGE_C1_M3A_MINIMAL_EXACT_CHANNEL/INPUT_INVENTORY_AND_HASHES.md,.md,3289,c181bd4f8e6625fd1e1380943a7418a7fe18393977bb0b1d5137615a3fc25882,True,utf-8-sig,False
M3A_POSITIVE_WEIGHT_DOMINANCE_THEOREM_NUCLEUS_TC1_REFERENCE_TREES/C1/STAGE_C1_M3A_MINIMAL_EXACT_CHANNEL/INPUTS/M3A_000029_exact_polynomial_certificate(3).zip,.zip,9415,6ec4425d54a3e69a10a91fa0d56c9241b67fdbfb1bc71428664cf3752eb5e72e,False,,False
M3A_POSITIVE_WEIGHT_DOMINANCE_THEOREM_NUCLEUS_TC1_REFERENCE_TREES/C1/STAGE_C1_M3A_MINIMAL_EXACT_CHANNEL/INPUTS/M3A_Finite_Channel_Calculus(2).zip,.zip,22104,ba72f8f40eccd7b6d096ee8738a7db24c95624fef024269e470f7068616bc536,False,,False
M3A_POSITIVE_WEIGHT_DOMINANCE_THEOREM_NUCLEUS_TC1_REFERENCE_TREES/C1/STAGE_C1_M3A_MINIMAL_EXACT_CHANNEL/INPUTS/M3A_Prior_Art_Corrected_Source(2).zip,.zip,372069,68312c63883c4ad3628f0b390927895eb604bdf1f69e27b9f5aba19b00129a67,False,,False
M3A_POSITIVE_WEIGHT_DOMINANCE_THEOREM_NUCLEUS_TC1_REFERENCE_TREES/C1/STAGE_C1_M3A_MINIMAL_EXACT_CHANNEL/INPUTS/M3A_Stage1_Consolidated_Audit_2026-07-21(6).zip,.zip,1437715,efb2b0f3b3c9b010f02e030a5d87bef71260142025d6d0d590a5de18d26432df,False,,False
M3A_POSITIVE_WEIGHT_DOMINANCE_THEOREM_NUCLEUS_TC1_REFERENCE_TREES/C1/STAGE_C1_M3A_MINIMAL_EXACT_CHANNEL/INPUTS/M3A_Stage2_Executed_Audit_2026-07-21(7).zip,.zip,208291,3057a32e3643bd4193557be1a8abc4cd68fb8a3127be018b8931847dc33d19fe,False,,False
M3A_POSITIVE_WEIGHT_DOMINANCE_THEOREM_NUCLEUS_TC1_REFERENCE_TREES/C1/STAGE_C1_M3A_MINIMAL_EXACT_CHANNEL/INPUTS/M3A_Stage3_Executed_Leakage_Attribution_2026-07-21(7).zip,.zip,769007,f319349139d52d449b6539e44b7e68948a7ffab244bc731cf98d422195597865,False,,False
M3A_POSITIVE_WEIGHT_DOMINANCE_THEOREM_NUCLEUS_TC1_REFERENCE_TREES/C1/STAGE_C1_M3A_MINIMAL_EXACT_CHANNEL/INPUTS/README.md,.md,222,cacb9fc71e4d1d385f4182c0db21ae322bfab2c6fbd047c9bfbf681044bd71a5,True,utf-8-sig,False
M3A_POSITIVE_WEIGHT_DOMINANCE_THEOREM_NUCLEUS_TC1_REFERENCE_TREES/C1/STAGE_C1_M3A_MINIMAL_EXACT_CHANNEL/INPUTS/STAGE_C1_INSTRUCTIONS.txt,.txt,50230,2cc66a89c719ae080f03cc2681e852d429ee8a9dfe50ccf667cef32c14e38548,True,utf-8-sig,False
M3A_POSITIVE_WEIGHT_DOMINANCE_THEOREM_NUCLEUS_TC1_REFERENCE_TREES/C1/STAGE_C1_M3A_MINIMAL_EXACT_CHANNEL/INPUTS/Stage_O1_Audit_PASS_WITH_REFINEMENTS(9).zip,.zip,37784,28cb0ac953e87d9cce1e07abdffb6fbaaa40c1c805786f306f8eb2a61fce9810,False,,False
M3A_POSITIVE_WEIGHT_DOMINANCE_THEOREM_NUCLEUS_TC1_REFERENCE_TREES/C1/STAGE_C1_M3A_MINIMAL_EXACT_CHANNEL/INPUTS/Stage_O2_Audit_FAIL_GEOMETRIC_HYPOTHESIS(8).zip,.zip,50302,d625640d91757bdf490196c503e3c2e79351e8fe2490c3d61094ac22273ba554,False,,False
M3A_POSITIVE_WEIGHT_DOMINANCE_THEOREM_NUCLEUS_TC1_REFERENCE_TREES/C1/STAGE_C1_M3A_MINIMAL_EXACT_CHANNEL/JET_CHANNEL_READINESS.md,.md,1626,da0bb8d49385739e205ee8e7a06734c8ff76b562c245bfae52141e5c919ef724,True,utf-8-sig,False
M3A_POSITIVE_WEIGHT_DOMINANCE_THEOREM_NUCLEUS_TC1_REFERENCE_TREES/C1/STAGE_C1_M3A_MINIMAL_EXACT_CHANNEL/MANIFEST.sha256,.sha256,7132,aa752422455b6ccdfab8de2b2dfcd69a348ee5b989f53667fab97a79acba4c56,False,,False
M3A_POSITIVE_WEIGHT_DOMINANCE_THEOREM_NUCLEUS_TC1_REFERENCE_TREES/C1/STAGE_C1_M3A_MINIMAL_EXACT_CHANNEL/MANIFEST_POLICY.md,.md,1318,ce98253bd86104012d31a93e8eb9de0697e5f0ef7191658e2c3349fe218633b8,True,utf-8-sig,False
M3A_POSITIVE_WEIGHT_DOMINANCE_THEOREM_NUCLEUS_TC1_REFERENCE_TREES/C1/STAGE_C1_M3A_MINIMAL_EXACT_CHANNEL/MIMO_SMITH_MCMILLAN_AUDIT.md,.md,907,f970f85331d97ab788d988caaddd714271ba3ff5265f3d406afe1b619047e6b1,True,utf-8-sig,False
M3A_POSITIVE_WEIGHT_DOMINANCE_THEOREM_NUCLEUS_TC1_REFERENCE_TREES/C1/STAGE_C1_M3A_MINIMAL_EXACT_CHANNEL/MINIMAL_REALISATION_AUDIT.md,.md,1178,e772224e6829f75d0f31ba6768cd9fab7a9921b6ce0831de6e3ed172cf056a0b,True,utf-8-sig,False
M3A_POSITIVE_WEIGHT_DOMINANCE_THEOREM_NUCLEUS_TC1_REFERENCE_TREES/C1/STAGE_C1_M3A_MINIMAL_EXACT_CHANNEL/NUMERICAL_RANK_FIREWALL.md,.md,795,6bf2eb950e96ba44d9bce227ea1b07f65cdef62078aa5f759d8aca3cad620e3c,True,utf-8-sig,False
M3A_POSITIVE_WEIGHT_DOMINANCE_THEOREM_NUCLEUS_TC1_REFERENCE_TREES/C1/STAGE_C1_M3A_MINIMAL_EXACT_CHANNEL/OPENING_THEOREM_READINESS_LEDGER.md,.md,1287,b681dc3c01b2a9a027e8afa36734e00239a989cc1e5936297425ea2775f0416e,True,utf-8-sig,False
M3A_POSITIVE_WEIGHT_DOMINANCE_THEOREM_NUCLEUS_TC1_REFERENCE_TREES/C1/STAGE_C1_M3A_MINIMAL_EXACT_CHANNEL/PACKAGING_REPAIR_R1_1.md,.md,1417,65e8e5a2d01b34903d53c0cea726762cfe9b1e46fed57a4afa5209c157fe0639,True,utf-8-sig,False
M3A_POSITIVE_WEIGHT_DOMINANCE_THEOREM_NUCLEUS_TC1_REFERENCE_TREES/C1/STAGE_C1_M3A_MINIMAL_EXACT_CHANNEL/PRIOR_ART_AUDIT.md,.md,4128,bb2f80c0ad6669e5e2c3f4c768005504ba0f8741ea2900857b432d7fe74f13da,True,utf-8-sig,False
M3A_POSITIVE_WEIGHT_DOMINANCE_THEOREM_NUCLEUS_TC1_REFERENCE_TREES/C1/STAGE_C1_M3A_MINIMAL_EXACT_CHANNEL/REACHABLE_OBSERVABLE_QUOTIENT.md,.md,979,f04c3dc4b7d0a634eb1b31e48308324c3ec18ddbca8783f70f2e2850654c00f5,True,utf-8-sig,False
M3A_POSITIVE_WEIGHT_DOMINANCE_THEOREM_NUCLEUS_TC1_REFERENCE_TREES/C1/STAGE_C1_M3A_MINIMAL_EXACT_CHANNEL/README.md,.md,986,f889b3cae3cf22046643989b49a96302874a675e9694715fb9784a6f5866dce1,True,utf-8-sig,False
M3A_POSITIVE_WEIGHT_DOMINANCE_THEOREM_NUCLEUS_TC1_REFERENCE_TREES/C1/STAGE_C1_M3A_MINIMAL_EXACT_CHANNEL/REPRODUCE.sh,.sh,3602,7ce0da9cafb7e300c618394579cd1852748be12feca09092bbdf651e7f540b4c,True,utf-8-sig,False
M3A_POSITIVE_WEIGHT_DOMINANCE_THEOREM_NUCLEUS_TC1_REFERENCE_TREES/C1/STAGE_C1_M3A_MINIMAL_EXACT_CHANNEL/REPRODUCIBILITY_PROTOCOL_R1_1.md,.md,1410,62f721d3c8d89dcb56e6eb50acbd2940e7a83f1b474d6fa7f02b45cc76a7c4a4,True,utf-8-sig,False
M3A_POSITIVE_WEIGHT_DOMINANCE_THEOREM_NUCLEUS_TC1_REFERENCE_TREES/C1/STAGE_C1_M3A_MINIMAL_EXACT_CHANNEL/SCALAR_RECURRENCE_AUDIT.md,.md,962,4ac6faa026ac992d1c02f04421c44ed41d66275fe39d68769a970abc4b17a49b,True,utf-8-sig,False
M3A_POSITIVE_WEIGHT_DOMINANCE_THEOREM_NUCLEUS_TC1_REFERENCE_TREES/C1/STAGE_C1_M3A_MINIMAL_EXACT_CHANNEL/TERMINOLOGY_LEDGER.md,.md,1415,a4088bc21fdc1f59c629e53563349e2243d92fa74cf3326720f95c8a9618117d,True,utf-8-sig,False
M3A_POSITIVE_WEIGHT_DOMINANCE_THEOREM_NUCLEUS_TC1_REFERENCE_TREES/C1/STAGE_C1_M3A_MINIMAL_EXACT_CHANNEL/THEOREM_CLASSIFICATION_LEDGER.md,.md,1329,57848ceef6aa1a95e079b98d787033290860de7dcbba34028ccb3f33ce01c2b8,True,utf-8-sig,False
M3A_POSITIVE_WEIGHT_DOMINANCE_THEOREM_NUCLEUS_TC1_REFERENCE_TREES/C1/STAGE_C1_M3A_MINIMAL_EXACT_CHANNEL/THEOREM_DEPENDENCY_GRAPH.md,.md,1720,9e9f45871544af7b7540fb47863dd3071b9a63b644e16a2c4861334177dbcacc,True,utf-8-sig,False
M3A_POSITIVE_WEIGHT_DOMINANCE_THEOREM_NUCLEUS_TC1_REFERENCE_TREES/C2/STAGE_C2_M3A_EXACT_DARK_LOCUS/ANALYTIC_ARC_AUDIT.md,.md,1101,0dcde82a9faf5f9555c76c7cd237333fbee1599ffaaf38c956b90b420cc62ee2,True,utf-8-sig,False
M3A_POSITIVE_WEIGHT_DOMINANCE_THEOREM_NUCLEUS_TC1_REFERENCE_TREES/C2/STAGE_C2_M3A_EXACT_DARK_LOCUS/ANALYTIC_VS_SMOOTH_FIREWALL.md,.md,914,e903808144691cf8e1407bb49ee128f9a5eda6f903d58d0b2cb49812ade55906,True,utf-8-sig,False
M3A_POSITIVE_WEIGHT_DOMINANCE_THEOREM_NUCLEUS_TC1_REFERENCE_TREES/C2/STAGE_C2_M3A_EXACT_DARK_LOCUS/C2_DEFINITIONS_LOCK.md,.md,2976,8a445ef15f76fc71692f8795cd96c5124ecd8132fe2c04aafd9d5ecafa01e309,True,utf-8-sig,False
M3A_POSITIVE_WEIGHT_DOMINANCE_THEOREM_NUCLEUS_TC1_REFERENCE_TREES/C2/STAGE_C2_M3A_EXACT_DARK_LOCUS/CERTIFICATE_COMPONENT_ATLAS.md,.md,1431,b7dbab7ad7266207d7ec82c7cc9d17d7d1a575436fb2313a1e8d63f8a8f8b332,True,utf-8-sig,False
M3A_POSITIVE_WEIGHT_DOMINANCE_THEOREM_NUCLEUS_TC1_REFERENCE_TREES/C2/STAGE_C2_M3A_EXACT_DARK_LOCUS/CLAIM_LEDGER.md,.md,1939,f88b45827e40a90303a17fec5bcee7c156d72ef0ec9003ec84c2df80998f597f,True,utf-8-sig,False
M3A_POSITIVE_WEIGHT_DOMINANCE_THEOREM_NUCLEUS_TC1_REFERENCE_TREES/C2/STAGE_C2_M3A_EXACT_DARK_LOCUS/CODE/c2_exact.py,.py,15853,01e8bd42199751c57077a75123ea6e69abf94ea76b6c5a04061e1613cdddbb79,True,utf-8-sig,False
M3A_POSITIVE_WEIGHT_DOMINANCE_THEOREM_NUCLEUS_TC1_REFERENCE_TREES/C2/STAGE_C2_M3A_EXACT_DARK_LOCUS/CODE/independent_module_a.py,.py,1556,451d3c73995ff93d8598e2bb1bb64415c1640438e5858a5d0e1dd1aa900940c6,True,utf-8-sig,False
M3A_POSITIVE_WEIGHT_DOMINANCE_THEOREM_NUCLEUS_TC1_REFERENCE_TREES/C2/STAGE_C2_M3A_EXACT_DARK_LOCUS/CODE/independent_module_b.py,.py,1918,73726d55aeae66193684f635bacc0615b597d1cbf05ff276d6c635e7992b53f7,True,utf-8-sig,False
M3A_POSITIVE_WEIGHT_DOMINANCE_THEOREM_NUCLEUS_TC1_REFERENCE_TREES/C2/STAGE_C2_M3A_EXACT_DARK_LOCUS/CODE/requirements.txt,.txt,28,c2e9e7c244ae7867606e6d8b3b0172d328e3f271edd51b3ef4f5451e407d8ca7,False,,True
M3A_POSITIVE_WEIGHT_DOMINANCE_THEOREM_NUCLEUS_TC1_REFERENCE_TREES/C2/STAGE_C2_M3A_EXACT_DARK_LOCUS/CODE/run_c2_audit.py,.py,1679,8175bb07f36c2c6621a12b05066ed4ff96e1aeb48594cb8f32b8895831375f43,True,utf-8-sig,False
M3A_POSITIVE_WEIGHT_DOMINANCE_THEOREM_NUCLEUS_TC1_REFERENCE_TREES/C2/STAGE_C2_M3A_EXACT_DARK_LOCUS/CODE/test_c2.py,.py,1597,4a8e3daac86d49275406c1baa3f6a6a43b26936043d2e3f8fca91d842bf3ef3d,True,utf-8-sig,False
M3A_POSITIVE_WEIGHT_DOMINANCE_THEOREM_NUCLEUS_TC1_REFERENCE_TREES/C2/STAGE_C2_M3A_EXACT_DARK_LOCUS/CODE/verify_hashlist.py,.py,733,adafc6d88a537ce893aa4303272fd9470d2b00aea9a05d399ff87706b83f9655,True,utf-8-sig,False
M3A_POSITIVE_WEIGHT_DOMINANCE_THEOREM_NUCLEUS_TC1_REFERENCE_TREES/C2/STAGE_C2_M3A_EXACT_DARK_LOCUS/COMPARISON_POLICY.json,.json,421,4bf7a29e9735f9803a28bc60e641bc6c802f8be6f209fcaff3753e077b2a603d,True,utf-8-sig,False
M3A_POSITIVE_WEIGHT_DOMINANCE_THEOREM_NUCLEUS_TC1_REFERENCE_TREES/C2/STAGE_C2_M3A_EXACT_DARK_LOCUS/COUNTEREXAMPLES.md,.md,1321,dcb120b140b2933e18028ab0b27130fdb02c5bbd8548686425d5a09b21cf2b40,True,utf-8-sig,False
M3A_POSITIVE_WEIGHT_DOMINANCE_THEOREM_NUCLEUS_TC1_REFERENCE_TREES/C2/STAGE_C2_M3A_EXACT_DARK_LOCUS/DATA/audit_summary.csv,.csv,856,2101e2984607a80951163747df343d6aae60bfa42e6650f29aceb5636aef7e3e,True,utf-8-sig,False
M3A_POSITIVE_WEIGHT_DOMINANCE_THEOREM_NUCLEUS_TC1_REFERENCE_TREES/C2/STAGE_C2_M3A_EXACT_DARK_LOCUS/DATA/c1_reproduction_summary.json,.json,508,7b0cf3b715ded104f2b4916ed3b02968694fb7f8af42308f5867abe0be8a659c,True,utf-8-sig,False
M3A_POSITIVE_WEIGHT_DOMINANCE_THEOREM_NUCLEUS_TC1_REFERENCE_TREES/C2/STAGE_C2_M3A_EXACT_DARK_LOCUS/DATA/c2_exact_results.json,.json,10626,2e7638cf0559f03b0e7683cdbf47f743ab8b4b0c1997e2b076e2026950a14160,True,utf-8-sig,False
M3A_POSITIVE_WEIGHT_DOMINANCE_THEOREM_NUCLEUS_TC1_REFERENCE_TREES/C2/STAGE_C2_M3A_EXACT_DARK_LOCUS/DATA/exact_control_archive.json,.json,5072,24275e017d55827a8820d554ba307174807a56fb31f6316c8e3489eae004c45b,True,utf-8-sig,False
M3A_POSITIVE_WEIGHT_DOMINANCE_THEOREM_NUCLEUS_TC1_REFERENCE_TREES/C2/STAGE_C2_M3A_EXACT_DARK_LOCUS/DATA/independent_module_a.json,.json,558,38d726c3b0c6120ffe3ece20ee4e9ca9d68ba273a5a15fbb55b72aa5c2c295eb,True,utf-8-sig,False
M3A_POSITIVE_WEIGHT_DOMINANCE_THEOREM_NUCLEUS_TC1_REFERENCE_TREES/C2/STAGE_C2_M3A_EXACT_DARK_LOCUS/DATA/independent_module_b.json,.json,733,5093579eac435df4a606401756be69761d8d71571723065604394be41da01900,True,utf-8-sig,False
M3A_POSITIVE_WEIGHT_DOMINANCE_THEOREM_NUCLEUS_TC1_REFERENCE_TREES/C2/STAGE_C2_M3A_EXACT_DARK_LOCUS/DATA/input_inventory.json,.json,15289,d171d564e4986821adc9402d3eee7f3947f25154d6edb4e64bd1c8ab00aaf3bc,True,utf-8-sig,False
M3A_POSITIVE_WEIGHT_DOMINANCE_THEOREM_NUCLEUS_TC1_REFERENCE_TREES/C2/STAGE_C2_M3A_EXACT_DARK_LOCUS/DATA/m3a_000029_dark_locus.json,.json,1249,5e65ad6d4fe322a326ac7f4cd274ce928b56379102b14b6f4603c16b718fc453,True,utf-8-sig,False
M3A_POSITIVE_WEIGHT_DOMINANCE_THEOREM_NUCLEUS_TC1_REFERENCE_TREES/C2/STAGE_C2_M3A_EXACT_DARK_LOCUS/DATA/moment_numerator_controls.json,.json,2216,dded4eb81178a491536e6b1124a19a84f529059fb6b1f5b31e2bd238fef40b4d,True,utf-8-sig,False
M3A_POSITIVE_WEIGHT_DOMINANCE_THEOREM_NUCLEUS_TC1_REFERENCE_TREES/C2/STAGE_C2_M3A_EXACT_DARK_LOCUS/DATA/path_contact_controls.json,.json,2654,1b281b838fcc4c644019cf7e27c7faadbfdde17196965a7c9dbc87c48bebf3e2,True,utf-8-sig,False
M3A_POSITIVE_WEIGHT_DOMINANCE_THEOREM_NUCLEUS_TC1_REFERENCE_TREES/C2/STAGE_C2_M3A_EXACT_DARK_LOCUS/DATA/prior_art_sources.json,.json,8776,eb5f0a0acf0cf93a452fa7999f85d9e9a67bea4bcafc466a31fb59d75d4ed618,True,utf-8-sig,False
M3A_POSITIVE_WEIGHT_DOMINANCE_THEOREM_NUCLEUS_TC1_REFERENCE_TREES/C2/STAGE_C2_M3A_EXACT_DARK_LOCUS/DATA/singularity_controls.json,.json,2121,03a7cf8a0de4555e1a5a577b4874e08c3e825d4acecf306a90b19de5188db7c0,True,utf-8-sig,False
M3A_POSITIVE_WEIGHT_DOMINANCE_THEOREM_NUCLEUS_TC1_REFERENCE_TREES/C2/STAGE_C2_M3A_EXACT_DARK_LOCUS/ENVIRONMENT_SPECIFICATION.txt,.txt,606,a10fc2b69576cde256232223316015c266831e5cfde23717199b752d3609255c,True,utf-8-sig,False
M3A_POSITIVE_WEIGHT_DOMINANCE_THEOREM_NUCLEUS_TC1_REFERENCE_TREES/C2/STAGE_C2_M3A_EXACT_DARK_LOCUS/EXACT_DARK_LOCUS_THEOREM.md,.md,1596,d6546cb7fd3b2e7e075aec21546da4a47fed09c7c869b169cc4d8d44a7b81747,True,utf-8-sig,False
M3A_POSITIVE_WEIGHT_DOMINANCE_THEOREM_NUCLEUS_TC1_REFERENCE_TREES/C2/STAGE_C2_M3A_EXACT_DARK_LOCUS/EXPECTED/audit_summary.csv,.csv,856,2101e2984607a80951163747df343d6aae60bfa42e6650f29aceb5636aef7e3e,False,,True
M3A_POSITIVE_WEIGHT_DOMINANCE_THEOREM_NUCLEUS_TC1_REFERENCE_TREES/C2/STAGE_C2_M3A_EXACT_DARK_LOCUS/EXPECTED/c2_exact_results.json,.json,10626,2e7638cf0559f03b0e7683cdbf47f743ab8b4b0c1997e2b076e2026950a14160,False,,True
M3A_POSITIVE_WEIGHT_DOMINANCE_THEOREM_NUCLEUS_TC1_REFERENCE_TREES/C2/STAGE_C2_M3A_EXACT_DARK_LOCUS/EXPECTED/exact_control_archive.json,.json,5072,24275e017d55827a8820d554ba307174807a56fb31f6316c8e3489eae004c45b,False,,True
M3A_POSITIVE_WEIGHT_DOMINANCE_THEOREM_NUCLEUS_TC1_REFERENCE_TREES/C2/STAGE_C2_M3A_EXACT_DARK_LOCUS/EXPECTED/independent_module_a.json,.json,558,38d726c3b0c6120ffe3ece20ee4e9ca9d68ba273a5a15fbb55b72aa5c2c295eb,False,,True
M3A_POSITIVE_WEIGHT_DOMINANCE_THEOREM_NUCLEUS_TC1_REFERENCE_TREES/C2/STAGE_C2_M3A_EXACT_DARK_LOCUS/EXPECTED/independent_module_b.json,.json,733,5093579eac435df4a606401756be69761d8d71571723065604394be41da01900,False,,True
M3A_POSITIVE_WEIGHT_DOMINANCE_THEOREM_NUCLEUS_TC1_REFERENCE_TREES/C2/STAGE_C2_M3A_EXACT_DARK_LOCUS/EXPECTED/m3a_000029_dark_locus.json,.json,1249,5e65ad6d4fe322a326ac7f4cd274ce928b56379102b14b6f4603c16b718fc453,False,,True
M3A_POSITIVE_WEIGHT_DOMINANCE_THEOREM_NUCLEUS_TC1_REFERENCE_TREES/C2/STAGE_C2_M3A_EXACT_DARK_LOCUS/EXPECTED/moment_numerator_controls.json,.json,2216,dded4eb81178a491536e6b1124a19a84f529059fb6b1f5b31e2bd238fef40b4d,False,,True
M3A_POSITIVE_WEIGHT_DOMINANCE_THEOREM_NUCLEUS_TC1_REFERENCE_TREES/C2/STAGE_C2_M3A_EXACT_DARK_LOCUS/EXPECTED/path_contact_controls.json,.json,2654,1b281b838fcc4c644019cf7e27c7faadbfdde17196965a7c9dbc87c48bebf3e2,False,,True
M3A_POSITIVE_WEIGHT_DOMINANCE_THEOREM_NUCLEUS_TC1_REFERENCE_TREES/C2/STAGE_C2_M3A_EXACT_DARK_LOCUS/EXPECTED/singularity_controls.json,.json,2121,03a7cf8a0de4555e1a5a577b4874e08c3e825d4acecf306a90b19de5188db7c0,False,,True
M3A_POSITIVE_WEIGHT_DOMINANCE_THEOREM_NUCLEUS_TC1_REFERENCE_TREES/C2/STAGE_C2_M3A_EXACT_DARK_LOCUS/EXPECTED_CANONICAL.sha256,.sha256,824,1229fce8c11200997d58bbe7196768ff3047703b972b5045126b0e424b561c47,False,,False
M3A_POSITIVE_WEIGHT_DOMINANCE_THEOREM_NUCLEUS_TC1_REFERENCE_TREES/C2/STAGE_C2_M3A_EXACT_DARK_LOCUS/FAILURE_LEDGER.md,.md,1395,f13c48566e83a021376e7fa0664dc64cc08eb7f506fe26bc125e6a961a5509d4,True,utf-8-sig,False
M3A_POSITIVE_WEIGHT_DOMINANCE_THEOREM_NUCLEUS_TC1_REFERENCE_TREES/C2/STAGE_C2_M3A_EXACT_DARK_LOCUS/FINAL_STAGE_C2_ASSESSMENT.md,.md,3133,fb541f24a7fe3e77959c6f3be4e0ba353c20ba3ae7301d4685ecc193d2e700c4,True,utf-8-sig,False
M3A_POSITIVE_WEIGHT_DOMINANCE_THEOREM_NUCLEUS_TC1_REFERENCE_TREES/C2/STAGE_C2_M3A_EXACT_DARK_LOCUS/FINITE_MOMENT_EQUATIONS.md,.md,1190,8d07807acc0866f06e6b7b05242fe0e0e4383bf97c1f6d8c2e5b84d969ca446b,True,utf-8-sig,False
M3A_POSITIVE_WEIGHT_DOMINANCE_THEOREM_NUCLEUS_TC1_REFERENCE_TREES/C2/STAGE_C2_M3A_EXACT_DARK_LOCUS/FIRST_OPENING_Q_BOUND.md,.md,1009,af7239dde983cef6a6187396ab9602c075d4eedceba82e1e3992d66a03027e8c,True,utf-8-sig,False
M3A_POSITIVE_WEIGHT_DOMINANCE_THEOREM_NUCLEUS_TC1_REFERENCE_TREES/C2/STAGE_C2_M3A_EXACT_DARK_LOCUS/INPUT_ARCHIVES.sha256,.sha256,1237,b49b1f80273b8bcbcd2bf72a6c7008471221a9c0c2866703673c2937f406a87c,False,,False
M3A_POSITIVE_WEIGHT_DOMINANCE_THEOREM_NUCLEUS_TC1_REFERENCE_TREES/C2/STAGE_C2_M3A_EXACT_DARK_LOCUS/INPUT_INVENTORY_AND_HASHES.md,.md,3311,4fac3aabf5b63009b750f033533191ee090006922d79b29d0c4b4daef764cfbd,True,utf-8-sig,False
M3A_POSITIVE_WEIGHT_DOMINANCE_THEOREM_NUCLEUS_TC1_REFERENCE_TREES/C2/STAGE_C2_M3A_EXACT_DARK_LOCUS/INPUTS/BRIDGE_STAGE_B1_PASS_COMMON_SCHEMA_WITH_REFINEMENTS.zip,.zip,656611,f818f0720c5f2f59f9761e585402a8fc0ae014de2f75dd0275dd33ab7d6cec41,False,,False
M3A_POSITIVE_WEIGHT_DOMINANCE_THEOREM_NUCLEUS_TC1_REFERENCE_TREES/C2/STAGE_C2_M3A_EXACT_DARK_LOCUS/INPUTS/M3A_000029_exact_polynomial_certificate.zip,.zip,9415,6ec4425d54a3e69a10a91fa0d56c9241b67fdbfb1bc71428664cf3752eb5e72e,False,,False
M3A_POSITIVE_WEIGHT_DOMINANCE_THEOREM_NUCLEUS_TC1_REFERENCE_TREES/C2/STAGE_C2_M3A_EXACT_DARK_LOCUS/INPUTS/M3A_Finite_Channel_Calculus.zip,.zip,22104,ba72f8f40eccd7b6d096ee8738a7db24c95624fef024269e470f7068616bc536,False,,False
M3A_POSITIVE_WEIGHT_DOMINANCE_THEOREM_NUCLEUS_TC1_REFERENCE_TREES/C2/STAGE_C2_M3A_EXACT_DARK_LOCUS/INPUTS/M3A_Prior_Art_Corrected_Source.zip,.zip,372069,68312c63883c4ad3628f0b390927895eb604bdf1f69e27b9f5aba19b00129a67,False,,False
M3A_POSITIVE_WEIGHT_DOMINANCE_THEOREM_NUCLEUS_TC1_REFERENCE_TREES/C2/STAGE_C2_M3A_EXACT_DARK_LOCUS/INPUTS/M3A_Stage2_Executed_Audit_2026-07-21.zip,.zip,208291,3057a32e3643bd4193557be1a8abc4cd68fb8a3127be018b8931847dc33d19fe,False,,False
M3A_POSITIVE_WEIGHT_DOMINANCE_THEOREM_NUCLEUS_TC1_REFERENCE_TREES/C2/STAGE_C2_M3A_EXACT_DARK_LOCUS/INPUTS/M3A_Stage3_Executed_Leakage_Attribution_2026-07-21.zip,.zip,769007,f319349139d52d449b6539e44b7e68948a7ffab244bc731cf98d422195597865,False,,False
M3A_POSITIVE_WEIGHT_DOMINANCE_THEOREM_NUCLEUS_TC1_REFERENCE_TREES/C2/STAGE_C2_M3A_EXACT_DARK_LOCUS/INPUTS/STAGE_C1_M3A_MINIMAL_EXACT_CHANNEL_2026-07-26_R1_1_REPAIRED.zip,.zip,2933551,6a020f1825feaa4eed246ec7d326ce8f8fa43e6a719535695a00c9b37bdc4eaf,False,,False
M3A_POSITIVE_WEIGHT_DOMINANCE_THEOREM_NUCLEUS_TC1_REFERENCE_TREES/C2/STAGE_C2_M3A_EXACT_DARK_LOCUS/INPUTS/STAGE_C1_M3A_MINIMAL_EXACT_CHANNEL_2026-07-26_R1_1_REPAIRED.zip.sha256,.sha256,130,507bb1deb026fb9b7d9ee1c76a4a28a8717d8db85f2c7c6f2750ea38a61563bf,False,,False
M3A_POSITIVE_WEIGHT_DOMINANCE_THEOREM_NUCLEUS_TC1_REFERENCE_TREES/C2/STAGE_C2_M3A_EXACT_DARK_LOCUS/INPUTS/STAGE_C2_SPECIFICATION.txt,.txt,50910,33437afc84d8702432b8d4491256f04e09035a7a4efb51cc0b7b63d12011e51f,True,utf-8-sig,False
M3A_POSITIVE_WEIGHT_DOMINANCE_THEOREM_NUCLEUS_TC1_REFERENCE_TREES/C2/STAGE_C2_M3A_EXACT_DARK_LOCUS/INPUTS/Stage_O1_Audit_PASS_WITH_REFINEMENTS.zip,.zip,37784,28cb0ac953e87d9cce1e07abdffb6fbaaa40c1c805786f306f8eb2a61fce9810,False,,False
M3A_POSITIVE_WEIGHT_DOMINANCE_THEOREM_NUCLEUS_TC1_REFERENCE_TREES/C2/STAGE_C2_M3A_EXACT_DARK_LOCUS/INPUTS/Stage_O2_Audit_FAIL_GEOMETRIC_HYPOTHESIS.zip,.zip,50302,d625640d91757bdf490196c503e3c2e79351e8fe2490c3d61094ac22273ba554,False,,False
M3A_POSITIVE_WEIGHT_DOMINANCE_THEOREM_NUCLEUS_TC1_REFERENCE_TREES/C2/STAGE_C2_M3A_EXACT_DARK_LOCUS/LEADING_COEFFICIENT_CHANNEL_LEMMA.md,.md,1034,caed43e5e91cfd5477b1fa19c10f1bf3f9bb56235c880aaf49b36a8b97b9efb0,True,utf-8-sig,False
M3A_POSITIVE_WEIGHT_DOMINANCE_THEOREM_NUCLEUS_TC1_REFERENCE_TREES/C2/STAGE_C2_M3A_EXACT_DARK_LOCUS/M3A_000029_DARK_LOCUS.md,.md,1926,60c4248a894933fe5be7f8dc0c30ff2b4d6599aa2a46db34da139a979b9a8443,True,utf-8-sig,False
M3A_POSITIVE_WEIGHT_DOMINANCE_THEOREM_NUCLEUS_TC1_REFERENCE_TREES/C2/STAGE_C2_M3A_EXACT_DARK_LOCUS/MANIFEST.sha256,.sha256,7591,ba9da3bc6f932bf28d325e79a63ffaaa4955fa9248f72a600e95843b05ab0ec5,False,,False
M3A_POSITIVE_WEIGHT_DOMINANCE_THEOREM_NUCLEUS_TC1_REFERENCE_TREES/C2/STAGE_C2_M3A_EXACT_DARK_LOCUS/MANIFEST_POLICY.md,.md,568,85c5009a653fa556d241e5031c8eb098196aa1f52be1f4e865ce064dce4a86a8,True,utf-8-sig,False
M3A_POSITIVE_WEIGHT_DOMINANCE_THEOREM_NUCLEUS_TC1_REFERENCE_TREES/C2/STAGE_C2_M3A_EXACT_DARK_LOCUS/MOMENT_NUMERATOR_IDEAL_EQUIVALENCE.md,.md,1594,36e85535d71abdcec6c213c092d381097ab8183c75ae3c8e542e2355b78b5e31,True,utf-8-sig,False
M3A_POSITIVE_WEIGHT_DOMINANCE_THEOREM_NUCLEUS_TC1_REFERENCE_TREES/C2/STAGE_C2_M3A_EXACT_DARK_LOCUS/NUMERATOR_COEFFICIENT_EQUATIONS.md,.md,959,99014707c335dd63e45c92cf909da87157814066c62209b8720931e32bbd44f0,True,utf-8-sig,False
M3A_POSITIVE_WEIGHT_DOMINANCE_THEOREM_NUCLEUS_TC1_REFERENCE_TREES/C2/STAGE_C2_M3A_EXACT_DARK_LOCUS/PARAMETER_FAMILY_MAP.md,.md,1025,a2904d25a0c61ddd0ee0aab25605b66d8127f94c78990723e0c97ac5037353b9,True,utf-8-sig,False
M3A_POSITIVE_WEIGHT_DOMINANCE_THEOREM_NUCLEUS_TC1_REFERENCE_TREES/C2/STAGE_C2_M3A_EXACT_DARK_LOCUS/PATH_CONTACT_ORDER.md,.md,1114,233ede467f94b65c793effc04353584136b7f19c36c41d37baaa6d0dad4a3939,True,utf-8-sig,False
M3A_POSITIVE_WEIGHT_DOMINANCE_THEOREM_NUCLEUS_TC1_REFERENCE_TREES/C2/STAGE_C2_M3A_EXACT_DARK_LOCUS/POLYNOMIAL_RATIONAL_ANALYTIC_SCOPE.md,.md,1667,ad58ce96116d0c4380b3d63415e15a6881ae61f6183641604c057745fa1219ce,True,utf-8-sig,False
M3A_POSITIVE_WEIGHT_DOMINANCE_THEOREM_NUCLEUS_TC1_REFERENCE_TREES/C2/STAGE_C2_M3A_EXACT_DARK_LOCUS/PQ_THEOREM_READINESS_LEDGER.md,.md,1698,0a1743ff6b20cd9f9171745394f23313a938a77e2a9dd3439526c2a5e420965f,True,utf-8-sig,False
M3A_POSITIVE_WEIGHT_DOMINANCE_THEOREM_NUCLEUS_TC1_REFERENCE_TREES/C2/STAGE_C2_M3A_EXACT_DARK_LOCUS/PRIOR_ART_AUDIT.md,.md,6313,854a01e50ba5d184e73d209d9bf0cc421d292a5987df7087e4b45d6d94d616fb,True,utf-8-sig,False
M3A_POSITIVE_WEIGHT_DOMINANCE_THEOREM_NUCLEUS_TC1_REFERENCE_TREES/C2/STAGE_C2_M3A_EXACT_DARK_LOCUS/README.md,.md,416,22c78febcd88832abf3af7c132812daca9fdd75b8062053c80df64252412e99a,True,utf-8-sig,False
M3A_POSITIVE_WEIGHT_DOMINANCE_THEOREM_NUCLEUS_TC1_REFERENCE_TREES/C2/STAGE_C2_M3A_EXACT_DARK_LOCUS/REAL_COMPLEX_LOCUS_AUDIT.md,.md,1278,8c91b2c69707858dfca468d338f7d9c718fa03c37f8e62aa74e7d94f401b1dbc,True,utf-8-sig,False
M3A_POSITIVE_WEIGHT_DOMINANCE_THEOREM_NUCLEUS_TC1_REFERENCE_TREES/C2/STAGE_C2_M3A_EXACT_DARK_LOCUS/REDUCED_SET_VS_MULTIPLICITY.md,.md,676,ffa2d7cac6fb1bae576aedf81bba7586c877a33126bea9fc32cfa86ddabf51fd,True,utf-8-sig,False
M3A_POSITIVE_WEIGHT_DOMINANCE_THEOREM_NUCLEUS_TC1_REFERENCE_TREES/C2/STAGE_C2_M3A_EXACT_DARK_LOCUS/REGULAR_POINT_GEOMETRY.md,.md,1219,8433e1c1a5ed2f4276426f288991409b2d7116a0b99943bd6b903a46e675c985,True,utf-8-sig,False
M3A_POSITIVE_WEIGHT_DOMINANCE_THEOREM_NUCLEUS_TC1_REFERENCE_TREES/C2/STAGE_C2_M3A_EXACT_DARK_LOCUS/REPARAMETRISATION_AUDIT.md,.md,710,6281d2e26858b7473092a8b6a287820484755c829298b993cbc974a7ebc25618,True,utf-8-sig,False
M3A_POSITIVE_WEIGHT_DOMINANCE_THEOREM_NUCLEUS_TC1_REFERENCE_TREES/C2/STAGE_C2_M3A_EXACT_DARK_LOCUS/REPRESENTATION_INVARIANCE.md,.md,1849,c8fded166ae5b1433fb1ac8474c31a08966a8df1a55078d7426541931c676ef0,True,utf-8-sig,False
M3A_POSITIVE_WEIGHT_DOMINANCE_THEOREM_NUCLEUS_TC1_REFERENCE_TREES/C2/STAGE_C2_M3A_EXACT_DARK_LOCUS/REPRODUCE.sh,.sh,3408,200d5f0c71dc7f602b35fd40e8da8e7a20534150f7ce938c77137fdebf7de0d8,True,utf-8-sig,False
M3A_POSITIVE_WEIGHT_DOMINANCE_THEOREM_NUCLEUS_TC1_REFERENCE_TREES/C2/STAGE_C2_M3A_EXACT_DARK_LOCUS/REPRODUCIBILITY_PROTOCOL_R1_1.md,.md,956,844689c225afc6aa7943773812648e638b2725874db69eca3a8e2880a060bd7c,True,utf-8-sig,False
M3A_POSITIVE_WEIGHT_DOMINANCE_THEOREM_NUCLEUS_TC1_REFERENCE_TREES/C2/STAGE_C2_M3A_EXACT_DARK_LOCUS/SINGULARITY_AUDIT.md,.md,1472,6d5ffdc46462626f18d7c46415825fb5cbdd0982ab2165445f1887c3411afe82,True,utf-8-sig,False
M3A_POSITIVE_WEIGHT_DOMINANCE_THEOREM_NUCLEUS_TC1_REFERENCE_TREES/C2/STAGE_C2_M3A_EXACT_DARK_LOCUS/TANGENT_SPACE_AND_TANGENT_CONE.md,.md,1052,ba34e9e8c5c13538b1ada9f0a83aa14b4a8ae7e71afc83d352125a58ccdd8fb8,True,utf-8-sig,False
M3A_POSITIVE_WEIGHT_DOMINANCE_THEOREM_NUCLEUS_TC1_REFERENCE_TREES/C2/STAGE_C2_M3A_EXACT_DARK_LOCUS/TERMINOLOGY_LEDGER.md,.md,1525,9cfada12e4f3f0b01a3df0f6842806764123c45df637439f8d700a24b39f0354,True,utf-8-sig,False
M3A_POSITIVE_WEIGHT_DOMINANCE_THEOREM_NUCLEUS_TC1_REFERENCE_TREES/C2/STAGE_C2_M3A_EXACT_DARK_LOCUS/THEOREM_CLASSIFICATION_LEDGER.md,.md,1706,f5ba619afd2a7dc1751b0ae0190163a8961a38cc85670f10fa1f9d532034fd3c,True,utf-8-sig,False
M3A_POSITIVE_WEIGHT_DOMINANCE_THEOREM_NUCLEUS_TC1_REFERENCE_TREES/C2/STAGE_C2_M3A_EXACT_DARK_LOCUS/THEOREM_DEPENDENCY_GRAPH.md,.md,3135,4ec5b922e8f30d52b47bccb4bc2ab9818474dc3841b0cb2cbfc0489f988fedd8,True,utf-8-sig,False
M3A_POSITIVE_WEIGHT_DOMINANCE_THEOREM_NUCLEUS_TC1_REFERENCE_TREES/C3/STAGE_C3_M3A_LEXICOGRAPHIC_OPENING/C3_DEFINITIONS_LOCK.md,.md,1900,a025a2e9fe557935207b53d38e6a91291a2f37711948147a76310be1896400b6,False,,True
M3A_POSITIVE_WEIGHT_DOMINANCE_THEOREM_NUCLEUS_TC1_REFERENCE_TREES/C3/STAGE_C3_M3A_LEXICOGRAPHIC_OPENING/CLAIM_LEDGER.md,.md,1595,1498e96b841f8dd4bf5b44aaffd3c6fdd79ce10606898f603ca00f4aee389ad1,False,,True
M3A_POSITIVE_WEIGHT_DOMINANCE_THEOREM_NUCLEUS_TC1_REFERENCE_TREES/C3/STAGE_C3_M3A_LEXICOGRAPHIC_OPENING/CODE/c3_exact.py,.py,23955,159d4cdb61f551e95544dd99316f8ca849d07769b8009cd03a6655a1166efeb0,False,,True
M3A_POSITIVE_WEIGHT_DOMINANCE_THEOREM_NUCLEUS_TC1_REFERENCE_TREES/C3/STAGE_C3_M3A_LEXICOGRAPHIC_OPENING/CODE/independent_module_a.py,.py,3428,605ffc2840c0d6f037f1694d80f603a9a31807926d857abd1a2cda1434588ff5,False,,True
M3A_POSITIVE_WEIGHT_DOMINANCE_THEOREM_NUCLEUS_TC1_REFERENCE_TREES/C3/STAGE_C3_M3A_LEXICOGRAPHIC_OPENING/CODE/independent_module_b.py,.py,4020,e278f1bd5ebd0ab6f9f1cab5a374a139cd699239ccc392ae0146ae2dd6155c3c,False,,True
M3A_POSITIVE_WEIGHT_DOMINANCE_THEOREM_NUCLEUS_TC1_REFERENCE_TREES/C3/STAGE_C3_M3A_LEXICOGRAPHIC_OPENING/CODE/requirements.txt,.txt,41,1db307368f60237b9971bf8255a1b91d9e178b01a9e997e03716fc319b9a311c,False,,True
M3A_POSITIVE_WEIGHT_DOMINANCE_THEOREM_NUCLEUS_TC1_REFERENCE_TREES/C3/STAGE_C3_M3A_LEXICOGRAPHIC_OPENING/CODE/run_c3_audit.py,.py,2068,844563ca1c62322bcbfeeac127b1f5bc9f55283ae0b478bdfffe066e0ec6f390,False,,True
M3A_POSITIVE_WEIGHT_DOMINANCE_THEOREM_NUCLEUS_TC1_REFERENCE_TREES/C3/STAGE_C3_M3A_LEXICOGRAPHIC_OPENING/CODE/test_c3.py,.py,1931,f22aa962b659f57ed0382c2eb6dfcc492413ce676b5fcd4e02e7920014b2a80c,False,,True
M3A_POSITIVE_WEIGHT_DOMINANCE_THEOREM_NUCLEUS_TC1_REFERENCE_TREES/C3/STAGE_C3_M3A_LEXICOGRAPHIC_OPENING/COMPARISON_POLICY.json,.json,498,2297c6894c7a3d97a372e467d91ee728d9fa14b1cf7f7af948be96eee44d1e08,False,,True
M3A_POSITIVE_WEIGHT_DOMINANCE_THEOREM_NUCLEUS_TC1_REFERENCE_TREES/C3/STAGE_C3_M3A_LEXICOGRAPHIC_OPENING/COUNTEREXAMPLES.md,.md,1135,23974041788ad79d8f4682101a79cf2de7a488681dea2bc7038c446c08b28b51,False,,True
M3A_POSITIVE_WEIGHT_DOMINANCE_THEOREM_NUCLEUS_TC1_REFERENCE_TREES/C3/STAGE_C3_M3A_LEXICOGRAPHIC_OPENING/DATA/asymptotic_controls.json,.json,1909,f409a293c2011147ff35fb7b01b7fd1f7f4f450458cc4d3f5635a9c39a8279d2,False,,True
M3A_POSITIVE_WEIGHT_DOMINANCE_THEOREM_NUCLEUS_TC1_REFERENCE_TREES/C3/STAGE_C3_M3A_LEXICOGRAPHIC_OPENING/DATA/audit_summary.csv,.csv,1044,fa6307fc4e04b0830c7caa62dad80f680624ecf7c8ba98a96fe7c0e76b2fe732,False,,True
M3A_POSITIVE_WEIGHT_DOMINANCE_THEOREM_NUCLEUS_TC1_REFERENCE_TREES/C3/STAGE_C3_M3A_LEXICOGRAPHIC_OPENING/DATA/c3_exact_results.json,.json,16428,6cd579b3efae316b54a5659ee23b1d9df847e27562d48ab1d46d57b025791418,False,,True
M3A_POSITIVE_WEIGHT_DOMINANCE_THEOREM_NUCLEUS_TC1_REFERENCE_TREES/C3/STAGE_C3_M3A_LEXICOGRAPHIC_OPENING/DATA/covariance_controls.json,.json,2680,c6e3b1fc9b35ae28d496ac3812d862a28d6f1b329cb1bc5e93d649d4386eb497,False,,True
M3A_POSITIVE_WEIGHT_DOMINANCE_THEOREM_NUCLEUS_TC1_REFERENCE_TREES/C3/STAGE_C3_M3A_LEXICOGRAPHIC_OPENING/DATA/exact_control_archive.json,.json,1373,baf985bdd869f87091597846670e68da8f91e31b6c3d7d51051564b66e138dc3,False,,True
M3A_POSITIVE_WEIGHT_DOMINANCE_THEOREM_NUCLEUS_TC1_REFERENCE_TREES/C3/STAGE_C3_M3A_LEXICOGRAPHIC_OPENING/DATA/independent_module_a.json,.json,2855,8a650c5bbad3db839c44998e98567149b8c3b0881289491ad5b00e53d36c97ec,False,,True
M3A_POSITIVE_WEIGHT_DOMINANCE_THEOREM_NUCLEUS_TC1_REFERENCE_TREES/C3/STAGE_C3_M3A_LEXICOGRAPHIC_OPENING/DATA/independent_module_b.json,.json,731,7aca7775f3523cd3ebcd41ad9389c262ba37abeb11996d0480e23714a2ca23cc,False,,True
M3A_POSITIVE_WEIGHT_DOMINANCE_THEOREM_NUCLEUS_TC1_REFERENCE_TREES/C3/STAGE_C3_M3A_LEXICOGRAPHIC_OPENING/DATA/m3a_000029_c3.json,.json,921,9bcdbfb08806854fc9a83a542f138e8e3747d0704fad980b36e1269bf25f2498,False,,True
M3A_POSITIVE_WEIGHT_DOMINANCE_THEOREM_NUCLEUS_TC1_REFERENCE_TREES/C3/STAGE_C3_M3A_LEXICOGRAPHIC_OPENING/DATA/mixed_jet_controls.json,.json,9054,e25bd864056c4c3171d5898635950ac407efbeed01e78eda8071070f3a907bbc,False,,True
M3A_POSITIVE_WEIGHT_DOMINANCE_THEOREM_NUCLEUS_TC1_REFERENCE_TREES/C3/STAGE_C3_M3A_LEXICOGRAPHIC_OPENING/ENVIRONMENT_SPECIFICATION.txt,.txt,505,26e55a9a099751ee8411899d53aa18e154c353d30764c7eae901a894218228a2,False,,True
M3A_POSITIVE_WEIGHT_DOMINANCE_THEOREM_NUCLEUS_TC1_REFERENCE_TREES/C3/STAGE_C3_M3A_LEXICOGRAPHIC_OPENING/EXPECTED/asymptotic_controls.json,.json,1909,f409a293c2011147ff35fb7b01b7fd1f7f4f450458cc4d3f5635a9c39a8279d2,False,,True
M3A_POSITIVE_WEIGHT_DOMINANCE_THEOREM_NUCLEUS_TC1_REFERENCE_TREES/C3/STAGE_C3_M3A_LEXICOGRAPHIC_OPENING/EXPECTED/audit_summary.csv,.csv,1044,fa6307fc4e04b0830c7caa62dad80f680624ecf7c8ba98a96fe7c0e76b2fe732,False,,True
M3A_POSITIVE_WEIGHT_DOMINANCE_THEOREM_NUCLEUS_TC1_REFERENCE_TREES/C3/STAGE_C3_M3A_LEXICOGRAPHIC_OPENING/EXPECTED/c3_exact_results.json,.json,16428,6cd579b3efae316b54a5659ee23b1d9df847e27562d48ab1d46d57b025791418,False,,True
M3A_POSITIVE_WEIGHT_DOMINANCE_THEOREM_NUCLEUS_TC1_REFERENCE_TREES/C3/STAGE_C3_M3A_LEXICOGRAPHIC_OPENING/EXPECTED/covariance_controls.json,.json,2680,c6e3b1fc9b35ae28d496ac3812d862a28d6f1b329cb1bc5e93d649d4386eb497,False,,True
M3A_POSITIVE_WEIGHT_DOMINANCE_THEOREM_NUCLEUS_TC1_REFERENCE_TREES/C3/STAGE_C3_M3A_LEXICOGRAPHIC_OPENING/EXPECTED/exact_control_archive.json,.json,1373,baf985bdd869f87091597846670e68da8f91e31b6c3d7d51051564b66e138dc3,False,,True
M3A_POSITIVE_WEIGHT_DOMINANCE_THEOREM_NUCLEUS_TC1_REFERENCE_TREES/C3/STAGE_C3_M3A_LEXICOGRAPHIC_OPENING/EXPECTED/independent_module_a.json,.json,2855,8a650c5bbad3db839c44998e98567149b8c3b0881289491ad5b00e53d36c97ec,False,,True
M3A_POSITIVE_WEIGHT_DOMINANCE_THEOREM_NUCLEUS_TC1_REFERENCE_TREES/C3/STAGE_C3_M3A_LEXICOGRAPHIC_OPENING/EXPECTED/independent_module_b.json,.json,731,7aca7775f3523cd3ebcd41ad9389c262ba37abeb11996d0480e23714a2ca23cc,False,,True
M3A_POSITIVE_WEIGHT_DOMINANCE_THEOREM_NUCLEUS_TC1_REFERENCE_TREES/C3/STAGE_C3_M3A_LEXICOGRAPHIC_OPENING/EXPECTED/m3a_000029_c3.json,.json,921,9bcdbfb08806854fc9a83a542f138e8e3747d0704fad980b36e1269bf25f2498,False,,True
M3A_POSITIVE_WEIGHT_DOMINANCE_THEOREM_NUCLEUS_TC1_REFERENCE_TREES/C3/STAGE_C3_M3A_LEXICOGRAPHIC_OPENING/EXPECTED/mixed_jet_controls.json,.json,9054,e25bd864056c4c3171d5898635950ac407efbeed01e78eda8071070f3a907bbc,False,,True
M3A_POSITIVE_WEIGHT_DOMINANCE_THEOREM_NUCLEUS_TC1_REFERENCE_TREES/C3/STAGE_C3_M3A_LEXICOGRAPHIC_OPENING/EXPECTED_CANONICAL.sha256,.sha256,806,a43870e1dfbe235bd18d03358f798222fffb7ae035fe65a99388cb3f645dbf41,False,,False
M3A_POSITIVE_WEIGHT_DOMINANCE_THEOREM_NUCLEUS_TC1_REFERENCE_TREES/C3/STAGE_C3_M3A_LEXICOGRAPHIC_OPENING/FAILURE_LEDGER.md,.md,1678,3e090f1c10ec6119e03f15423160d7921f811bda4280a358fe241becec7a0e31,False,,True
M3A_POSITIVE_WEIGHT_DOMINANCE_THEOREM_NUCLEUS_TC1_REFERENCE_TREES/C3/STAGE_C3_M3A_LEXICOGRAPHIC_OPENING/FINAL_STAGE_C3_ASSESSMENT.md,.md,2406,1bd2cd5a13897ef6c419ed0d45961cf2ca0ea0aa0a58cbe428e56ec344073cdb,False,,True
M3A_POSITIVE_WEIGHT_DOMINANCE_THEOREM_NUCLEUS_TC1_REFERENCE_TREES/C3/STAGE_C3_M3A_LEXICOGRAPHIC_OPENING/HAMILTONIAN_AND_FEEDTHROUGH_BOUNDARIES.md,.md,1001,afe3dfc999969a14f32edd82fb5235ad239613c7f316aa3b8f3eea1b6c1e369f,False,,True
M3A_POSITIVE_WEIGHT_DOMINANCE_THEOREM_NUCLEUS_TC1_REFERENCE_TREES/C3/STAGE_C3_M3A_LEXICOGRAPHIC_OPENING/INPUT_ARCHIVES.sha256,.sha256,457,9a595cf7ca1ff6cd82e28b63e29bfaa6b1a14210d9881b3d85f86fed940d8eac,False,,False
M3A_POSITIVE_WEIGHT_DOMINANCE_THEOREM_NUCLEUS_TC1_REFERENCE_TREES/C3/STAGE_C3_M3A_LEXICOGRAPHIC_OPENING/INPUT_INVENTORY_AND_HASHES.md,.md,1109,964055d53e89f23e516d0354ef3ffc82de7f31bddd2fc9106978a29d4b18dae0,False,,True
M3A_POSITIVE_WEIGHT_DOMINANCE_THEOREM_NUCLEUS_TC1_REFERENCE_TREES/C3/STAGE_C3_M3A_LEXICOGRAPHIC_OPENING/INPUTS/STAGE_C2_M3A_EXACT_DARK_LOCUS_2026-07-26_R1_1.zip,.zip,5022181,2b9a06e7c7209e904bef886de176c0d6520efb11e59e5bade2112696439080fe,False,,False
M3A_POSITIVE_WEIGHT_DOMINANCE_THEOREM_NUCLEUS_TC1_REFERENCE_TREES/C3/STAGE_C3_M3A_LEXICOGRAPHIC_OPENING/INPUTS/STAGE_C2_M3A_EXACT_DARK_LOCUS_2026-07-26_R1_1.zip.sha256,.sha256,116,b8b8242906b5a712ea2faad9fafac7396744b8762bb3e211176f4d21a288a2a6,False,,False
M3A_POSITIVE_WEIGHT_DOMINANCE_THEOREM_NUCLEUS_TC1_REFERENCE_TREES/C3/STAGE_C3_M3A_LEXICOGRAPHIC_OPENING/INPUTS/STAGE_C3_SPECIFICATION.txt,.txt,2800,19530d12a1cff8fd7e9e663e057faacc4d6b9778f37e24de2beccec06311b7b9,False,,True
M3A_POSITIVE_WEIGHT_DOMINANCE_THEOREM_NUCLEUS_TC1_REFERENCE_TREES/C3/STAGE_C3_M3A_LEXICOGRAPHIC_OPENING/INPUTS/STAGE_C_BASELINE_DIGEST_AND_C2_TO_C3_HANDOFF_2026-07-27.md,.md,10664,ac653639a55483a37d2b0ee99bf73b992b782618e5e74c85264c00778d8a4edc,False,,True
M3A_POSITIVE_WEIGHT_DOMINANCE_THEOREM_NUCLEUS_TC1_REFERENCE_TREES/C3/STAGE_C3_M3A_LEXICOGRAPHIC_OPENING/JOINT_ASYMPTOTIC_FIREWALL.md,.md,1554,53cceb7664759cf52bb4c21105d9a76b5fbf0b176a60f76313f12b9c4daab7c1,False,,True
M3A_POSITIVE_WEIGHT_DOMINANCE_THEOREM_NUCLEUS_TC1_REFERENCE_TREES/C3/STAGE_C3_M3A_LEXICOGRAPHIC_OPENING/LEADING_COEFFICIENT_COVARIANCE.md,.md,1490,6ccb65c4d62b7d8185b685d396755a4192441fad1087cf423b850ab2213fcc62,False,,True
M3A_POSITIVE_WEIGHT_DOMINANCE_THEOREM_NUCLEUS_TC1_REFERENCE_TREES/C3/STAGE_C3_M3A_LEXICOGRAPHIC_OPENING/LEXICOGRAPHIC_OPENING_THEOREM.md,.md,2063,0ae86c350235b989c61fc5d69e279991167a1348f61de0c5871a2b66c55d1c14,False,,True
M3A_POSITIVE_WEIGHT_DOMINANCE_THEOREM_NUCLEUS_TC1_REFERENCE_TREES/C3/STAGE_C3_M3A_LEXICOGRAPHIC_OPENING/M3A_000029_C3_CONTROL.md,.md,1175,c633c1210a0f8e41699996f786061d6e3a4a95185902760a8711a026d943ead6,False,,True
M3A_POSITIVE_WEIGHT_DOMINANCE_THEOREM_NUCLEUS_TC1_REFERENCE_TREES/C3/STAGE_C3_M3A_LEXICOGRAPHIC_OPENING/MANIFEST.sha256,.sha256,5232,dfc7825080640a260b57f2a20d1e385988cc6fdad5aa056d4eec5e97d20a0f02,False,,False
M3A_POSITIVE_WEIGHT_DOMINANCE_THEOREM_NUCLEUS_TC1_REFERENCE_TREES/C3/STAGE_C3_M3A_LEXICOGRAPHIC_OPENING/MANIFEST_POLICY.md,.md,769,56a526cdae26a5468db08abcaa0f3ccf0e92df406647da4f675bd049b125e86e,False,,True
M3A_POSITIVE_WEIGHT_DOMINANCE_THEOREM_NUCLEUS_TC1_REFERENCE_TREES/C3/STAGE_C3_M3A_LEXICOGRAPHIC_OPENING/MIMO_LEADING_COEFFICIENT.md,.md,1137,695c1aab1aafa0ece31caab3819268b004c9837b69c59d3ae1af506f235b48a5,False,,True
M3A_POSITIVE_WEIGHT_DOMINANCE_THEOREM_NUCLEUS_TC1_REFERENCE_TREES/C3/STAGE_C3_M3A_LEXICOGRAPHIC_OPENING/MIXED_MOMENT_JET_TABLE.md,.md,1133,68dce4cdc7d79e786575bf68f43bd8d3f4e9477a7a3aa8b5e64c4a50a5c82b97,False,,True
M3A_POSITIVE_WEIGHT_DOMINANCE_THEOREM_NUCLEUS_TC1_REFERENCE_TREES/C3/STAGE_C3_M3A_LEXICOGRAPHIC_OPENING/NEWTON_SUPPORT_AND_SCALING_SECTORS.md,.md,1063,519fcf355e5d992719f851d0b5ca72fd83921791b0674c40c987d344b48fc319,False,,True
M3A_POSITIVE_WEIGHT_DOMINANCE_THEOREM_NUCLEUS_TC1_REFERENCE_TREES/C3/STAGE_C3_M3A_LEXICOGRAPHIC_OPENING/PRIOR_ART_AUDIT.md,.md,3551,ebbfb051c4c061ca31efdfd9582e6ffa74cb45e2712636e65b20831dd5cb5a13,False,,True
M3A_POSITIVE_WEIGHT_DOMINANCE_THEOREM_NUCLEUS_TC1_REFERENCE_TREES/C3/STAGE_C3_M3A_LEXICOGRAPHIC_OPENING/README.md,.md,957,0c36f101a72a3dd227dd2134b712f0985ea5b52f8ad7585bbbe731ebe788570d,False,,True
M3A_POSITIVE_WEIGHT_DOMINANCE_THEOREM_NUCLEUS_TC1_REFERENCE_TREES/C3/STAGE_C3_M3A_LEXICOGRAPHIC_OPENING/REPRODUCE.sh,.sh,3372,b7f08f36e4d8ffeefb3ac585231816c530b5b5593d82eace6239a04cd93aa648,False,,True
M3A_POSITIVE_WEIGHT_DOMINANCE_THEOREM_NUCLEUS_TC1_REFERENCE_TREES/C3/STAGE_C3_M3A_LEXICOGRAPHIC_OPENING/REPRODUCIBILITY_PROTOCOL_R1_1.md,.md,988,7fccc960f08f31a7437ccdab8e39d458c07e7789c4846531748d6ed82ba1bef9,False,,True
M3A_POSITIVE_WEIGHT_DOMINANCE_THEOREM_NUCLEUS_TC1_REFERENCE_TREES/C3/STAGE_C3_M3A_LEXICOGRAPHIC_OPENING/TERMINOLOGY_LEDGER.md,.md,1230,37a44ebd98ff0bb3f43d22d5946d0109f8f5d71f06af792bbd5ec797571b03b9,False,,True
M3A_POSITIVE_WEIGHT_DOMINANCE_THEOREM_NUCLEUS_TC1_REFERENCE_TREES/C3/STAGE_C3_M3A_LEXICOGRAPHIC_OPENING/THEOREM_CLASSIFICATION_LEDGER.md,.md,1608,cbb51182e2462f8ab8af28586ceea32e473d8dff2674fe57647343ec983e6993,False,,True
M3A_POSITIVE_WEIGHT_DOMINANCE_THEOREM_NUCLEUS_TC1_REFERENCE_TREES/C3/STAGE_C3_M3A_LEXICOGRAPHIC_OPENING/THEOREM_DEPENDENCY_GRAPH.md,.md,1168,c06d58ffcd07bb435122b0f66d892aecd86ccf4659378abc4353170cc5fa17ab,False,,True
M3A_POSITIVE_WEIGHT_DOMINANCE_THEOREM_NUCLEUS_TC1_REFERENCE_TREES/C3/STAGE_C3_M3A_LEXICOGRAPHIC_OPENING/TIME_DOMAIN_FACTORIZATION.md,.md,1339,524187d1e5b389f7a7f2de9d9ac7d833a644475409ba561837bb8c68004306bf,False,,True
M3A_POSITIVE_WEIGHT_DOMINANCE_THEOREM_NUCLEUS_TC1_REFERENCE_TREES/C4/STAGE_C4_M3A_PROTOCOL_SCALING/C4_DEFINITIONS_LOCK.md,.md,1734,f1006283f4082d2b0c5d36e83e577e13c213e39499a63f338bc54126e3a40139,False,,True
M3A_POSITIVE_WEIGHT_DOMINANCE_THEOREM_NUCLEUS_TC1_REFERENCE_TREES/C4/STAGE_C4_M3A_PROTOCOL_SCALING/C5_READINESS_LEDGER.md,.md,1123,fd53f9f6323d577a4b0eae4802a7caccc8c012d32ecacba6f34818c42a41e333,False,,True
M3A_POSITIVE_WEIGHT_DOMINANCE_THEOREM_NUCLEUS_TC1_REFERENCE_TREES/C4/STAGE_C4_M3A_PROTOCOL_SCALING/CLAIM_LEDGER.md,.md,1231,0a823a4ee3d58f99ff74dbd050997aa6105c688adb3b40bc50b9acaa2bb4e765,False,,True
M3A_POSITIVE_WEIGHT_DOMINANCE_THEOREM_NUCLEUS_TC1_REFERENCE_TREES/C4/STAGE_C4_M3A_PROTOCOL_SCALING/CODE/c4_exact.py,.py,26261,ae2ca2c864ac8497eb2e108bc5b027edf4037aba039fcbfe320e99cbf217371b,False,,True
M3A_POSITIVE_WEIGHT_DOMINANCE_THEOREM_NUCLEUS_TC1_REFERENCE_TREES/C4/STAGE_C4_M3A_PROTOCOL_SCALING/CODE/independent_module_a.py,.py,3644,28f4ac204e007aeca1d7dd72a8c071511af644b455ed0dc82006f12331ed8f04,False,,True
M3A_POSITIVE_WEIGHT_DOMINANCE_THEOREM_NUCLEUS_TC1_REFERENCE_TREES/C4/STAGE_C4_M3A_PROTOCOL_SCALING/CODE/independent_module_b.py,.py,4635,c1afa6baba6cd74f288fa40c7ecc9ba90c1c38b0934813b214a79721cd5e5484,False,,True
M3A_POSITIVE_WEIGHT_DOMINANCE_THEOREM_NUCLEUS_TC1_REFERENCE_TREES/C4/STAGE_C4_M3A_PROTOCOL_SCALING/CODE/requirements.txt,.txt,28,c2e9e7c244ae7867606e6d8b3b0172d328e3f271edd51b3ef4f5451e407d8ca7,False,,True
M3A_POSITIVE_WEIGHT_DOMINANCE_THEOREM_NUCLEUS_TC1_REFERENCE_TREES/C4/STAGE_C4_M3A_PROTOCOL_SCALING/CODE/run_c4_audit.py,.py,2067,08e77f8ae6d39c20da880c566fd03163cb6c178e552732b86e7eb5d1dd0754e3,False,,True
M3A_POSITIVE_WEIGHT_DOMINANCE_THEOREM_NUCLEUS_TC1_REFERENCE_TREES/C4/STAGE_C4_M3A_PROTOCOL_SCALING/CODE/test_c4.py,.py,2331,808b71da6c31a9906906d44389ced15aa025eccd8b8968097b3471a593d11c1c,False,,True
M3A_POSITIVE_WEIGHT_DOMINANCE_THEOREM_NUCLEUS_TC1_REFERENCE_TREES/C4/STAGE_C4_M3A_PROTOCOL_SCALING/COMPARISON_POLICY.json,.json,498,ba55b9615149367bc9b1a264effc4663c86670e47eb6a1e6c5eb31247889910a,False,,True
M3A_POSITIVE_WEIGHT_DOMINANCE_THEOREM_NUCLEUS_TC1_REFERENCE_TREES/C4/STAGE_C4_M3A_PROTOCOL_SCALING/COUNTEREXAMPLES.md,.md,1558,5f806622800af1853f690da7aa94a55943570a69d6b03a9ed8c2cee041b5a5d8,False,,True
M3A_POSITIVE_WEIGHT_DOMINANCE_THEOREM_NUCLEUS_TC1_REFERENCE_TREES/C4/STAGE_C4_M3A_PROTOCOL_SCALING/DATA/audit_summary.csv,.csv,1052,1056706966b6611755f04ab71132887e4f0c18f7b812c8545f043ad142c9457d,False,,True
M3A_POSITIVE_WEIGHT_DOMINANCE_THEOREM_NUCLEUS_TC1_REFERENCE_TREES/C4/STAGE_C4_M3A_PROTOCOL_SCALING/DATA/c4_exact_results.json,.json,16271,cfa86483165d65f993ec146f8813c06ca6048ccf1e3c6041ecc8f131b012d32b,False,,True
M3A_POSITIVE_WEIGHT_DOMINANCE_THEOREM_NUCLEUS_TC1_REFERENCE_TREES/C4/STAGE_C4_M3A_PROTOCOL_SCALING/DATA/exact_control_archive.json,.json,1354,c54ab86f1333381464bfcdb6a42d2f8f9eab549d682a0ff948b07c4af7797bff,False,,True
M3A_POSITIVE_WEIGHT_DOMINANCE_THEOREM_NUCLEUS_TC1_REFERENCE_TREES/C4/STAGE_C4_M3A_PROTOCOL_SCALING/DATA/global_scope_controls.json,.json,1029,9840db7980942c5552c9429c5131b603e2a679d3da8ba7c5dfa9618bdc42649b,False,,True
M3A_POSITIVE_WEIGHT_DOMINANCE_THEOREM_NUCLEUS_TC1_REFERENCE_TREES/C4/STAGE_C4_M3A_PROTOCOL_SCALING/DATA/independent_module_a.json,.json,4199,fce0da3bc9fec075f36b0efec1c1d5319ae04a2a5c949c535d73c7ddddee07d0,False,,True
M3A_POSITIVE_WEIGHT_DOMINANCE_THEOREM_NUCLEUS_TC1_REFERENCE_TREES/C4/STAGE_C4_M3A_PROTOCOL_SCALING/DATA/independent_module_b.json,.json,871,06ee93e4af12591f50f70ce68a17f16fbc2f3a1a334bdf22c92d5f7f92e579af,False,,True
M3A_POSITIVE_WEIGHT_DOMINANCE_THEOREM_NUCLEUS_TC1_REFERENCE_TREES/C4/STAGE_C4_M3A_PROTOCOL_SCALING/DATA/m3a_000029_c4.json,.json,2527,383962a8e5e9a3ba05c4493449fb2fa1f836943d60f19a28fa87910952733982,False,,True
M3A_POSITIVE_WEIGHT_DOMINANCE_THEOREM_NUCLEUS_TC1_REFERENCE_TREES/C4/STAGE_C4_M3A_PROTOCOL_SCALING/DATA/performance_controls.json,.json,1984,314d8462b7543666afa0fa373fc5d53fb8bacbbc903e0213076b9f68459d7726,False,,True
M3A_POSITIVE_WEIGHT_DOMINANCE_THEOREM_NUCLEUS_TC1_REFERENCE_TREES/C4/STAGE_C4_M3A_PROTOCOL_SCALING/DATA/weighted_protocol_controls.json,.json,8932,43ae905f3a421fc2dc8d35223d284b57c3f6fed78f9b6a973ed31cf3e39c0329,False,,True
M3A_POSITIVE_WEIGHT_DOMINANCE_THEOREM_NUCLEUS_TC1_REFERENCE_TREES/C4/STAGE_C4_M3A_PROTOCOL_SCALING/DIRECT_FEEDTHROUGH_BOUNDARY.md,.md,605,b7816023f5a6f83ee5a700b539a0676346b20725cb1548f4fb9c9b0c3183288a,False,,True
M3A_POSITIVE_WEIGHT_DOMINANCE_THEOREM_NUCLEUS_TC1_REFERENCE_TREES/C4/STAGE_C4_M3A_PROTOCOL_SCALING/ENVIRONMENT_SPECIFICATION.txt,.txt,505,9e1c94e81ce454e048e3c7b3f4289de76f64de90d969ebea0c629c441c207c20,False,,True
M3A_POSITIVE_WEIGHT_DOMINANCE_THEOREM_NUCLEUS_TC1_REFERENCE_TREES/C4/STAGE_C4_M3A_PROTOCOL_SCALING/EXPECTED/audit_summary.csv,.csv,1052,1056706966b6611755f04ab71132887e4f0c18f7b812c8545f043ad142c9457d,False,,True
M3A_POSITIVE_WEIGHT_DOMINANCE_THEOREM_NUCLEUS_TC1_REFERENCE_TREES/C4/STAGE_C4_M3A_PROTOCOL_SCALING/EXPECTED/c4_exact_results.json,.json,16271,cfa86483165d65f993ec146f8813c06ca6048ccf1e3c6041ecc8f131b012d32b,False,,True
M3A_POSITIVE_WEIGHT_DOMINANCE_THEOREM_NUCLEUS_TC1_REFERENCE_TREES/C4/STAGE_C4_M3A_PROTOCOL_SCALING/EXPECTED/exact_control_archive.json,.json,1354,c54ab86f1333381464bfcdb6a42d2f8f9eab549d682a0ff948b07c4af7797bff,False,,True
M3A_POSITIVE_WEIGHT_DOMINANCE_THEOREM_NUCLEUS_TC1_REFERENCE_TREES/C4/STAGE_C4_M3A_PROTOCOL_SCALING/EXPECTED/global_scope_controls.json,.json,1029,9840db7980942c5552c9429c5131b603e2a679d3da8ba7c5dfa9618bdc42649b,False,,True
M3A_POSITIVE_WEIGHT_DOMINANCE_THEOREM_NUCLEUS_TC1_REFERENCE_TREES/C4/STAGE_C4_M3A_PROTOCOL_SCALING/EXPECTED/independent_module_a.json,.json,4199,fce0da3bc9fec075f36b0efec1c1d5319ae04a2a5c949c535d73c7ddddee07d0,False,,True
M3A_POSITIVE_WEIGHT_DOMINANCE_THEOREM_NUCLEUS_TC1_REFERENCE_TREES/C4/STAGE_C4_M3A_PROTOCOL_SCALING/EXPECTED/independent_module_b.json,.json,871,06ee93e4af12591f50f70ce68a17f16fbc2f3a1a334bdf22c92d5f7f92e579af,False,,True
M3A_POSITIVE_WEIGHT_DOMINANCE_THEOREM_NUCLEUS_TC1_REFERENCE_TREES/C4/STAGE_C4_M3A_PROTOCOL_SCALING/EXPECTED/m3a_000029_c4.json,.json,2527,383962a8e5e9a3ba05c4493449fb2fa1f836943d60f19a28fa87910952733982,False,,True
M3A_POSITIVE_WEIGHT_DOMINANCE_THEOREM_NUCLEUS_TC1_REFERENCE_TREES/C4/STAGE_C4_M3A_PROTOCOL_SCALING/EXPECTED/performance_controls.json,.json,1984,314d8462b7543666afa0fa373fc5d53fb8bacbbc903e0213076b9f68459d7726,False,,True
M3A_POSITIVE_WEIGHT_DOMINANCE_THEOREM_NUCLEUS_TC1_REFERENCE_TREES/C4/STAGE_C4_M3A_PROTOCOL_SCALING/EXPECTED/weighted_protocol_controls.json,.json,8932,43ae905f3a421fc2dc8d35223d284b57c3f6fed78f9b6a973ed31cf3e39c0329,False,,True
M3A_POSITIVE_WEIGHT_DOMINANCE_THEOREM_NUCLEUS_TC1_REFERENCE_TREES/C4/STAGE_C4_M3A_PROTOCOL_SCALING/EXPECTED_CANONICAL.sha256,.sha256,817,12f91a00b12b98f65f4ffa077bd80edca9bd11c1049f4bf5341b418befa2b79d,False,,False
M3A_POSITIVE_WEIGHT_DOMINANCE_THEOREM_NUCLEUS_TC1_REFERENCE_TREES/C4/STAGE_C4_M3A_PROTOCOL_SCALING/FAILURE_LEDGER.md,.md,1019,9baebb198a9336ba4096fa8342768bf2be1dc66e5ad0176392eff8bb5ab17d37,False,,True
M3A_POSITIVE_WEIGHT_DOMINANCE_THEOREM_NUCLEUS_TC1_REFERENCE_TREES/C4/STAGE_C4_M3A_PROTOCOL_SCALING/FINAL_STAGE_C4_ASSESSMENT.md,.md,2112,22769bbf8c10382eabd159e84cf56d9c101e9f8b11ac1d03806b300275616025,False,,True
M3A_POSITIVE_WEIGHT_DOMINANCE_THEOREM_NUCLEUS_TC1_REFERENCE_TREES/C4/STAGE_C4_M3A_PROTOCOL_SCALING/GLOBAL_TIME_FIREWALL.md,.md,898,0222a6b2cd02864cd9e197f055b4ca275afe955c14a51a85e543551e4e45a010,False,,True
M3A_POSITIVE_WEIGHT_DOMINANCE_THEOREM_NUCLEUS_TC1_REFERENCE_TREES/C4/STAGE_C4_M3A_PROTOCOL_SCALING/HORIZON_AND_THRESHOLD_FIREWALL.md,.md,855,28ca0ae78b5f296e521538b64a07a8673a9bf48d36d634b8f3a95a9c24841278,False,,True
M3A_POSITIVE_WEIGHT_DOMINANCE_THEOREM_NUCLEUS_TC1_REFERENCE_TREES/C4/STAGE_C4_M3A_PROTOCOL_SCALING/INPUT_ARCHIVES.sha256,.sha256,342,4190abe66fe4e28f7ee23dc4e529623d6e6cbc5407fa5403872f404c0a69a14e,False,,False
M3A_POSITIVE_WEIGHT_DOMINANCE_THEOREM_NUCLEUS_TC1_REFERENCE_TREES/C4/STAGE_C4_M3A_PROTOCOL_SCALING/INPUT_INVENTORY_AND_HASHES.md,.md,806,0c963ddd742290c067f05901d1d3cf6f3ffdfb6a3db689e37d8e7ac3cd3f7ec7,False,,True
M3A_POSITIVE_WEIGHT_DOMINANCE_THEOREM_NUCLEUS_TC1_REFERENCE_TREES/C4/STAGE_C4_M3A_PROTOCOL_SCALING/INPUTS/STAGE_C3_M3A_LEXICOGRAPHIC_OPENING_2026-07-27_R1_0.zip,.zip,5070980,eb537b6e1e776d283431c30aadbfe71077f0fe88c8e2c9ec5004416ae5d1cee7,False,,False
M3A_POSITIVE_WEIGHT_DOMINANCE_THEOREM_NUCLEUS_TC1_REFERENCE_TREES/C4/STAGE_C4_M3A_PROTOCOL_SCALING/INPUTS/STAGE_C3_M3A_LEXICOGRAPHIC_OPENING_2026-07-27_R1_0.zip.sha256,.sha256,121,9b75a245c1f64e4089dbb8f41cbabebb2598a7ee6f11ac115911e5cce5421f66,False,,False
M3A_POSITIVE_WEIGHT_DOMINANCE_THEOREM_NUCLEUS_TC1_REFERENCE_TREES/C4/STAGE_C4_M3A_PROTOCOL_SCALING/INPUTS/STAGE_C4_SPECIFICATION.txt,.txt,3505,42ebd391a47cfea8fdfb86df8f1399889970b41119f639e21a82300327a8ce19,False,,True
M3A_POSITIVE_WEIGHT_DOMINANCE_THEOREM_NUCLEUS_TC1_REFERENCE_TREES/C4/STAGE_C4_M3A_PROTOCOL_SCALING/LOCAL_PERFORMANCE_COROLLARIES.md,.md,1369,9bcf6b1e7ace06493073d33ffcb6f954625a82ab7857b062c34aa5559e508d91,False,,True
M3A_POSITIVE_WEIGHT_DOMINANCE_THEOREM_NUCLEUS_TC1_REFERENCE_TREES/C4/STAGE_C4_M3A_PROTOCOL_SCALING/M3A_000029_C4_CONTROL.md,.md,1816,effa2f1ef17e41c7ccafa26332f081454f16e5de8990bc3e7ff703ea403eb5e6,False,,True
M3A_POSITIVE_WEIGHT_DOMINANCE_THEOREM_NUCLEUS_TC1_REFERENCE_TREES/C4/STAGE_C4_M3A_PROTOCOL_SCALING/MANIFEST.sha256,.sha256,5206,edf7ec22943288b3b66890508ab732f64ca41309b5f85c2be7b6eff1d53ca211,False,,False
M3A_POSITIVE_WEIGHT_DOMINANCE_THEOREM_NUCLEUS_TC1_REFERENCE_TREES/C4/STAGE_C4_M3A_PROTOCOL_SCALING/MANIFEST_POLICY.md,.md,769,56a526cdae26a5468db08abcaa0f3ccf0e92df406647da4f675bd049b125e86e,False,,True
M3A_POSITIVE_WEIGHT_DOMINANCE_THEOREM_NUCLEUS_TC1_REFERENCE_TREES/C4/STAGE_C4_M3A_PROTOCOL_SCALING/NEWTON_FACE_AND_CANCELLATION.md,.md,1094,fccf60c952e2a539109b6ec72d2da5e0e84c7c8daf5bcdc52792d915df4cbb24,False,,True
M3A_POSITIVE_WEIGHT_DOMINANCE_THEOREM_NUCLEUS_TC1_REFERENCE_TREES/C4/STAGE_C4_M3A_PROTOCOL_SCALING/PORT_AND_NORM_DEPENDENCE.md,.md,1024,78b31cf99a54097cbfa826212335d05811dc473fc26aa433b2cf15641f28e5ca,False,,True
M3A_POSITIVE_WEIGHT_DOMINANCE_THEOREM_NUCLEUS_TC1_REFERENCE_TREES/C4/STAGE_C4_M3A_PROTOCOL_SCALING/PRIOR_ART_AUDIT.md,.md,3252,154756f68fe880af25f34eeb9a67b7bc146b9edbaa8f7a37148a38e818243174,False,,True
M3A_POSITIVE_WEIGHT_DOMINANCE_THEOREM_NUCLEUS_TC1_REFERENCE_TREES/C4/STAGE_C4_M3A_PROTOCOL_SCALING/PROTOCOL_DECLARATION_STANDARD.md,.md,1241,b3815b164e38ea90c0526ec9d3c5de11c8309b3692e73342a54ee0b331062f56,False,,True
M3A_POSITIVE_WEIGHT_DOMINANCE_THEOREM_NUCLEUS_TC1_REFERENCE_TREES/C4/STAGE_C4_M3A_PROTOCOL_SCALING/README.md,.md,1271,c1aa4a4078d1b868f00ec8025d09e450a6447c5247f09e795763db14dd4fedae,False,,True
M3A_POSITIVE_WEIGHT_DOMINANCE_THEOREM_NUCLEUS_TC1_REFERENCE_TREES/C4/STAGE_C4_M3A_PROTOCOL_SCALING/REPRODUCE.sh,.sh,3388,d77dd7406cce4c21e9ffcc43e70be3a1227118d28da99d7787108d4bcf7958fd,False,,True
M3A_POSITIVE_WEIGHT_DOMINANCE_THEOREM_NUCLEUS_TC1_REFERENCE_TREES/C4/STAGE_C4_M3A_PROTOCOL_SCALING/REPRODUCIBILITY_PROTOCOL_R1_1.md,.md,1042,a4c8f83445d5685aa042798f685537a16ab68587d5311020a79331e796efc302,False,,True
M3A_POSITIVE_WEIGHT_DOMINANCE_THEOREM_NUCLEUS_TC1_REFERENCE_TREES/C4/STAGE_C4_M3A_PROTOCOL_SCALING/TERMINOLOGY_LEDGER.md,.md,1161,afa4f86c2d0d5cb4ce7eec837979779efd1c29da102439fd3cf73863c4860400,False,,True
M3A_POSITIVE_WEIGHT_DOMINANCE_THEOREM_NUCLEUS_TC1_REFERENCE_TREES/C4/STAGE_C4_M3A_PROTOCOL_SCALING/THEOREM_CLASSIFICATION_LEDGER.md,.md,1016,31b115bac4e2a55d83a9b46ee34954d1f629f63f0533459f58c757fd61a1695c,False,,True
M3A_POSITIVE_WEIGHT_DOMINANCE_THEOREM_NUCLEUS_TC1_REFERENCE_TREES/C4/STAGE_C4_M3A_PROTOCOL_SCALING/THEOREM_DEPENDENCY_GRAPH.md,.md,1228,bf33d16395769d4c8c0115e84e49bba4734131d847474ae79fbec2a21af3fb56,False,,True
M3A_POSITIVE_WEIGHT_DOMINANCE_THEOREM_NUCLEUS_TC1_REFERENCE_TREES/C4/STAGE_C4_M3A_PROTOCOL_SCALING/WEIGHTED_PROTOCOL_THEOREM.md,.md,1814,eb2b21f191b7ccdfd7397d01f89174cc58b9a60a10359ae6280346aab0ffd9e7,False,,True
M3A_POSITIVE_WEIGHT_DOMINANCE_THEOREM_NUCLEUS_TC1_REFERENCE_TREES/CERT/M3A_000029_exact_polynomial_certificate/code/verify_m3a_000029.py,.py,2228,c24b59c0f441a2f80ce53b6cad66b99bf6401f509f41a6cd64b984afae559c14,False,,True
M3A_POSITIVE_WEIGHT_DOMINANCE_THEOREM_NUCLEUS_TC1_REFERENCE_TREES/CERT/M3A_000029_exact_polynomial_certificate/MANIFEST.sha256,.sha256,651,4c1cc046190d3e94c103d5854d2dd3c230762474d26fd50be50c29417550a6d4,False,,False
M3A_POSITIVE_WEIGHT_DOMINANCE_THEOREM_NUCLEUS_TC1_REFERENCE_TREES/CERT/M3A_000029_exact_polynomial_certificate/outputs/exact_results.json,.json,12055,c174aa5abb9385425e2b31476c2d12d4eced0863eca045ec701a84b79c20ea2a,False,,True
M3A_POSITIVE_WEIGHT_DOMINANCE_THEOREM_NUCLEUS_TC1_REFERENCE_TREES/CERT/M3A_000029_exact_polynomial_certificate/outputs/verification_report.txt,.txt,1145,409a89e1c77538d150b2b6d421fdf0ccd3b0c490df059068609bdd5c5560cd06,False,,True
M3A_POSITIVE_WEIGHT_DOMINANCE_THEOREM_NUCLEUS_TC1_REFERENCE_TREES/CERT/M3A_000029_exact_polynomial_certificate/README.md,.md,759,9920747c88e006108a796cd96b2e5ae47fe4d5241bf65853f2b7b1c34bb457ce,False,,True
M3A_POSITIVE_WEIGHT_DOMINANCE_THEOREM_NUCLEUS_TC1_REFERENCE_TREES/CERT/M3A_000029_exact_polynomial_certificate/report/M3A_000029_resolvent_certificate.md,.md,6691,bb3fab6e52505f6f29ec2d2546cc2d5b16868b4fee297d0201d21d498e6682ae,False,,True
M3A_POSITIVE_WEIGHT_DOMINANCE_THEOREM_NUCLEUS_TC1_REFERENCE_TREES/CERT/M3A_000029_exact_polynomial_certificate/source/M3A_000029_record.json,.json,1072,fc91004487424b75b59a9cd1bd247a5f4a784fa2ed0aa6ec87280acb89f7e2df,False,,True
M3A_POSITIVE_WEIGHT_DOMINANCE_THEOREM_NUCLEUS_TC1_REFERENCE_TREES/CERT/M3A_000029_exact_polynomial_certificate/source/PROVENANCE.md,.md,579,627384a87e18ade38e5b1fbba3144cb3fedbe4ad1bc0e698133876910e659ffa,False,,True
M3A_RESEARCH_PROGRAMME_HANDOFF_README_2026-07-31.zip.sha256,.sha256,119,7adfb52917b047a7838572c6c902d2695d3ffaa248482fc86a67c23e82af2e58,False,,False
M3A_RESEARCH_PROGRAMME_HANDOFF_README_2026-07-31/AUTHORITATIVE_ARTEFACT_INDEX.csv,.csv,173269,10a887bf54fed5f6ad8d6ab61469f35597e2c8d9bbf0703f0df4e90dfaf81fb2,True,utf-8-sig,False
M3A_RESEARCH_PROGRAMME_HANDOFF_README_2026-07-31/OPEN_WORK_AND_NEXT_STAGES.md,.md,5236,af5e3d0b9916a025d235545a026fd05bb5681985491b94ac70ff3670165b4b83,True,utf-8-sig,False
M3A_RESEARCH_PROGRAMME_HANDOFF_README_2026-07-31/READING_PATHS.md,.md,9201,15830871d9f222cf1ee178f1d6709d094cd162b5120b456d4f733cf96c1e79f5,True,utf-8-sig,False
M3A_RESEARCH_PROGRAMME_HANDOFF_README_2026-07-31/README_GENERATION_REPORT.md,.md,6504,66527f9ffe9ee79ffce4bab13d9c44944d612116f97fa507e60ed2c173dd664d,True,utf-8-sig,False
M3A_RESEARCH_PROGRAMME_HANDOFF_README_2026-07-31/README_MANIFEST.sha256,.sha256,665,e01b9a448511598ca4aefd3890c2cc7607bca82cd8ac7f90abd234ab0420d4a2,False,,False
M3A_RESEARCH_PROGRAMME_HANDOFF_README_2026-07-31/README_RESEARCH_PROGRAMME.md,.md,63309,8dc6b04f132e71ac44452a6c1d39caa1df57af35eea084a1ed127303a7ced69b,True,utf-8-sig,False
M3A_RESEARCH_PROGRAMME_HANDOFF_README_2026-07-31/SUPERSEDED_AND_QUARANTINED_ARTEFACTS.md,.md,5709,96056a06314fdd9744a7d414b81674bfed91cced21e20ac9c6c6c41bd4b9e9fe,True,utf-8-sig,False
M3A_TF1_R1_1_CHANGELOG.md,.md,1639,327f80aa28b0eb5b91574ac1a98f29a6cea76644f83b8874de366e43382a1803,False,,True
M3A_TF1_R1_1_IMPLEMENTATION_REPORT.md,.md,6940,f159de05f0f628126787ecbf3d0f3289a5a790fd609412d21fc6b516ab776140,False,,True
M3A_TF1_R1_1_IMPLEMENTATION_REPORT.md.sha256,.sha256,104,68a2172987900df0b10ab527dd64c804cb5115c2dcafc1542632de6d13196d89,False,,False
M3A_THREE_SCALE_MOVING_DIRECTION_ARC1_R1_0.zip,.zip,23884746,,False,,False
M3A_THREE_SCALE_MOVING_DIRECTION_ARC1_R1_0.zip.sha256,.sha256,113,559fe1f604819395b9374e228cecf22226c5ccd0932c8af1fcf9d2a99e3a60b2,False,,False
M3A_UNIVERSAL_MULTIVARIATE_DIAGONAL_ATLAS_MV1/ACTUAL_COORDINATE_RESOLVENT_THEOREM.tex,.tex,676,12b55db2e985f53a4c0cac3c1ba6f3c253c63fc0da0bed8b1b106120976b2dc1,False,,True
M3A_UNIVERSAL_MULTIVARIATE_DIAGONAL_ATLAS_MV1/ASSUMPTIONS_AND_SCOPE_LOCK.md,.md,1016,82acaa11a1bc2cdd1123141a40fff60a74ebf92e07d59e49841c49515559ee32,False,,True
M3A_UNIVERSAL_MULTIVARIATE_DIAGONAL_ATLAS_MV1/ATLAS_NODE_SCHEMA.json,.json,709,13159f27b60e482e1bc3ddee856d5930d7331471bfbc13ba96cf60f9026b3b92,False,,True
M3A_UNIVERSAL_MULTIVARIATE_DIAGONAL_ATLAS_MV1/ATLAS_TERMINATION_OR_GAP_THEOREM.tex,.tex,1104,3ea78710a52d0bee40dbe7f706d9f99a1aa8cb224754ad44a9640b7d00dfd97e,False,,True
M3A_UNIVERSAL_MULTIVARIATE_DIAGONAL_ATLAS_MV1/AUTHORITATIVE_INPUT_MAP.md,.md,1137,f88048c79af9ced30ba979dad5e19b342714fb171040ae373196491b6813c9e6,False,,True
M3A_UNIVERSAL_MULTIVARIATE_DIAGONAL_ATLAS_MV1/CLAIM_AND_NOVELTY_LEDGER.md,.md,1038,da6abd822c0a232cd3920dde8d4a18418fb24efb9786cedd3a3465791cab518e,False,,True
M3A_UNIVERSAL_MULTIVARIATE_DIAGONAL_ATLAS_MV1/CLAIM_TO_REFERENCE_LEDGER.csv,.csv,1001,e7e5c2494b9f9ae0e56b06d83ba262d3918671e5940c2afb1ad6dc819af36a3f,False,,True
M3A_UNIVERSAL_MULTIVARIATE_DIAGONAL_ATLAS_MV1/CODE_INDEPENDENT_A/word_enumeration.py,.py,1999,4453a4720b0166ca807be036fee47fd47410a6a187ff5bd7fb9c5066b65acae4,False,,True
M3A_UNIVERSAL_MULTIVARIATE_DIAGONAL_ATLAS_MV1/CODE_INDEPENDENT_C/convex_atlas.py,.py,1622,39d63e6bc4798b8b9b58181e5733ed354423e14326b772603110c4a900762d07,False,,True
M3A_UNIVERSAL_MULTIVARIATE_DIAGONAL_ATLAS_MV1/CODE_INDEPENDENT_C/direct_pullback.py,.py,10125,6734354d57b8fcb71762a6d0c8d59380c93109b35973b7d0f62bd95f0b2292e9,False,,True
M3A_UNIVERSAL_MULTIVARIATE_DIAGONAL_ATLAS_MV1/CODE_PRIMARY/compare_and_verify.py,.py,2381,209563f2cf0eba76a71aff4383ac6b987091c1af6a6a82c0cc518b5914fceac3,False,,True
M3A_UNIVERSAL_MULTIVARIATE_DIAGONAL_ATLAS_MV1/CODE_PRIMARY/deterministic_zip.py,.py,1092,d118ead5ec11cfa966fa01155daa8bac12947bf01a814db47b778a2f617db4c2,False,,True
M3A_UNIVERSAL_MULTIVARIATE_DIAGONAL_ATLAS_MV1/CODE_PRIMARY/mv1_primary.py,.py,10015,196e0b6a89e0f94d89dd80ac692a5b8a166f0bbb6c9a2af9f4658de737757cba,False,,True
M3A_UNIVERSAL_MULTIVARIATE_DIAGONAL_ATLAS_MV1/CODE_PRIMARY/reproduce.ps1,.ps1,878,2157464da35f049246c0262f4c542d51aaa82f27a3953952b540087912c811a0,False,,True
M3A_UNIVERSAL_MULTIVARIATE_DIAGONAL_ATLAS_MV1/CODE_PRIMARY/seal_release.py,.py,2280,6dad88919cec26f068113ab4f49d6f5b022ae8b2c93ccbd611c5e8b99aeba3f3,False,,True
M3A_UNIVERSAL_MULTIVARIATE_DIAGONAL_ATLAS_MV1/CODE_PRIMARY/verify_archive.py,.py,1700,aae383b39883e80e3038cd7df5e14627d1c0de6341d3fcb40471547a1276fd11,False,,True
M3A_UNIVERSAL_MULTIVARIATE_DIAGONAL_ATLAS_MV1/CODE_PRIMARY/verify_manifest.py,.py,888,b3781e65ccda6ab39d0cf5494075e7981f3ce10c5b12170dce93372cbd24817f,False,,True
M3A_UNIVERSAL_MULTIVARIATE_DIAGONAL_ATLAS_MV1/COMPARISON_POLICY.json,.json,550,15c1a943817a18307858545aca8f977c65a364e04d9c554952c0aedbb026fa0a,False,,True
M3A_UNIVERSAL_MULTIVARIATE_DIAGONAL_ATLAS_MV1/COUNTEREXAMPLES_AND_CONTROLS.md,.md,1515,e0896571f53a0b9601e30867f95ac7f72645bd0dc406e6ac6d442100cea87cf0,False,,True
M3A_UNIVERSAL_MULTIVARIATE_DIAGONAL_ATLAS_MV1/DATA/convex_atlas.json,.json,4200,6d61af8b30ff7f6235d9af87541eeea138196d7aefb250713793ef7480bab8b7,False,,True
M3A_UNIVERSAL_MULTIVARIATE_DIAGONAL_ATLAS_MV1/DATA/denominator.json,.json,13170,5df4ac21db2b729cf0fde161b17486e89329781a7e5252e7e5fee577e7c6b7b3,False,,True
M3A_UNIVERSAL_MULTIVARIATE_DIAGONAL_ATLAS_MV1/DATA/direct_pullback.json,.json,20786,24befa8f78b9b800079b1d2797d22abd129c48c3654793d49bd4d2a42315bd87,False,,True
M3A_UNIVERSAL_MULTIVARIATE_DIAGONAL_ATLAS_MV1/DATA/discrepancy_detection.json,.json,357,9b85bd5e8d7a3f83945ce1fecba123b77781168e6cd6679391442ff476b319da,False,,True
M3A_UNIVERSAL_MULTIVARIATE_DIAGONAL_ATLAS_MV1/DATA/independent_resolvent.json,.json,8432,912532031034ff3e46aeaa81eea8a8bc8bd3fbd7a68a78b25ead1ac58e28bf6b,False,,True
M3A_UNIVERSAL_MULTIVARIATE_DIAGONAL_ATLAS_MV1/DATA/independent_words.json,.json,3190,601e4bc5136842808a5667a3406d572520cd458d74a52e60fa670f360cfb8eaa,False,,True
M3A_UNIVERSAL_MULTIVARIATE_DIAGONAL_ATLAS_MV1/DATA/primary.json,.json,25965,6c374b193325fe50e0297d49840d11646587702cd4e50da2163b0c062e70fd8c,False,,True
M3A_UNIVERSAL_MULTIVARIATE_DIAGONAL_ATLAS_MV1/DATA/random_census.json,.json,76910,0738289ae8d3c7d8c5c624c0a97e5a4ceb2e716568b52fa08c13450b1235ef9e,False,,True
M3A_UNIVERSAL_MULTIVARIATE_DIAGONAL_ATLAS_MV1/ENVIRONMENT_SPECIFICATION.txt,.txt,578,cb661eca16b2461acc1d3be794ba499179e072d77cf21fa07528e2354e239da9,False,,True
M3A_UNIVERSAL_MULTIVARIATE_DIAGONAL_ATLAS_MV1/EXACT_DENOMINATOR.json,.json,13170,5df4ac21db2b729cf0fde161b17486e89329781a7e5252e7e5fee577e7c6b7b3,False,,True
M3A_UNIVERSAL_MULTIVARIATE_DIAGONAL_ATLAS_MV1/EXACT_WORD_AND_ENDPOINT_SUPPORT_THEOREM.tex,.tex,1101,1976521d88846fe0a48bc8191cccd566aa63bdc596e625d0cce04d27b414e204,False,,True
M3A_UNIVERSAL_MULTIVARIATE_DIAGONAL_ATLAS_MV1/EXPECTED/verification_summary.json,.json,216,8aff51a62d8dfa6261b5332ddde6b9224e989da9f213b5a1b41f369cbf44a2b6,False,,True
M3A_UNIVERSAL_MULTIVARIATE_DIAGONAL_ATLAS_MV1/EXPECTED_CANONICAL.sha256,.sha256,926,b9f0c4eed9bead0b031809abbbbf9647c8a52d3cbe86438f3746045828d2a002,False,,False
M3A_UNIVERSAL_MULTIVARIATE_DIAGONAL_ATLAS_MV1/FAILURE_LEDGER.md,.md,1209,98e74c84a9a81d600f1d495f93ab96777e8da4655ec3f190f5ae1fb2be3dd13a,False,,True
M3A_UNIVERSAL_MULTIVARIATE_DIAGONAL_ATLAS_MV1/FINAL_MV1_REPORT.md,.md,6599,a29d1a0e3e32be2655d5297198d9ef454c0c77ec22b994881f397ebfb5f4b20e,False,,True
M3A_UNIVERSAL_MULTIVARIATE_DIAGONAL_ATLAS_MV1/FIXED_FIBRE_PULLBACK_RECOVERY.md,.md,538,3760e4ca4bab48234004d60c5923e4c07e26ff0a448b68c6f9a1d88b227dda0b,False,,True
M3A_UNIVERSAL_MULTIVARIATE_DIAGONAL_ATLAS_MV1/INDEPENDENT_COORDINATE_PROTOCOLS.tex,.tex,802,5bf14382858dde87e804fd5f5fe00dc19da189eb2b09fec0ff51a0227db4a45a,False,,True
M3A_UNIVERSAL_MULTIVARIATE_DIAGONAL_ATLAS_MV1/INPUT_HASHES.sha256,.sha256,1736,c5c521b0498055273c836a9e1b35be277445a31bdc1b8518b9edd062b03c48bd,False,,False
M3A_UNIVERSAL_MULTIVARIATE_DIAGONAL_ATLAS_MV1/INPUT_INTEGRITY_REPORT.md,.md,2378,7464c670d82a04b784041cee4797ee082b0354d916494b7d95e4c4e3c66b39af,False,,True
M3A_UNIVERSAL_MULTIVARIATE_DIAGONAL_ATLAS_MV1/INPUTS/_ARC1_CORRECTED_WORK.zip,.zip,71692325,,False,,False
M3A_UNIVERSAL_MULTIVARIATE_DIAGONAL_ATLAS_MV1/INPUTS/M3A_000029_exact_polynomial_certificate.zip,.zip,9415,6ec4425d54a3e69a10a91fa0d56c9241b67fdbfb1bc71428664cf3752eb5e72e,False,,False
M3A_UNIVERSAL_MULTIVARIATE_DIAGONAL_ATLAS_MV1/INPUTS/M3A_ARC1_COLLEAGUE_LOCKED_DEFINITIONS_R1_0.zip,.zip,453182,7d3dae54eb29b9d59711cfc69cb1d6e8ca52d133c569ae99c7c46a5581adf442,False,,False
M3A_UNIVERSAL_MULTIVARIATE_DIAGONAL_ATLAS_MV1/INPUTS/M3A_ARC1_COLLEAGUE_LOCKED_DEFINITIONS_R1_0.zip.sha256,.sha256,113,ca9255cc4833722d3dd0a7e13a6d9b16f494fd639f2777dfb31cb9a7521af7e4,False,,False
M3A_UNIVERSAL_MULTIVARIATE_DIAGONAL_ATLAS_MV1/INPUTS/M3A_Diagonal_Family_Trichotomy_Paper_R1_2.pdf,.pdf,374126,4135498db2f973d8c3dbd4f77b8ebc94c2f3ea8bfc11e9dd710ef694b65d3222,False,,False
M3A_UNIVERSAL_MULTIVARIATE_DIAGONAL_ATLAS_MV1/INPUTS/M3A_Diagonal_Family_Trichotomy_Paper_R1_2.tex,.tex,36123,c5e1d29848307e0b3852d962a6af843499524377ff72c97b647af03052e35009,False,,True
M3A_UNIVERSAL_MULTIVARIATE_DIAGONAL_ATLAS_MV1/INPUTS/M3A_ENDPOINT_ACCESS_WORD_SUPPORT_EA1_R1_1.zip,.zip,143146908,,False,,False
M3A_UNIVERSAL_MULTIVARIATE_DIAGONAL_ATLAS_MV1/INPUTS/M3A_ENDPOINT_ACCESS_WORD_SUPPORT_EA1_R1_1.zip.sha256,.sha256,112,34d649d59d30f1eee4a0640a48b354fb0b7ba698578660fefd484fe2df54caad,False,,False
M3A_UNIVERSAL_MULTIVARIATE_DIAGONAL_ATLAS_MV1/INPUTS/M3A_MONOMIAL_PULLBACK_FACE_COLLISION_PB1_R1_0.zip,.zip,215437525,,False,,False
M3A_UNIVERSAL_MULTIVARIATE_DIAGONAL_ATLAS_MV1/INPUTS/M3A_MONOMIAL_PULLBACK_FACE_COLLISION_PB1_R1_0.zip.sha256,.sha256,116,60c94c0078276a9bdc913387fdc1d4737b8c902591cea650014fc6bb8230d21f,False,,False
M3A_UNIVERSAL_MULTIVARIATE_DIAGONAL_ATLAS_MV1/INPUTS/M3A_NEWTON_PROTOCOL_ATLAS_NP1_R1_0.zip,.zip,23801570,,False,,False
M3A_UNIVERSAL_MULTIVARIATE_DIAGONAL_ATLAS_MV1/INPUTS/M3A_NEWTON_PROTOCOL_ATLAS_NP1_R1_0.zip.sha256,.sha256,105,dc8afe50cffae339cb51d040472f2f7755af22cf709b719b718031289072d4d2,False,,False
M3A_UNIVERSAL_MULTIVARIATE_DIAGONAL_ATLAS_MV1/INPUTS/WORKSTATION_MV1_UNIVERSAL_MULTIVARIATE_DIAGONAL_NEWTON_INITIAL_ATLAS_R1_0.md,.md,28840,d3d57038f8f3a77fe660ff9673874d78232e059d828118eac919129031b7378f,False,,True
M3A_UNIVERSAL_MULTIVARIATE_DIAGONAL_ATLAS_MV1/INPUTS/WORKSTATION_MV1_UNIVERSAL_MULTIVARIATE_DIAGONAL_NEWTON_INITIAL_ATLAS_R1_0.md.sha256,.sha256,143,c014773dc022dc2ea09ef47db5898b23d7ae8598820dd4e22aa0a6d5ebf76e81,False,,False
M3A_UNIVERSAL_MULTIVARIATE_DIAGONAL_ATLAS_MV1/LEVEL_ZERO_CANCELLATION_IDEALS.json,.json,355,91cf584090a7906469a82a629da07c11d46e1d3302cdde8ab8a92a1dc0c61422,False,,True
M3A_UNIVERSAL_MULTIVARIATE_DIAGONAL_ATLAS_MV1/LEVEL_ZERO_INITIAL_ATLAS.tex,.tex,757,c1b9a105592e52043c2767c498528b0db9a20fdc7d150cc5098c4cd231510699,False,,True
M3A_UNIVERSAL_MULTIVARIATE_DIAGONAL_ATLAS_MV1/LOCKED_MODEL_AND_SCOPE.md,.md,583,74b57f72d2fcfce64245001667b25d6ee421d0e8f721f5a0c0d13265d0009356,False,,True
M3A_UNIVERSAL_MULTIVARIATE_DIAGONAL_ATLAS_MV1/MANIFEST.sha256,.sha256,9457,3a1c3f4de5367f288f939a318d9fed49d21832d4bc7eb174872d70c2370329fe,False,,False
M3A_UNIVERSAL_MULTIVARIATE_DIAGONAL_ATLAS_MV1/MANIFEST_POLICY.md,.md,602,5e15cb1dead8ac72f4da5bdd9ba10fdb0d899844599a577a6c9b8d53c0f5bc95,False,,True
M3A_UNIVERSAL_MULTIVARIATE_DIAGONAL_ATLAS_MV1/MIXED_TIME_DEPTH_COUNTEREXAMPLES.md,.md,694,fb000108173b066c1f1ad179c7dbe3dcfcf227e99655092034c06059edbdc407,False,,True
M3A_UNIVERSAL_MULTIVARIATE_DIAGONAL_ATLAS_MV1/MOMENT_AMPLITUDE_INITIAL_FORM_COMPARISON.tex,.tex,762,c78a6f614cec590a474d6ca4b7635ade2028a6ef6bca519c8149874a04a8f606,False,,True
M3A_UNIVERSAL_MULTIVARIATE_DIAGONAL_ATLAS_MV1/MOMENT_VERSUS_AMPLITUDE_FIREWALL.md,.md,822,e41b9cc7e61d7867e5e221db68a60fe28ed58a800e2137e5457695c087920687,False,,True
M3A_UNIVERSAL_MULTIVARIATE_DIAGONAL_ATLAS_MV1/MOVING_DIRECTION_COMPOSITION_COROLLARY.md,.md,676,9d50af1d83a8cd00398d81aba50606270e2e572fd83be4b16611ac11b5541700,False,,True
M3A_UNIVERSAL_MULTIVARIATE_DIAGONAL_ATLAS_MV1/MV1_COLLEAGUE_BRIEF/EXPECTED_BRIEF.json,.json,338,1c926c2cb16167c894f5869c679b4845932abf3e70a46aa28b10bb837360c4e6,False,,True
M3A_UNIVERSAL_MULTIVARIATE_DIAGONAL_ATLAS_MV1/MV1_COLLEAGUE_BRIEF/GLOSSARY.md,.md,465,89a1241bc25e72747778f0d3a969bdd88cf1b5537c24c6bd12f384a5f61bf528,False,,True
M3A_UNIVERSAL_MULTIVARIATE_DIAGONAL_ATLAS_MV1/MV1_COLLEAGUE_BRIEF/LOCKED_DEFINITIONS.md,.md,526,066da64ec3de672edc58c833d92c84d36070bca8dfcc26a93eb0c05b6a404212,False,,True
M3A_UNIVERSAL_MULTIVARIATE_DIAGONAL_ATLAS_MV1/MV1_COLLEAGUE_BRIEF/MANIFEST.sha256,.sha256,1112,cc9fda43e0592f5457a6a5595882c7b0955e06571e1070fad75d491c0b04e234,False,,False
M3A_UNIVERSAL_MULTIVARIATE_DIAGONAL_ATLAS_MV1/MV1_COLLEAGUE_BRIEF/MINIMAL_REPRO.py,.py,673,9276499cd26950b1bb8b456d247f968d57cf4f42fbbc2d79d36675ef803dc402,False,,True
M3A_UNIVERSAL_MULTIVARIATE_DIAGONAL_ATLAS_MV1/MV1_COLLEAGUE_BRIEF/MOMENT_VERSUS_AMPLITUDE.md,.md,365,d1714d69411c999fe6992bc4605acb9085c6c9dc7d4188848f2fa631f33d812c,False,,True
M3A_UNIVERSAL_MULTIVARIATE_DIAGONAL_ATLAS_MV1/MV1_COLLEAGUE_BRIEF/OPEN_GAPS.md,.md,347,f3499075270de18890c6ba52276b96515dd03e064380b8fc051440763c83f749,False,,True
M3A_UNIVERSAL_MULTIVARIATE_DIAGONAL_ATLAS_MV1/MV1_COLLEAGUE_BRIEF/PROVED_RESULTS.md,.md,629,2583ad69a0e08d0a00cf39b667da0d0b6837e9cd1a2e00937978e6fcf40c1779,False,,True
M3A_UNIVERSAL_MULTIVARIATE_DIAGONAL_ATLAS_MV1/MV1_COLLEAGUE_BRIEF/REPRODUCE_BRIEF.sh,.sh,353,409850cdf182621ba434c92c9ab01161b7b03f460df3a1ce84fbb84d108fd940,False,,True
M3A_UNIVERSAL_MULTIVARIATE_DIAGONAL_ATLAS_MV1/MV1_COLLEAGUE_BRIEF/REPRODUCTION_COMMANDS.md,.md,231,10cc73fa3b724f2e0b91671319e4a0a933f6fd01abc790c95c946c7ecbd06613,False,,True
M3A_UNIVERSAL_MULTIVARIATE_DIAGONAL_ATLAS_MV1/MV1_COLLEAGUE_BRIEF/SOURCE_MAP.md,.md,291,3ac57bb719c2dbe455e534f2a683fbea8d6bedcd50ca5662c01ceeedc3af00e5,False,,True
M3A_UNIVERSAL_MULTIVARIATE_DIAGONAL_ATLAS_MV1/MV1_COLLEAGUE_BRIEF/START_HERE.md,.md,457,285a06ac1c1984396407b4af405a3195b7acacb4f733f03350d33c3bd7948b24,False,,True
M3A_UNIVERSAL_MULTIVARIATE_DIAGONAL_ATLAS_MV1/MV1_COLLEAGUE_BRIEF/UNIVERSAL_OBJECT_VERSUS_PULLBACKS.md,.md,392,fb722c72127874eb99b90b1564fe1c32aa293bf58784529e313697504806fb1b,False,,True
M3A_UNIVERSAL_MULTIVARIATE_DIAGONAL_ATLAS_MV1/MV1_COLLEAGUE_BRIEF/VERIFY_BRIEF.py,.py,730,dae8fb276c8a9996d56612bc143f75993d60452de7ebf5eb63e26cfbc41d4298,False,,True
M3A_UNIVERSAL_MULTIVARIATE_DIAGONAL_ATLAS_MV1/MV1_EXACT_CONTROL_CERTIFICATES.json,.json,18210,369333ff37a34a1b9eed9546b30ac6d97d67e7cf4b9f99ffb19075d76d6e3638,False,,True
M3A_UNIVERSAL_MULTIVARIATE_DIAGONAL_ATLAS_MV1/MV1_RANDOM_CENSUS.json,.json,76910,0738289ae8d3c7d8c5c624c0a97e5a4ceb2e716568b52fa08c13450b1235ef9e,False,,True
M3A_UNIVERSAL_MULTIVARIATE_DIAGONAL_ATLAS_MV1/MV2_HANDOFF.md,.md,809,672a23f526e410fe62d5d454be2b94d434b29542146dd18823e6320c65195ccc,False,,True
M3A_UNIVERSAL_MULTIVARIATE_DIAGONAL_ATLAS_MV1/NEWTON_POLYHEDRON_CERTIFICATE.json,.json,325,770bea8b059eb163b5ed73c9f5bab24b931e13f3ae4a8f7635247dc449d9cae8,False,,True
M3A_UNIVERSAL_MULTIVARIATE_DIAGONAL_ATLAS_MV1/NOTATION_TRANSLATION_LEDGER.md,.md,994,c509055a82cf6bd41c78a1a7c26b888b51ed1be3a0e80de3e3839c2fa7aea86e,False,,True
M3A_UNIVERSAL_MULTIVARIATE_DIAGONAL_ATLAS_MV1/PB1_MV1_COMPATIBILITY_LEDGER.md,.md,1028,8ebf31ac9b233070047ac1105fc83ceb54675103e9f5323fc47f3e7feb6bbaec,False,,True
M3A_UNIVERSAL_MULTIVARIATE_DIAGONAL_ATLAS_MV1/POSITIVE_NORMAL_FAN.md,.md,567,c12f10be1fca07adf56be58fcc615a4b4ffd6c4e8fc2badaf9a2c393d8c4da93,False,,True
M3A_UNIVERSAL_MULTIVARIATE_DIAGONAL_ATLAS_MV1/PRIOR_ART_AUDIT.md,.md,3855,99610b41018ca4005df95e61847f92d043e1c0d503757e5d925d137699d6092b,False,,True
M3A_UNIVERSAL_MULTIVARIATE_DIAGONAL_ATLAS_MV1/PRIOR_ART_SEARCH_LOG.csv,.csv,1918,01aa06634c4184d01c438472522b6f4f6f44fbbc29e48ab35b99c2e1a64c466e,False,,True
M3A_UNIVERSAL_MULTIVARIATE_DIAGONAL_ATLAS_MV1/RECURSIVE_PROTOCOL_ATLAS_DEFINITION.tex,.tex,923,07d664d9365d844b378efea3a4043e14d755fc4717981e3d7fdf0e197a04084e,False,,True
M3A_UNIVERSAL_MULTIVARIATE_DIAGONAL_ATLAS_MV1/REPRODUCE.sh,.sh,209,ae87d8eba176fb49a27ea93cd09aa8eb674d828c7e0347ce05ff1eae88ad832d,False,,True
M3A_UNIVERSAL_MULTIVARIATE_DIAGONAL_ATLAS_MV1/REPRODUCIBILITY_PROTOCOL.md,.md,917,0614b2a29d4920cbfa3fdb31bb3c7a397f75df98ca843134d72999f2888fbbb7,False,,True
M3A_UNIVERSAL_MULTIVARIATE_DIAGONAL_ATLAS_MV1/SCALAR_RAY_PULLBACK_RECOVERY.tex,.tex,671,c4fcb257bc5d9650e03811dd20daee0107a561a47ef69756a77d84d6926d87f4,False,,True
M3A_UNIVERSAL_MULTIVARIATE_DIAGONAL_ATLAS_MV1/TRANSFORMED_MOMENT_GENERATING_THEOREM.tex,.tex,624,6b0422259082bbfc9aa678d1743638a6d272a5b3b4d1e0759be7560edb06b011,False,,True
M3A_UNIVERSAL_MULTIVARIATE_DIAGONAL_ATLAS_MV1/UNIVERSAL_COEFFICIENT_DEFINITIONS.tex,.tex,772,7b5d7e9ab74cbc1a7b5ec98bfe67d0d0821eb2cc8b1d1cdc112b0ebb96e1e430,False,,True
M3A_UNIVERSAL_MULTIVARIATE_DIAGONAL_ATLAS_MV1/UNIVERSAL_MINIMAL_TIME_LAYER_THEOREM.tex,.tex,675,4ce9df70ead18d0b026a3f263ad07b9bd1e68578318744b271018e18116aa9c4,False,,True
M3A_UNIVERSAL_MULTIVARIATE_DIAGONAL_ATLAS_MV1/UNIVERSAL_NEWTON_POLYHEDRON_THEOREM.tex,.tex,937,112d50ea6f3c78b3e7a6db4f3866432de59e29eb34f64949d9b6da987b39b8cd,False,,True
M3A_UNIVERSAL_MULTIVARIATE_DIAGONAL_ATLAS_MV1/UNRESOLVED_GAPS.md,.md,831,3ec5ba1b8b9a9dfdefcb732a1f8b0ccde242ec830b48c24d7e4c34cc3cfbfe89,False,,True
M3A_UNIVERSAL_MULTIVARIATE_DIAGONAL_ATLAS_MV1_R1_0.zip,.zip,454992784,,False,,False
M3A_UNIVERSAL_MULTIVARIATE_DIAGONAL_ATLAS_MV1_R1_0.zip.sha256,.sha256,121,3d413e8f0f6b6fc352dac3cc9894e9008b9de91d11616ac4b9618b1d967bd4d4,False,,False
MA3 Scripts and Data/L2 tests/l2_full_series_compilation_report.md,.md,18386,b4cc01c7c4ea85df08b5a0dce522114840eba5ac8c3bd62f7d84d023a4b2f1bc,True,utf-8-sig,False
MA3 Scripts and Data/L2 tests/signed_involution_exact_zero_transfer_layer2_revised.pdf,.pdf,1082618,3f8bbd3bfcf5b42b7d07521360653291d671df3e65dec6d2ed8f3ce6a30ed56b,False,,False
MA3 Scripts and Data/m3a_candidates (1).csv,.csv,18102,22e1b9015d7f47922b8e7b1359e96ae984cf9de5b9029f419e68f07022462009,True,utf-8-sig,False
MA3 Scripts and Data/m3a_candidates.csv,.csv,22390,28d8a2f0433dcb3cf3857b67c9a8c290c1293399715a425a9863dabbeca42d18,True,utf-8-sig,False
MA3 Scripts and Data/m3a_flux_records (1).csv,.csv,11152,ccf16c0a037ebc7f5a4f95b3336f02836f4d928419cd5a4a1ec5d67e5fc42fd5,True,utf-8-sig,False
MA3 Scripts and Data/m3a_flux_records.csv,.csv,2641,410068b48ac5f4c079052ce9af4b9e3fc0bd28bffbd5f0908ee1fd8389dbb4a8,True,utf-8-sig,False
MA3 Scripts and Data/m3a_graph_records (1).csv,.csv,5536,12ce72617e05d6117022cfa39c52cd946786996fa8a77e34ebfe9ea6b5f425c1,True,utf-8-sig,False
MA3 Scripts and Data/m3a_graph_records.csv,.csv,2402,50a9c7c4977a4a9cfec9122f5cfa9dfa29e9a5097fd2878773b82970b788568d,True,utf-8-sig,False
MA3 Scripts and Data/m3a_phase_records (1).csv,.csv,28889,806f852cce1a333987eeb4f8a28a864f3de0b12e224ffdc0ae38c8d9d430bb21,True,utf-8-sig,False
MA3 Scripts and Data/m3a_phase_records.csv,.csv,22804,a78279effae749acacb562bff4b3da760ef0ac97028730b37d7c9f1d37243794,True,utf-8-sig,False
MA3 Scripts and Data/m3a_rejections.csv,.csv,1,01ba4719c80b6fe911b091a7c05124b64eeece964e09c058ef8f9805daca546b,True,utf-8-sig,False
MA3 Scripts and Data/m3a_summary (3).csv,.csv,733,94ec370611e3b62842b9d32abe11767f1ab12f0f3e4c3a133cc778ef5457c37a,True,utf-8-sig,False
MA3 Scripts and Data/m3a_summary.csv,.csv,822,c9e45ad852378562cc484b0e9beeef1d442f0784a4b24e432cdacc02e0db865b,True,utf-8-sig,False
MA3 Scripts and Data/magnetic_phase_search_M3A_symmetry_first_fast.py,.py,33038,172c86f5b7ffc4089b056a1b39ecbec8d3e705108080184a254007729b103e28,True,utf-8-sig,False
MV1_COLLEAGUE_BRIEF_R1_0.zip,.zip,6679,3df938c8c437956e754a93b92ee7ed931f396c58e8bcac6b176ca3cbc2a260d3,False,,False
MV1_COLLEAGUE_BRIEF_R1_0.zip.sha256,.sha256,95,0da73636c493003d0a931b89a176362333aec9ce367f7ee744b1d580e0755cd6,False,,False
