path,sha256,category,line,excerpt
_EA1_R1_1_REPAIR_WORK/EXTRACTED_BEFORE/M3A_ENDPOINT_ACCESS_WORD_SUPPORT_EA1/INPUTS/M3A_Diagonal_Family_Trichotomy_Paper_R1_2.pdf,4135498db2f973d8c3dbd4f77b8ebc94c2f3ea8bfc11e9dd710ef694b65d3222,theorem_like,26,a third valuation coordinate and is not classified by the fixed-fibre theorem; an explicit
_EA1_R1_1_REPAIR_WORK/EXTRACTED_BEFORE/M3A_ENDPOINT_ACCESS_WORD_SUPPORT_EA1/INPUTS/M3A_Diagonal_Family_Trichotomy_Paper_R1_2.pdf,4135498db2f973d8c3dbd4f77b8ebc94c2f3ea8bfc11e9dd710ef694b65d3222,theorem_like,28,"is reserved for a separate companion theorem. The result is local, family-specific and"
_EA1_R1_1_REPAIR_WORK/EXTRACTED_BEFORE/M3A_ENDPOINT_ACCESS_WORD_SUPPORT_EA1/INPUTS/M3A_Diagonal_Family_Trichotomy_Paper_R1_2.pdf,4135498db2f973d8c3dbd4f77b8ebc94c2f3ea8bfc11e9dd710ef694b65d3222,theorem_like,36,"Krylov sector, and records why moving directions require a separate three-scale theorem."
_EA1_R1_1_REPAIR_WORK/EXTRACTED_BEFORE/M3A_ENDPOINT_ACCESS_WORD_SUPPORT_EA1/INPUTS/M3A_Diagonal_Family_Trichotomy_Paper_R1_2.pdf,4135498db2f973d8c3dbd4f77b8ebc94c2f3ea8bfc11e9dd710ef694b65d3222,theorem_like,61,protocol face. The present paper proves the two-variable fixed-fibre theorem and records
_EA1_R1_1_REPAIR_WORK/EXTRACTED_BEFORE/M3A_ENDPOINT_ACCESS_WORD_SUPPORT_EA1/INPUTS/M3A_Diagonal_Family_Trichotomy_Paper_R1_2.pdf,4135498db2f973d8c3dbd4f77b8ebc94c2f3ea8bfc11e9dd710ef694b65d3222,theorem_like,63,moving-direction theorem is a separate companion result.
_EA1_R1_1_REPAIR_WORK/EXTRACTED_BEFORE/M3A_ENDPOINT_ACCESS_WORD_SUPPORT_EA1/INPUTS/M3A_Diagonal_Family_Trichotomy_Paper_R1_2.pdf,4135498db2f973d8c3dbd4f77b8ebc94c2f3ea8bfc11e9dd710ef694b65d3222,theorem_like,71,The theorem sequence is:
_EA1_R1_1_REPAIR_WORK/EXTRACTED_BEFORE/M3A_ENDPOINT_ACCESS_WORD_SUPPORT_EA1/INPUTS/M3A_Diagonal_Family_Trichotomy_Paper_R1_2.pdf,4135498db2f973d8c3dbd4f77b8ebc94c2f3ea8bfc11e9dd710ef694b65d3222,theorem_like,72,1. the exact selected-numerator theorem;
_EA1_R1_1_REPAIR_WORK/EXTRACTED_BEFORE/M3A_ENDPOINT_ACCESS_WORD_SUPPORT_EA1/INPUTS/M3A_Diagonal_Family_Trichotomy_Paper_R1_2.pdf,4135498db2f973d8c3dbd4f77b8ebc94c2f3ea8bfc11e9dd710ef694b65d3222,theorem_like,73,2. the coefficient syzygy theorem;
_EA1_R1_1_REPAIR_WORK/EXTRACTED_BEFORE/M3A_ENDPOINT_ACCESS_WORD_SUPPORT_EA1/INPUTS/M3A_Diagonal_Family_Trichotomy_Paper_R1_2.pdf,4135498db2f973d8c3dbd4f77b8ebc94c2f3ea8bfc11e9dd710ef694b65d3222,theorem_like,74,3. the exact-dark component theorem;
_EA1_R1_1_REPAIR_WORK/EXTRACTED_BEFORE/M3A_ENDPOINT_ACCESS_WORD_SUPPORT_EA1/INPUTS/M3A_Diagonal_Family_Trichotomy_Paper_R1_2.pdf,4135498db2f973d8c3dbd4f77b8ebc94c2f3ea8bfc11e9dd710ef694b65d3222,theorem_like,75,4. the endpoint support lemma;
_EA1_R1_1_REPAIR_WORK/EXTRACTED_BEFORE/M3A_ENDPOINT_ACCESS_WORD_SUPPORT_EA1/INPUTS/M3A_Diagonal_Family_Trichotomy_Paper_R1_2.pdf,4135498db2f973d8c3dbd4f77b8ebc94c2f3ea8bfc11e9dd710ef694b65d3222,theorem_like,77,6. the fixed-fibre positive-power-law theorem;
_EA1_R1_1_REPAIR_WORK/EXTRACTED_BEFORE/M3A_ENDPOINT_ACCESS_WORD_SUPPORT_EA1/INPUTS/M3A_Diagonal_Family_Trichotomy_Paper_R1_2.pdf,4135498db2f973d8c3dbd4f77b8ebc94c2f3ea8bfc11e9dd710ef694b65d3222,theorem_like,104,outside the theorem’s quantifiers. The declared source ise0 and the declared target ise5. We
_EA1_R1_1_REPAIR_WORK/EXTRACTED_BEFORE/M3A_ENDPOINT_ACCESS_WORD_SUPPORT_EA1/INPUTS/M3A_Diagonal_Family_Trichotomy_Paper_R1_2.pdf,4135498db2f973d8c3dbd4f77b8ebc94c2f3ea8bfc11e9dd710ef694b65d3222,theorem_like,139,Proposition 2.1 (Certificate-generated source Krylov sector). LetRorig act by
_EA1_R1_1_REPAIR_WORK/EXTRACTED_BEFORE/M3A_ENDPOINT_ACCESS_WORD_SUPPORT_EA1/INPUTS/M3A_Diagonal_Family_Trichotomy_Paper_R1_2.pdf,4135498db2f973d8c3dbd4f77b8ebc94c2f3ea8bfc11e9dd710ef694b65d3222,theorem_like,161,3 Exact numerator theorem
_EA1_R1_1_REPAIR_WORK/EXTRACTED_BEFORE/M3A_ENDPOINT_ACCESS_WORD_SUPPORT_EA1/INPUTS/M3A_Diagonal_Family_Trichotomy_Paper_R1_2.pdf,4135498db2f973d8c3dbd4f77b8ebc94c2f3ea8bfc11e9dd710ef694b65d3222,theorem_like,166,Theorem 3.1 (Exact selected numerator). Let
_EA1_R1_1_REPAIR_WORK/EXTRACTED_BEFORE/M3A_ENDPOINT_ACCESS_WORD_SUPPORT_EA1/INPUTS/M3A_Diagonal_Family_Trichotomy_Paper_R1_2.pdf,4135498db2f973d8c3dbd4f77b8ebc94c2f3ea8bfc11e9dd710ef694b65d3222,theorem_like,188,"Remark 3.2. The theorem is an exact polynomial identity, not an interpolation statement."
_EA1_R1_1_REPAIR_WORK/EXTRACTED_BEFORE/M3A_ENDPOINT_ACCESS_WORD_SUPPORT_EA1/INPUTS/M3A_Diagonal_Family_Trichotomy_Paper_R1_2.pdf,4135498db2f973d8c3dbd4f77b8ebc94c2f3ea8bfc11e9dd710ef694b65d3222,theorem_like,191,4 Syzygy theorem
_EA1_R1_1_REPAIR_WORK/EXTRACTED_BEFORE/M3A_ENDPOINT_ACCESS_WORD_SUPPORT_EA1/INPUTS/M3A_Diagonal_Family_Trichotomy_Paper_R1_2.pdf,4135498db2f973d8c3dbd4f77b8ebc94c2f3ea8bfc11e9dd710ef694b65d3222,theorem_like,192,Theorem 4.1 (Coefficient syzygy). The three numerator coefficients satisfy
_EA1_R1_1_REPAIR_WORK/EXTRACTED_BEFORE/M3A_ENDPOINT_ACCESS_WORD_SUPPORT_EA1/INPUTS/M3A_Diagonal_Family_Trichotomy_Paper_R1_2.pdf,4135498db2f973d8c3dbd4f77b8ebc94c2f3ea8bfc11e9dd710ef694b65d3222,theorem_like,205,5 Exact-dark component theorem
_EA1_R1_1_REPAIR_WORK/EXTRACTED_BEFORE/M3A_ENDPOINT_ACCESS_WORD_SUPPORT_EA1/INPUTS/M3A_Diagonal_Family_Trichotomy_Paper_R1_2.pdf,4135498db2f973d8c3dbd4f77b8ebc94c2f3ea8bfc11e9dd710ef694b65d3222,theorem_like,208,Theorem 5.1 (Exact-dark locus). The exact-dark direction locus is
_EA1_R1_1_REPAIR_WORK/EXTRACTED_BEFORE/M3A_ENDPOINT_ACCESS_WORD_SUPPORT_EA1/INPUTS/M3A_Diagonal_Family_Trichotomy_Paper_R1_2.pdf,4135498db2f973d8c3dbd4f77b8ebc94c2f3ea8bfc11e9dd710ef694b65d3222,theorem_like,236,6 Endpoint support lemma
_EA1_R1_1_REPAIR_WORK/EXTRACTED_BEFORE/M3A_ENDPOINT_ACCESS_WORD_SUPPORT_EA1/INPUTS/M3A_Diagonal_Family_Trichotomy_Paper_R1_2.pdf,4135498db2f973d8c3dbd4f77b8ebc94c2f3ea8bfc11e9dd710ef694b65d3222,theorem_like,237,"Lemma 6.1 (Endpoint support bound). For every directionv, everyj,k≥0, and either"
_EA1_R1_1_REPAIR_WORK/EXTRACTED_BEFORE/M3A_ENDPOINT_ACCESS_WORD_SUPPORT_EA1/INPUTS/M3A_Diagonal_Family_Trichotomy_Paper_R1_2.pdf,4135498db2f973d8c3dbd4f77b8ebc94c2f3ea8bfc11e9dd710ef694b65d3222,theorem_like,257,7 Three-stratum theorem
_EA1_R1_1_REPAIR_WORK/EXTRACTED_BEFORE/M3A_ENDPOINT_ACCESS_WORD_SUPPORT_EA1/INPUTS/M3A_Diagonal_Family_Trichotomy_Paper_R1_2.pdf,4135498db2f973d8c3dbd4f77b8ebc94c2f3ea8bfc11e9dd710ef694b65d3222,theorem_like,258,"Theorem 7.1 (Complete diagonal-family trichotomy). For everyv∈R4, exactly one of the"
_EA1_R1_1_REPAIR_WORK/EXTRACTED_BEFORE/M3A_ENDPOINT_ACCESS_WORD_SUPPORT_EA1/INPUTS/M3A_Diagonal_Family_Trichotomy_Paper_R1_2.pdf,4135498db2f973d8c3dbd4f77b8ebc94c2f3ea8bfc11e9dd710ef694b65d3222,theorem_like,309,"Finally, ifℓ=Q = 0, theorem 4.1 givesR = 0, so the complete selected numerator is zero."
_EA1_R1_1_REPAIR_WORK/EXTRACTED_BEFORE/M3A_ENDPOINT_ACCESS_WORD_SUPPORT_EA1/INPUTS/M3A_Diagonal_Family_Trichotomy_Paper_R1_2.pdf,4135498db2f973d8c3dbd4f77b8ebc94c2f3ea8bfc11e9dd710ef694b65d3222,counterexample,27,"counterexample records this boundary, while the corresponding three-scale geometry"
_EA1_R1_1_REPAIR_WORK/EXTRACTED_BEFORE/M3A_ENDPOINT_ACCESS_WORD_SUPPORT_EA1/INPUTS/M3A_Diagonal_Family_Trichotomy_Paper_R1_2.pdf,4135498db2f973d8c3dbd4f77b8ebc94c2f3ea8bfc11e9dd710ef694b65d3222,counterexample,62,an explicit moving-direction counterexample only to mark that boundary. The three-scale
_EA1_R1_1_REPAIR_WORK/EXTRACTED_BEFORE/M3A_ENDPOINT_ACCESS_WORD_SUPPORT_EA1/INPUTS/M3A_Diagonal_Family_Trichotomy_Paper_R1_2.pdf,4135498db2f973d8c3dbd4f77b8ebc94c2f3ea8bfc11e9dd710ef694b65d3222,counterexample,545,The moving-direction counterexample does not weaken this theorem. It identifies its exact
_EA1_R1_1_REPAIR_WORK/EXTRACTED_BEFORE/M3A_ENDPOINT_ACCESS_WORD_SUPPORT_EA1/INPUTS/M3A_Diagonal_Family_Trichotomy_Paper_R1_2.pdf,4135498db2f973d8c3dbd4f77b8ebc94c2f3ea8bfc11e9dd710ef694b65d3222,scope_warning,508,"12 Scope, reproducibility and transparency"
_EA1_R1_1_REPAIR_WORK/EXTRACTED_BEFORE/M3A_ENDPOINT_ACCESS_WORD_SUPPORT_EA1/INPUTS/M3A_Diagonal_Family_Trichotomy_Paper_R1_2.pdf,4135498db2f973d8c3dbd4f77b8ebc94c2f3ea8bfc11e9dd710ef694b65d3222,scope_warning,509,"Scope statement 12.1. The results are finite-dimensional, local near (t,ε) = (0 , 0), tied"
_EA1_R1_1_REPAIR_WORK/EXTRACTED_BEFORE/M3A_ENDPOINT_ACCESS_WORD_SUPPORT_EA1/INPUTS/M3A_Diagonal_Family_Trichotomy_Paper_R1_2.pdf,4135498db2f973d8c3dbd4f77b8ebc94c2f3ea8bfc11e9dd710ef694b65d3222,correction,100,"Fixed-direction convention. Throughout this paper,v∈R4 is selected once and held"
_EA1_R1_1_REPAIR_WORK/EXTRACTED_BEFORE/M3A_ENDPOINT_ACCESS_WORD_SUPPORT_EA1/INPUTS/M3A_Diagonal_Family_Trichotomy_Paper_R1_2.pdf,4135498db2f973d8c3dbd4f77b8ebc94c2f3ea8bfc11e9dd710ef694b65d3222,correction,170,convention is
_EA1_R1_1_REPAIR_WORK/EXTRACTED_BEFORE/M3A_ENDPOINT_ACCESS_WORD_SUPPORT_EA1/INPUTS/M3A_Diagonal_Family_Trichotomy_Paper_R1_2.pdf,4135498db2f973d8c3dbd4f77b8ebc94c2f3ea8bfc11e9dd710ef694b65d3222,correction,364,Corollary 8.3 (Newton polyhedra of the fibres). With the convention
_EA1_R1_1_REPAIR_WORK/EXTRACTED_BEFORE/M3A_ENDPOINT_ACCESS_WORD_SUPPORT_EA1/INPUTS/M3A_Diagonal_Family_Trichotomy_Paper_R1_2.pdf,4135498db2f973d8c3dbd4f77b8ebc94c2f3ea8bfc11e9dd710ef694b65d3222,release_label,524,sealed TF1 archive supporting that core has SHA-256
_EA1_R1_1_REPAIR_WORK/EXTRACTED_BEFORE/M3A_ENDPOINT_ACCESS_WORD_SUPPORT_EA1/INPUTS/M3A_Diagonal_Family_Trichotomy_Paper_R1_2.pdf,4135498db2f973d8c3dbd4f77b8ebc94c2f3ea8bfc11e9dd710ef694b65d3222,release_label,549,ARC1 theorem rather than being forced into the fixed-fibre statement.
_EA1_R1_1_REPAIR_WORK/EXTRACTED_BEFORE/M3A_ENDPOINT_ACCESS_WORD_SUPPORT_EA1/INPUTS/M3A_Diagonal_Family_Trichotomy_Paper_R1_2.pdf,4135498db2f973d8c3dbd4f77b8ebc94c2f3ea8bfc11e9dd710ef694b65d3222,doi,584,"trapping”. In:Physical Review Letters61.7, pp. 826–829.doi: 10.1103/PhysRevLett.61."
_EA1_R1_1_REPAIR_WORK/EXTRACTED_BEFORE/M3A_ENDPOINT_ACCESS_WORD_SUPPORT_EA1/INPUTS/M3A_Diagonal_Family_Trichotomy_Paper_R1_2.pdf,4135498db2f973d8c3dbd4f77b8ebc94c2f3ea8bfc11e9dd710ef694b65d3222,doi,589,"Chemical Physics92.9, pp. 5363–5376.doi: 10.1063/1.458514."
_EA1_R1_1_REPAIR_WORK/EXTRACTED_BEFORE/M3A_ENDPOINT_ACCESS_WORD_SUPPORT_EA1/INPUTS/M3A_Diagonal_Family_Trichotomy_Paper_R1_2.pdf,4135498db2f973d8c3dbd4f77b8ebc94c2f3ea8bfc11e9dd710ef694b65d3222,doi,591,"from input/output functions”. In:Regelungstechnik 14, pp. 545–548.doi: 10.1524/auto."
_EA1_R1_1_REPAIR_WORK/EXTRACTED_BEFORE/M3A_ENDPOINT_ACCESS_WORD_SUPPORT_EA1/INPUTS/M3A_Diagonal_Family_Trichotomy_Paper_R1_2.pdf,4135498db2f973d8c3dbd4f77b8ebc94c2f3ea8bfc11e9dd710ef694b65d3222,doi,595,doi: 10.1137/0320015.
_EA1_R1_1_REPAIR_WORK/EXTRACTED_BEFORE/M3A_ENDPOINT_ACCESS_WORD_SUPPORT_EA1/INPUTS/M3A_Diagonal_Family_Trichotomy_Paper_R1_2.pdf,4135498db2f973d8c3dbd4f77b8ebc94c2f3ea8bfc11e9dd710ef694b65d3222,doi,598,pp. 1299–1320.doi: 10.1137/22M1509825.
_EA1_R1_1_REPAIR_WORK/EXTRACTED_BEFORE/M3A_ENDPOINT_ACCESS_WORD_SUPPORT_EA1/INPUTS/M3A_Diagonal_Family_Trichotomy_Paper_R1_2.pdf,4135498db2f973d8c3dbd4f77b8ebc94c2f3ea8bfc11e9dd710ef694b65d3222,doi,601,pp. 490–504.doi: 10.1137/0319029.
_EA1_R1_1_REPAIR_WORK/EXTRACTED_BEFORE/M3A_ENDPOINT_ACCESS_WORD_SUPPORT_EA1/INPUTS/M3A_Diagonal_Family_Trichotomy_Paper_R1_2.pdf,4135498db2f973d8c3dbd4f77b8ebc94c2f3ea8bfc11e9dd710ef694b65d3222,doi,603,"multilevel quantum systems”. In:Physical Review A113.1, 013723. doi: 10.1103/k7vj-"
_GF1_WORK/FRESH/ARC1_LOCK/M3A_ARC1_COLLEAGUE_LOCKED_DEFINITIONS_R1_0/ARC1_LOCKED_DEFINITIONS_REFERENCE.pdf,07948d0d9b606db20874eed5941ade3dbc423782d96a94fafd199e8ccdc03444,theorem_like,3,Analytic-Arc Valuation Theorem for the M3A
_GF1_WORK/FRESH/ARC1_LOCK/M3A_ARC1_COLLEAGUE_LOCKED_DEFINITIONS_R1_0/ARC1_LOCKED_DEFINITIONS_REFERENCE.pdf,07948d0d9b606db20874eed5941ade3dbc423782d96a94fafd199e8ccdc03444,theorem_like,7,"A self-contained, citable map of the locked dynamical model, three-scale support theorem, quantifier"
_GF1_WORK/FRESH/ARC1_LOCK/M3A_ARC1_COLLEAGUE_LOCKED_DEFINITIONS_R1_0/ARC1_LOCKED_DEFINITIONS_REFERENCE.pdf,07948d0d9b606db20874eed5941ade3dbc423782d96a94fafd199e8ccdc03444,theorem_like,10,LOCKED-DEFINITION · model
_GF1_WORK/FRESH/ARC1_LOCK/M3A_ARC1_COLLEAGUE_LOCKED_DEFINITIONS_R1_0/ARC1_LOCKED_DEFINITIONS_REFERENCE.pdf,07948d0d9b606db20874eed5941ade3dbc423782d96a94fafd199e8ccdc03444,theorem_like,29,LOCKED-DEFINITION · series and support
_GF1_WORK/FRESH/ARC1_LOCK/M3A_ARC1_COLLEAGUE_LOCKED_DEFINITIONS_R1_0/ARC1_LOCKED_DEFINITIONS_REFERENCE.pdf,07948d0d9b606db20874eed5941ade3dbc423782d96a94fafd199e8ccdc03444,theorem_like,36,LOCKED-DEFINITION · invariant channels
_GF1_WORK/FRESH/ARC1_LOCK/M3A_ARC1_COLLEAGUE_LOCKED_DEFINITIONS_R1_0/ARC1_LOCKED_DEFINITIONS_REFERENCE.pdf,07948d0d9b606db20874eed5941ade3dbc423782d96a94fafd199e8ccdc03444,theorem_like,55,PROVED · ARC1-C3 lower-support theorem
_GF1_WORK/FRESH/ARC1_LOCK/M3A_ARC1_COLLEAGUE_LOCKED_DEFINITIONS_R1_0/ARC1_LOCKED_DEFINITIONS_REFERENCE.pdf,07948d0d9b606db20874eed5941ade3dbc423782d96a94fafd199e8ccdc03444,theorem_like,65,Theorem 4.1.
_GF1_WORK/FRESH/ARC1_LOCK/M3A_ARC1_COLLEAGUE_LOCKED_DEFINITIONS_R1_0/ARC1_LOCKED_DEFINITIONS_REFERENCE.pdf,07948d0d9b606db20874eed5941ade3dbc423782d96a94fafd199e8ccdc03444,theorem_like,71,"Source: R1.2 Lemma 6.1, lines 421–455, equation (18)."
_GF1_WORK/FRESH/ARC1_LOCK/M3A_ARC1_COLLEAGUE_LOCKED_DEFINITIONS_R1_0/ARC1_LOCKED_DEFINITIONS_REFERENCE.pdf,07948d0d9b606db20874eed5941ade3dbc423782d96a94fafd199e8ccdc03444,theorem_like,81,"Sources: R1.2 Theorem 5.1, lines 355–417; exact-dark moving source lines 4–32, SHA-256"
_GF1_WORK/FRESH/ARC1_LOCK/M3A_ARC1_COLLEAGUE_LOCKED_DEFINITIONS_R1_0/ARC1_LOCKED_DEFINITIONS_REFERENCE.pdf,07948d0d9b606db20874eed5941ade3dbc423782d96a94fafd199e8ccdc03444,theorem_like,109,prompt. The historic theorem files were unnumbered; ARC1-C1–C6 are clarification concordance numbers.
_GF1_WORK/FRESH/ARC1_LOCK/M3A_ARC1_COLLEAGUE_LOCKED_DEFINITIONS_R1_0/ARC1_LOCKED_DEFINITIONS_REFERENCE.pdf,07948d0d9b606db20874eed5941ade3dbc423782d96a94fafd199e8ccdc03444,scope_warning,83,PROVED · ARC1-C6 tie and scalar-field scope
_GF1_WORK/FRESH/ARC1_LOCK/M3A_ARC1_COLLEAGUE_LOCKED_DEFINITIONS_R1_0/ARC1_LOCKED_DEFINITIONS_REFERENCE.pdf,07948d0d9b606db20874eed5941ade3dbc423782d96a94fafd199e8ccdc03444,scope_warning,90,Source: tie source lines 4–30; SHA-256 a5c3400e7906e56b00c51628b531e2bf8f9835a2e51fc12c14b9b109916a5e81; scope correction in
_GF1_WORK/FRESH/ARC1_LOCK/M3A_ARC1_COLLEAGUE_LOCKED_DEFINITIONS_R1_0/ARC1_LOCKED_DEFINITIONS_REFERENCE.pdf,07948d0d9b606db20874eed5941ade3dbc423782d96a94fafd199e8ccdc03444,scope_warning,108,ARC1_INFORMATION_REQUEST.md.pdf was unavailable. Q1–Q12 are preserved in the verified clarification
_GF1_WORK/FRESH/ARC1_LOCK/M3A_ARC1_COLLEAGUE_LOCKED_DEFINITIONS_R1_0/ARC1_LOCKED_DEFINITIONS_REFERENCE.pdf,07948d0d9b606db20874eed5941ade3dbc423782d96a94fafd199e8ccdc03444,correction,90,Source: tie source lines 4–30; SHA-256 a5c3400e7906e56b00c51628b531e2bf8f9835a2e51fc12c14b9b109916a5e81; scope correction in
_GF1_WORK/FRESH/ARC1_LOCK/M3A_ARC1_COLLEAGUE_LOCKED_DEFINITIONS_R1_0/ARC1_LOCKED_DEFINITIONS_REFERENCE.pdf,07948d0d9b606db20874eed5941ade3dbc423782d96a94fafd199e8ccdc03444,release_label,1,ARC1 locked definitions reference R1.0
_GF1_WORK/FRESH/ARC1_LOCK/M3A_ARC1_COLLEAGUE_LOCKED_DEFINITIONS_R1_0/ARC1_LOCKED_DEFINITIONS_REFERENCE.pdf,07948d0d9b606db20874eed5941ade3dbc423782d96a94fafd199e8ccdc03444,release_label,27,ARC1 locked definitions reference R1.0
_GF1_WORK/FRESH/ARC1_LOCK/M3A_ARC1_COLLEAGUE_LOCKED_DEFINITIONS_R1_0/ARC1_LOCKED_DEFINITIONS_REFERENCE.pdf,07948d0d9b606db20874eed5941ade3dbc423782d96a94fafd199e8ccdc03444,release_label,35,"Source: R1.2 equations (5)–(6), lines 163–180; ARC1 support source lines 12–34."
_GF1_WORK/FRESH/ARC1_LOCK/M3A_ARC1_COLLEAGUE_LOCKED_DEFINITIONS_R1_0/ARC1_LOCKED_DEFINITIONS_REFERENCE.pdf,07948d0d9b606db20874eed5941ade3dbc423782d96a94fafd199e8ccdc03444,release_label,43,PROVED · ARC1-C2 transformed resolvent
_GF1_WORK/FRESH/ARC1_LOCK/M3A_ARC1_COLLEAGUE_LOCKED_DEFINITIONS_R1_0/ARC1_LOCKED_DEFINITIONS_REFERENCE.pdf,07948d0d9b606db20874eed5941ade3dbc423782d96a94fafd199e8ccdc03444,release_label,53,ARC1 locked definitions reference R1.0
_GF1_WORK/FRESH/ARC1_LOCK/M3A_ARC1_COLLEAGUE_LOCKED_DEFINITIONS_R1_0/ARC1_LOCKED_DEFINITIONS_REFERENCE.pdf,07948d0d9b606db20874eed5941ade3dbc423782d96a94fafd199e8ccdc03444,release_label,55,PROVED · ARC1-C3 lower-support theorem
_GF1_WORK/FRESH/ARC1_LOCK/M3A_ARC1_COLLEAGUE_LOCKED_DEFINITIONS_R1_0/ARC1_LOCKED_DEFINITIONS_REFERENCE.pdf,07948d0d9b606db20874eed5941ade3dbc423782d96a94fafd199e8ccdc03444,release_label,66,PROVED · ARC1-C4 endpoint firewall
_GF1_WORK/FRESH/ARC1_LOCK/M3A_ARC1_COLLEAGUE_LOCKED_DEFINITIONS_R1_0/ARC1_LOCKED_DEFINITIONS_REFERENCE.pdf,07948d0d9b606db20874eed5941ade3dbc423782d96a94fafd199e8ccdc03444,release_label,74,ARC1 locked definitions reference R1.0
_GF1_WORK/FRESH/ARC1_LOCK/M3A_ARC1_COLLEAGUE_LOCKED_DEFINITIONS_R1_0/ARC1_LOCKED_DEFINITIONS_REFERENCE.pdf,07948d0d9b606db20874eed5941ade3dbc423782d96a94fafd199e8ccdc03444,release_label,76,PROVED · ARC1-C5 exact-dark geometry
_GF1_WORK/FRESH/ARC1_LOCK/M3A_ARC1_COLLEAGUE_LOCKED_DEFINITIONS_R1_0/ARC1_LOCKED_DEFINITIONS_REFERENCE.pdf,07948d0d9b606db20874eed5941ade3dbc423782d96a94fafd199e8ccdc03444,release_label,83,PROVED · ARC1-C6 tie and scalar-field scope
_GF1_WORK/FRESH/ARC1_LOCK/M3A_ARC1_COLLEAGUE_LOCKED_DEFINITIONS_R1_0/ARC1_LOCKED_DEFINITIONS_REFERENCE.pdf,07948d0d9b606db20874eed5941ade3dbc423782d96a94fafd199e8ccdc03444,release_label,94,ARC1 locked definitions reference R1.0
_GF1_WORK/FRESH/ARC1_LOCK/M3A_ARC1_COLLEAGUE_LOCKED_DEFINITIONS_R1_0/ARC1_LOCKED_DEFINITIONS_REFERENCE.pdf,07948d0d9b606db20874eed5941ade3dbc423782d96a94fafd199e8ccdc03444,release_label,109,prompt. The historic theorem files were unnumbered; ARC1-C1–C6 are clarification concordance numbers.
_GF1_WORK/FRESH/ARC1_LOCK/M3A_ARC1_COLLEAGUE_LOCKED_DEFINITIONS_R1_0/ARC1_LOCKED_DEFINITIONS_REFERENCE.pdf,07948d0d9b606db20874eed5941ade3dbc423782d96a94fafd199e8ccdc03444,release_label,112,ARC1 locked definitions reference R1.0
_GF1_WORK/FRESH/NP1/M3A_NEWTON_PROTOCOL_ATLAS_NP1/INPUTS/M3A_Diagonal_Family_Trichotomy_Paper_R1_1.pdf,36b27ccef80998fd43517be20d7915772d24a8f9d055b8abd0532054761f0013,theorem_like,50,The theorem sequence is:
_GF1_WORK/FRESH/NP1/M3A_NEWTON_PROTOCOL_ATLAS_NP1/INPUTS/M3A_Diagonal_Family_Trichotomy_Paper_R1_1.pdf,36b27ccef80998fd43517be20d7915772d24a8f9d055b8abd0532054761f0013,theorem_like,51,1. the exact selected-numerator theorem;
_GF1_WORK/FRESH/NP1/M3A_NEWTON_PROTOCOL_ATLAS_NP1/INPUTS/M3A_Diagonal_Family_Trichotomy_Paper_R1_1.pdf,36b27ccef80998fd43517be20d7915772d24a8f9d055b8abd0532054761f0013,theorem_like,52,2. the syzygy theorem;
_GF1_WORK/FRESH/NP1/M3A_NEWTON_PROTOCOL_ATLAS_NP1/INPUTS/M3A_Diagonal_Family_Trichotomy_Paper_R1_1.pdf,36b27ccef80998fd43517be20d7915772d24a8f9d055b8abd0532054761f0013,theorem_like,53,3. the exact-dark component theorem;
_GF1_WORK/FRESH/NP1/M3A_NEWTON_PROTOCOL_ATLAS_NP1/INPUTS/M3A_Diagonal_Family_Trichotomy_Paper_R1_1.pdf,36b27ccef80998fd43517be20d7915772d24a8f9d055b8abd0532054761f0013,theorem_like,54,4. the endpoint support lemma;
_GF1_WORK/FRESH/NP1/M3A_NEWTON_PROTOCOL_ATLAS_NP1/INPUTS/M3A_Diagonal_Family_Trichotomy_Paper_R1_1.pdf,36b27ccef80998fd43517be20d7915772d24a8f9d055b8abd0532054761f0013,theorem_like,55,5. the three-stratum theorem;
_GF1_WORK/FRESH/NP1/M3A_NEWTON_PROTOCOL_ATLAS_NP1/INPUTS/M3A_Diagonal_Family_Trichotomy_Paper_R1_1.pdf,36b27ccef80998fd43517be20d7915772d24a8f9d055b8abd0532054761f0013,theorem_like,56,6. the positive-power-law family theorem;
_GF1_WORK/FRESH/NP1/M3A_NEWTON_PROTOCOL_ATLAS_NP1/INPUTS/M3A_Diagonal_Family_Trichotomy_Paper_R1_1.pdf,36b27ccef80998fd43517be20d7915772d24a8f9d055b8abd0532054761f0013,theorem_like,111,3 Exact numerator theorem
_GF1_WORK/FRESH/NP1/M3A_NEWTON_PROTOCOL_ATLAS_NP1/INPUTS/M3A_Diagonal_Family_Trichotomy_Paper_R1_1.pdf,36b27ccef80998fd43517be20d7915772d24a8f9d055b8abd0532054761f0013,theorem_like,116,Theorem 3.1(Exact selected numerator).Let
_GF1_WORK/FRESH/NP1/M3A_NEWTON_PROTOCOL_ATLAS_NP1/INPUTS/M3A_Diagonal_Family_Trichotomy_Paper_R1_1.pdf,36b27ccef80998fd43517be20d7915772d24a8f9d055b8abd0532054761f0013,theorem_like,136,"Remark3.2.The theorem is an exact polynomial identity, not an interpolation statement."
_GF1_WORK/FRESH/NP1/M3A_NEWTON_PROTOCOL_ATLAS_NP1/INPUTS/M3A_Diagonal_Family_Trichotomy_Paper_R1_1.pdf,36b27ccef80998fd43517be20d7915772d24a8f9d055b8abd0532054761f0013,theorem_like,141,4 Syzygy theorem
_GF1_WORK/FRESH/NP1/M3A_NEWTON_PROTOCOL_ATLAS_NP1/INPUTS/M3A_Diagonal_Family_Trichotomy_Paper_R1_1.pdf,36b27ccef80998fd43517be20d7915772d24a8f9d055b8abd0532054761f0013,theorem_like,142,Theorem 4.1(Coefficient syzygy).The three numerator coefficients satisfy
_GF1_WORK/FRESH/NP1/M3A_NEWTON_PROTOCOL_ATLAS_NP1/INPUTS/M3A_Diagonal_Family_Trichotomy_Paper_R1_1.pdf,36b27ccef80998fd43517be20d7915772d24a8f9d055b8abd0532054761f0013,theorem_like,155,5 Exact-dark component theorem
_GF1_WORK/FRESH/NP1/M3A_NEWTON_PROTOCOL_ATLAS_NP1/INPUTS/M3A_Diagonal_Family_Trichotomy_Paper_R1_1.pdf,36b27ccef80998fd43517be20d7915772d24a8f9d055b8abd0532054761f0013,theorem_like,158,Theorem 5.1(Exact-dark locus).The exact-dark direction locus is
_GF1_WORK/FRESH/NP1/M3A_NEWTON_PROTOCOL_ATLAS_NP1/INPUTS/M3A_Diagonal_Family_Trichotomy_Paper_R1_1.pdf,36b27ccef80998fd43517be20d7915772d24a8f9d055b8abd0532054761f0013,theorem_like,186,6 Endpoint support lemma
_GF1_WORK/FRESH/NP1/M3A_NEWTON_PROTOCOL_ATLAS_NP1/INPUTS/M3A_Diagonal_Family_Trichotomy_Paper_R1_1.pdf,36b27ccef80998fd43517be20d7915772d24a8f9d055b8abd0532054761f0013,theorem_like,187,"Lemma 6.1(Endpoint support bound).For every direction v, everyj,k≥0, and either"
_GF1_WORK/FRESH/NP1/M3A_NEWTON_PROTOCOL_ATLAS_NP1/INPUTS/M3A_Diagonal_Family_Trichotomy_Paper_R1_1.pdf,36b27ccef80998fd43517be20d7915772d24a8f9d055b8abd0532054761f0013,theorem_like,205,7 Three-stratum theorem
_GF1_WORK/FRESH/NP1/M3A_NEWTON_PROTOCOL_ATLAS_NP1/INPUTS/M3A_Diagonal_Family_Trichotomy_Paper_R1_1.pdf,36b27ccef80998fd43517be20d7915772d24a8f9d055b8abd0532054761f0013,theorem_like,206,"Theorem 7.1(Complete diagonal-family trichotomy).For every v∈R4, exactly one of the"
_GF1_WORK/FRESH/NP1/M3A_NEWTON_PROTOCOL_ATLAS_NP1/INPUTS/M3A_Diagonal_Family_Trichotomy_Paper_R1_1.pdf,36b27ccef80998fd43517be20d7915772d24a8f9d055b8abd0532054761f0013,theorem_like,257,"Finally, ifℓ=Q = 0, theorem 4.1 givesR = 0, so the complete selected numerator is zero."
_GF1_WORK/FRESH/NP1/M3A_NEWTON_PROTOCOL_ATLAS_NP1/INPUTS/M3A_Diagonal_Family_Trichotomy_Paper_R1_1.pdf,36b27ccef80998fd43517be20d7915772d24a8f9d055b8abd0532054761f0013,theorem_like,263,8 Positive-power-law family theorem
_GF1_WORK/FRESH/NP1/M3A_NEWTON_PROTOCOL_ATLAS_NP1/INPUTS/M3A_Diagonal_Family_Trichotomy_Paper_R1_1.pdf,36b27ccef80998fd43517be20d7915772d24a8f9d055b8abd0532054761f0013,theorem_like,267,Lemma 8.1(Positive-weight support criterion).Let
_GF1_WORK/FRESH/NP1/M3A_NEWTON_PROTOCOL_ATLAS_NP1/INPUTS/M3A_Diagonal_Family_Trichotomy_Paper_R1_1.pdf,36b27ccef80998fd43517be20d7915772d24a8f9d055b8abd0532054761f0013,theorem_like,288,Theorem 8.2(Family-wide positive-power-law stability).Let
_GF1_WORK/FRESH/NP1/M3A_NEWTON_PROTOCOL_ATLAS_NP1/INPUTS/M3A_Diagonal_Family_Trichotomy_Paper_R1_1.pdf,36b27ccef80998fd43517be20d7915772d24a8f9d055b8abd0532054761f0013,theorem_like,301,"Proof. In stratum I,(1, 3)is present. By baseline darkness and lemma 6.1, every support"
_GF1_WORK/FRESH/NP1/M3A_NEWTON_PROTOCOL_ATLAS_NP1/INPUTS/M3A_Diagonal_Family_Trichotomy_Paper_R1_1.pdf,36b27ccef80998fd43517be20d7915772d24a8f9d055b8abd0532054761f0013,theorem_like,311,The result now follows from lemma 8.1 and continuity of the corresponding analytic factors
_GF1_WORK/FRESH/NP1/M3A_NEWTON_PROTOCOL_ATLAS_NP1/INPUTS/M3A_Diagonal_Family_Trichotomy_Paper_R1_1.pdf,36b27ccef80998fd43517be20d7915772d24a8f9d055b8abd0532054761f0013,theorem_like,313,Corollary 8.3(Newton polyhedra of the fibres).With the convention
_GF1_WORK/FRESH/NP1/M3A_NEWTON_PROTOCOL_ATLAS_NP1/INPUTS/M3A_Diagonal_Family_Trichotomy_Paper_R1_1.pdf,36b27ccef80998fd43517be20d7915772d24a8f9d055b8abd0532054761f0013,scope_warning,416,"12 Scope, reproducibility and transparency"
_GF1_WORK/FRESH/NP1/M3A_NEWTON_PROTOCOL_ATLAS_NP1/INPUTS/M3A_Diagonal_Family_Trichotomy_Paper_R1_1.pdf,36b27ccef80998fd43517be20d7915772d24a8f9d055b8abd0532054761f0013,scope_warning,417,"Scope statement12.1.The results are finite-dimensional, local near(t,ε) = (0, 0), tied to the"
_GF1_WORK/FRESH/NP1/M3A_NEWTON_PROTOCOL_ATLAS_NP1/INPUTS/M3A_Diagonal_Family_Trichotomy_Paper_R1_1.pdf,36b27ccef80998fd43517be20d7915772d24a8f9d055b8abd0532054761f0013,correction,120,convention is
_GF1_WORK/FRESH/NP1/M3A_NEWTON_PROTOCOL_ATLAS_NP1/INPUTS/M3A_Diagonal_Family_Trichotomy_Paper_R1_1.pdf,36b27ccef80998fd43517be20d7915772d24a8f9d055b8abd0532054761f0013,correction,313,Corollary 8.3(Newton polyhedra of the fibres).With the convention
_GF1_WORK/FRESH/NP1/M3A_NEWTON_PROTOCOL_ATLAS_NP1/INPUTS/M3A_Diagonal_Family_Trichotomy_Paper_R1_1.pdf,36b27ccef80998fd43517be20d7915772d24a8f9d055b8abd0532054761f0013,release_label,425,"of the selected cofactor, determinant and moment-word calculations. The sealed TF1 archive"
_GF1_WORK/FRESH/NP1/M3A_NEWTON_PROTOCOL_ATLAS_NP1/INPUTS/M3A_Diagonal_Family_Trichotomy_Paper_R1_1.pdf,36b27ccef80998fd43517be20d7915772d24a8f9d055b8abd0532054761f0013,doi,478,"trapping”. In:Physical Review Letters61.7, pp. 826–829.doi:10.1103/PhysRevLett.61."
_GF1_WORK/FRESH/NP1/M3A_NEWTON_PROTOCOL_ATLAS_NP1/INPUTS/M3A_Diagonal_Family_Trichotomy_Paper_R1_1.pdf,36b27ccef80998fd43517be20d7915772d24a8f9d055b8abd0532054761f0013,doi,483,"Chemical Physics92.9, pp. 5363–5376.doi:10.1063/1.458514."
_GF1_WORK/FRESH/NP1/M3A_NEWTON_PROTOCOL_ATLAS_NP1/INPUTS/M3A_Diagonal_Family_Trichotomy_Paper_R1_1.pdf,36b27ccef80998fd43517be20d7915772d24a8f9d055b8abd0532054761f0013,doi,485,"from input/output functions”. In:Regelungstechnik14, pp. 545–548.doi:10.1524/auto."
_GF1_WORK/FRESH/NP1/M3A_NEWTON_PROTOCOL_ATLAS_NP1/INPUTS/M3A_Diagonal_Family_Trichotomy_Paper_R1_1.pdf,36b27ccef80998fd43517be20d7915772d24a8f9d055b8abd0532054761f0013,doi,489,doi:10.1137/0320015.
_GF1_WORK/FRESH/NP1/M3A_NEWTON_PROTOCOL_ATLAS_NP1/INPUTS/M3A_Diagonal_Family_Trichotomy_Paper_R1_1.pdf,36b27ccef80998fd43517be20d7915772d24a8f9d055b8abd0532054761f0013,doi,494,pp. 1299–1320.doi:10.1137/22M1509825.
_GF1_WORK/FRESH/NP1/M3A_NEWTON_PROTOCOL_ATLAS_NP1/INPUTS/M3A_Diagonal_Family_Trichotomy_Paper_R1_1.pdf,36b27ccef80998fd43517be20d7915772d24a8f9d055b8abd0532054761f0013,doi,497,pp. 490–504.doi:10.1137/0319029.
_GF1_WORK/FRESH/NP1/M3A_NEWTON_PROTOCOL_ATLAS_NP1/INPUTS/M3A_Diagonal_Family_Trichotomy_Paper_R1_1.pdf,36b27ccef80998fd43517be20d7915772d24a8f9d055b8abd0532054761f0013,doi,499,"multilevel quantum systems”. In:Physical Review A113.1, 013723.doi:10.1103/k7vj-"
_HANDOFF_GENERATOR_WORK/M3A Prompts - copy/M3A_Stage_4_Formulate_M3A_Open_Prompt_REVISED.pdf,0af67a30e68ffa3cf0d46d0cff8d852eef29f1ffd7c83373876b93dfe39e3cbf,theorem_like,57,2. Stage definition
_HANDOFF_GENERATOR_WORK/M3A Prompts - copy/M3A_Stage_4_Formulate_M3A_Open_Prompt_REVISED.pdf,0af67a30e68ffa3cf0d46d0cff8d852eef29f1ffd7c83373876b93dfe39e3cbf,theorem_like,59,Definition for this stage
_HANDOFF_GENERATOR_WORK/M3A Prompts - copy/M3A_Stage_4_Formulate_M3A_Open_Prompt_REVISED.pdf,0af67a30e68ffa3cf0d46d0cff8d852eef29f1ffd7c83373876b93dfe39e3cbf,theorem_like,130,"Prove the finite moment theorem; determine full, trace-structured, symmetry-reduced, and reachable-subspace"
_HANDOFF_GENERATOR_WORK/M3A Prompts - copy/M3A_Stage_4_Formulate_M3A_Open_Prompt_REVISED.pdf,0af67a30e68ffa3cf0d46d0cff8d852eef29f1ffd7c83373876b93dfe39e3cbf,theorem_like,147,5. Theorem and proposition targets
_HANDOFF_GENERATOR_WORK/M3A Prompts - copy/M3A_Stage_4_Formulate_M3A_Open_Prompt_REVISED.pdf,0af67a30e68ffa3cf0d46d0cff8d852eef29f1ffd7c83373876b93dfe39e3cbf,theorem_like,147,5. Theorem and proposition targets
_HANDOFF_GENERATOR_WORK/M3A Prompts - copy/M3A_Stage_4_Formulate_M3A_Open_Prompt_REVISED.pdf,0af67a30e68ffa3cf0d46d0cff8d852eef29f1ffd7c83373876b93dfe39e3cbf,theorem_like,158, P1. Closed-system embedding theorem showing agreement with M3A channel-access conclusions for linear
_HANDOFF_GENERATOR_WORK/M3A Prompts - copy/M3A_Stage_4_Formulate_M3A_Open_Prompt_REVISED.pdf,0af67a30e68ffa3cf0d46d0cff8d852eef29f1ffd7c83373876b93dfe39e3cbf,theorem_like,173, Trace-one geometry: density matrices form an affine set; distinguish the full operator-space linear theorem
_HANDOFF_GENERATOR_WORK/M3A Prompts - copy/M3A_Stage_4_Formulate_M3A_Open_Prompt_REVISED.pdf,0af67a30e68ffa3cf0d46d0cff8d852eef29f1ffd7c83373876b93dfe39e3cbf,theorem_like,175, Positivity: a formal linear superoperator theorem does not by itself imply a physical CPTP Lindblad process.
_HANDOFF_GENERATOR_WORK/M3A Prompts - copy/M3A_Stage_4_Formulate_M3A_Open_Prompt_REVISED.pdf,0af67a30e68ffa3cf0d46d0cff8d852eef29f1ffd7c83373876b93dfe39e3cbf,theorem_like,182,Definition
_HANDOFF_GENERATOR_WORK/M3A Prompts - copy/M3A_Stage_4_Formulate_M3A_Open_Prompt_REVISED.pdf,0af67a30e68ffa3cf0d46d0cff8d852eef29f1ffd7c83373876b93dfe39e3cbf,theorem_like,193,Definition
_HANDOFF_GENERATOR_WORK/M3A Prompts - copy/M3A_Stage_4_Formulate_M3A_Open_Prompt_REVISED.pdf,0af67a30e68ffa3cf0d46d0cff8d852eef29f1ffd7c83373876b93dfe39e3cbf,theorem_like,203,Definition
_HANDOFF_GENERATOR_WORK/M3A Prompts - copy/M3A_Stage_4_Formulate_M3A_Open_Prompt_REVISED.pdf,0af67a30e68ffa3cf0d46d0cff8d852eef29f1ffd7c83373876b93dfe39e3cbf,theorem_like,215,Definition
_HANDOFF_GENERATOR_WORK/M3A Prompts - copy/M3A_Stage_4_Formulate_M3A_Open_Prompt_REVISED.pdf,0af67a30e68ffa3cf0d46d0cff8d852eef29f1ffd7c83373876b93dfe39e3cbf,theorem_like,226,Definition
_HANDOFF_GENERATOR_WORK/M3A Prompts - copy/M3A_Stage_4_Formulate_M3A_Open_Prompt_REVISED.pdf,0af67a30e68ffa3cf0d46d0cff8d852eef29f1ffd7c83373876b93dfe39e3cbf,theorem_like,234,Definition
_HANDOFF_GENERATOR_WORK/M3A Prompts - copy/M3A_Stage_4_Formulate_M3A_Open_Prompt_REVISED.pdf,0af67a30e68ffa3cf0d46d0cff8d852eef29f1ffd7c83373876b93dfe39e3cbf,theorem_like,245,Definition
_HANDOFF_GENERATOR_WORK/M3A Prompts - copy/M3A_Stage_4_Formulate_M3A_Open_Prompt_REVISED.pdf,0af67a30e68ffa3cf0d46d0cff8d852eef29f1ffd7c83373876b93dfe39e3cbf,theorem_like,256,Definition
_HANDOFF_GENERATOR_WORK/M3A Prompts - copy/M3A_Stage_4_Formulate_M3A_Open_Prompt_REVISED.pdf,0af67a30e68ffa3cf0d46d0cff8d852eef29f1ffd7c83373876b93dfe39e3cbf,theorem_like,273, A formal M3A-Open definition and theorem/proposition set with hypotheses and counterexamples.
_HANDOFF_GENERATOR_WORK/M3A Prompts - copy/M3A_Stage_4_Formulate_M3A_Open_Prompt_REVISED.pdf,0af67a30e68ffa3cf0d46d0cff8d852eef29f1ffd7c83373876b93dfe39e3cbf,theorem_like,273, A formal M3A-Open definition and theorem/proposition set with hypotheses and counterexamples.
_HANDOFF_GENERATOR_WORK/M3A Prompts - copy/M3A_Stage_4_Formulate_M3A_Open_Prompt_REVISED.pdf,0af67a30e68ffa3cf0d46d0cff8d852eef29f1ffd7c83373876b93dfe39e3cbf,theorem_like,273, A formal M3A-Open definition and theorem/proposition set with hypotheses and counterexamples.
_HANDOFF_GENERATOR_WORK/M3A Prompts - copy/M3A_Stage_4_Formulate_M3A_Open_Prompt_REVISED.pdf,0af67a30e68ffa3cf0d46d0cff8d852eef29f1ffd7c83373876b93dfe39e3cbf,theorem_like,296, 4. Archive the exact superoperator-level object or a canonical action definition so equivalent jump
_HANDOFF_GENERATOR_WORK/M3A Prompts - copy/M3A_Stage_4_Formulate_M3A_Open_Prompt_REVISED.pdf,0af67a30e68ffa3cf0d46d0cff8d852eef29f1ffd7c83373876b93dfe39e3cbf,theorem_like,349,"Finite readout theorem, reachable/minimal-polynomial refinement, dual formulation, and block"
_HANDOFF_GENERATOR_WORK/M3A Prompts - copy/M3A_Stage_4_Formulate_M3A_Open_Prompt_REVISED.pdf,0af67a30e68ffa3cf0d46d0cff8d852eef29f1ffd7c83373876b93dfe39e3cbf,scope_warning,110,Do not claim that linear versus quadratic onset uniquely identifies an environment without model
_HANDOFF_GENERATOR_WORK/M3A Prompts - copy/M3A_Stage_4_Formulate_M3A_Open_Prompt_REVISED.pdf,0af67a30e68ffa3cf0d46d0cff8d852eef29f1ffd7c83373876b93dfe39e3cbf,scope_warning,118,SUPPORTED / REFINED / FALSIFIED / INCONCLUSIVE / NOT TESTED statuses.
_HANDOFF_GENERATOR_WORK/M3A Prompts - copy/M3A_Stage_4_Formulate_M3A_Open_Prompt_REVISED.pdf,0af67a30e68ffa3cf0d46d0cff8d852eef29f1ffd7c83373876b93dfe39e3cbf,scope_warning,169, Vectorization dependence: matrix representations depend on vec convention; physical readouts must not.
_HANDOFF_GENERATOR_WORK/M3A Prompts - copy/M3A_Stage_4_Formulate_M3A_Open_Prompt_REVISED.pdf,0af67a30e68ffa3cf0d46d0cff8d852eef29f1ffd7c83373876b93dfe39e3cbf,scope_warning,367,Every major claim is tagged SUPPORTED / REFINED / FALSIFIED / INCONCLUSIVE / NOT
_HANDOFF_GENERATOR_WORK/M3A Prompts - copy/M3A_Stage_4_Formulate_M3A_Open_Prompt_REVISED.pdf,0af67a30e68ffa3cf0d46d0cff8d852eef29f1ffd7c83373876b93dfe39e3cbf,correction,169, Vectorization dependence: matrix representations depend on vec convention; physical readouts must not.
_HANDOFF_GENERATOR_WORK/M3A Prompts - copy/M3A_Stage_4_Formulate_M3A_Open_Prompt_REVISED.pdf,0af67a30e68ffa3cf0d46d0cff8d852eef29f1ffd7c83373876b93dfe39e3cbf,correction,290," 1. Archive H, every jump operator/rate, rho_0, readout F, basis ordering, vectorization convention, and units."
_HANDOFF_GENERATOR_WORK/M3A Prompts - copy/M3A_Stage_5_Obstruction_Index_Theory_Prompt_REVISED.pdf,7123c3d925d5d9430fcbb220b90358c46d029acc97196bcab198fbf7f0043d41,theorem_like,22,"theorem on a deliberately embedded arbitrary map is calibration, not a Stage-5 discovery."
_HANDOFF_GENERATOR_WORK/M3A Prompts - copy/M3A_Stage_5_Obstruction_Index_Theory_Prompt_REVISED.pdf,7123c3d925d5d9430fcbb220b90358c46d029acc97196bcab198fbf7f0043d41,theorem_like,33,Definition for this stage
_HANDOFF_GENERATOR_WORK/M3A Prompts - copy/M3A_Stage_5_Obstruction_Index_Theory_Prompt_REVISED.pdf,7123c3d925d5d9430fcbb220b90358c46d029acc97196bcab198fbf7f0043d41,theorem_like,50,"theorem. Physical support blocks, source access, selected readout visibility, and entropy/mixedness"
_HANDOFF_GENERATOR_WORK/M3A Prompts - copy/M3A_Stage_5_Obstruction_Index_Theory_Prompt_REVISED.pdf,7123c3d925d5d9430fcbb220b90358c46d029acc97196bcab198fbf7f0043d41,theorem_like,75,2. Stage definition and terminology discipline
_HANDOFF_GENERATOR_WORK/M3A Prompts - copy/M3A_Stage_5_Obstruction_Index_Theory_Prompt_REVISED.pdf,7123c3d925d5d9430fcbb220b90358c46d029acc97196bcab198fbf7f0043d41,theorem_like,77,Definition for this stage
_HANDOFF_GENERATOR_WORK/M3A Prompts - copy/M3A_Stage_5_Obstruction_Index_Theory_Prompt_REVISED.pdf,7123c3d925d5d9430fcbb220b90358c46d029acc97196bcab198fbf7f0043d41,theorem_like,89,complex/trivialized map exists; spectral flow or a chiral index only in its proper theorem class.
_HANDOFF_GENERATOR_WORK/M3A Prompts - copy/M3A_Stage_5_Obstruction_Index_Theory_Prompt_REVISED.pdf,7123c3d925d5d9430fcbb220b90358c46d029acc97196bcab198fbf7f0043d41,theorem_like,108," Topologically protected channel: prohibited unless a stronger theorem identifies the relevant physical invariant,"
_HANDOFF_GENERATOR_WORK/M3A Prompts - copy/M3A_Stage_5_Obstruction_Index_Theory_Prompt_REVISED.pdf,7123c3d925d5d9430fcbb220b90358c46d029acc97196bcab198fbf7f0043d41,theorem_like,111,equivalence theorem is supplied.
_HANDOFF_GENERATOR_WORK/M3A Prompts - copy/M3A_Stage_5_Obstruction_Index_Theory_Prompt_REVISED.pdf,7123c3d925d5d9430fcbb220b90358c46d029acc97196bcab198fbf7f0043d41,theorem_like,145,7. Prove an exact-family reduction theorem for that map: Phi(x)=0 iff the intended exact readout
_HANDOFF_GENERATOR_WORK/M3A Prompts - copy/M3A_Stage_5_Obstruction_Index_Theory_Prompt_REVISED.pdf,7123c3d925d5d9430fcbb220b90358c46d029acc97196bcab198fbf7f0043d41,theorem_like,151,known index itself as M3A novelty unless a new theorem links it to a declared channel/readout
_HANDOFF_GENERATOR_WORK/M3A Prompts - copy/M3A_Stage_5_Obstruction_Index_Theory_Prompt_REVISED.pdf,7123c3d925d5d9430fcbb220b90358c46d029acc97196bcab198fbf7f0043d41,theorem_like,167,"theorem, but they do not by themselves demonstrate emergent or intrinsic M3A topology. A Stage-5 pass"
_HANDOFF_GENERATOR_WORK/M3A Prompts - copy/M3A_Stage_5_Obstruction_Index_Theory_Prompt_REVISED.pdf,7123c3d925d5d9430fcbb220b90358c46d029acc97196bcab198fbf7f0043d41,theorem_like,180,omitted constraints are redundant by theorem within the chosen family.
_HANDOFF_GENERATOR_WORK/M3A Prompts - copy/M3A_Stage_5_Obstruction_Index_Theory_Prompt_REVISED.pdf,7123c3d925d5d9430fcbb220b90358c46d029acc97196bcab198fbf7f0043d41,theorem_like,213,5. Theorem and proposition targets
_HANDOFF_GENERATOR_WORK/M3A Prompts - copy/M3A_Stage_5_Obstruction_Index_Theory_Prompt_REVISED.pdf,7123c3d925d5d9430fcbb220b90358c46d029acc97196bcab198fbf7f0043d41,theorem_like,213,5. Theorem and proposition targets
_HANDOFF_GENERATOR_WORK/M3A Prompts - copy/M3A_Stage_5_Obstruction_Index_Theory_Prompt_REVISED.pdf,7123c3d925d5d9430fcbb220b90358c46d029acc97196bcab198fbf7f0043d41,theorem_like,227,zeros may move or pair-create/annihilate only consistently with the index theorem.
_HANDOFF_GENERATOR_WORK/M3A Prompts - copy/M3A_Stage_5_Obstruction_Index_Theory_Prompt_REVISED.pdf,7123c3d925d5d9430fcbb220b90358c46d029acc97196bcab198fbf7f0043d41,theorem_like,236,theorem class from any new M3A-specific channel statement.
_HANDOFF_GENERATOR_WORK/M3A Prompts - copy/M3A_Stage_5_Obstruction_Index_Theory_Prompt_REVISED.pdf,7123c3d925d5d9430fcbb220b90358c46d029acc97196bcab198fbf7f0043d41,theorem_like,238,theorem/counterexample
_HANDOFF_GENERATOR_WORK/M3A Prompts - copy/M3A_Stage_5_Obstruction_Index_Theory_Prompt_REVISED.pdf,7123c3d925d5d9430fcbb220b90358c46d029acc97196bcab198fbf7f0043d41,theorem_like,269,"proposed winding/degree is invariant. If not, either fix the definition with bundle/trivialization"
_HANDOFF_GENERATOR_WORK/M3A Prompts - copy/M3A_Stage_5_Obstruction_Index_Theory_Prompt_REVISED.pdf,7123c3d925d5d9430fcbb220b90358c46d029acc97196bcab198fbf7f0043d41,theorem_like,324," A formal Stage-5 definition document specifying X, its orientation/quotient structure, codomain, Phi, the meaning"
_HANDOFF_GENERATOR_WORK/M3A Prompts - copy/M3A_Stage_5_Obstruction_Index_Theory_Prompt_REVISED.pdf,7123c3d925d5d9430fcbb220b90358c46d029acc97196bcab198fbf7f0043d41,theorem_like,326, A theorem/proof file separating standard topological theorems from M3A-specific reductions or obstruction
_HANDOFF_GENERATOR_WORK/M3A Prompts - copy/M3A_Stage_5_Obstruction_Index_Theory_Prompt_REVISED.pdf,7123c3d925d5d9430fcbb220b90358c46d029acc97196bcab198fbf7f0043d41,theorem_like,384, A known chiral/sublattice index becomes a new M3A theorem merely by renaming it.
_HANDOFF_GENERATOR_WORK/M3A Prompts - copy/M3A_Stage_5_Obstruction_Index_Theory_Prompt_REVISED.pdf,7123c3d925d5d9430fcbb220b90358c46d029acc97196bcab198fbf7f0043d41,theorem_like,395, The zero meaning of Phi is weaker than exact darkness and cannot be promoted by theorem.
_HANDOFF_GENERATOR_WORK/M3A Prompts - copy/M3A_Stage_5_Obstruction_Index_Theory_Prompt_REVISED.pdf,7123c3d925d5d9430fcbb220b90358c46d029acc97196bcab198fbf7f0043d41,theorem_like,405,Definition gate
_HANDOFF_GENERATOR_WORK/M3A Prompts - copy/M3A_Stage_5_Obstruction_Index_Theory_Prompt_REVISED.pdf,7123c3d925d5d9430fcbb220b90358c46d029acc97196bcab198fbf7f0043d41,counterexample,238,theorem/counterexample
_HANDOFF_GENERATOR_WORK/M3A Prompts - copy/M3A_Stage_5_Obstruction_Index_Theory_Prompt_REVISED.pdf,7123c3d925d5d9430fcbb220b90358c46d029acc97196bcab198fbf7f0043d41,scope_warning,65,Primary scope
_HANDOFF_GENERATOR_WORK/M3A Prompts - copy/M3A_Stage_5_Obstruction_Index_Theory_Prompt_REVISED.pdf,7123c3d925d5d9430fcbb220b90358c46d029acc97196bcab198fbf7f0043d41,scope_warning,163,"For every claim, label it SUPPORTED, REFINED, FALSIFIED, INCONCLUSIVE, or NOT TESTED. A negative"
_HANDOFF_GENERATOR_WORK/M3A Prompts - copy/M3A_Stage_5_Obstruction_Index_Theory_Prompt_REVISED.pdf,7123c3d925d5d9430fcbb220b90358c46d029acc97196bcab198fbf7f0043d41,correction,195," If winding is used, justify a globally consistent phase convention/trivialization on the boundary, or formulate the"
_HANDOFF_GENERATOR_WORK/M3A Prompts - copy/M3A_Stage_5_Obstruction_Index_Theory_Prompt_REVISED.pdf,7123c3d925d5d9430fcbb220b90358c46d029acc97196bcab198fbf7f0043d41,correction,347," Archive source/target/readout definitions. If they vary with parameters, archive their phase/gauge convention or"
_HANDOFF_GENERATOR_WORK/M3A Prompts - copy/M3A_Stage_5_Obstruction_Index_Theory_Prompt_REVISED.pdf,7123c3d925d5d9430fcbb220b90358c46d029acc97196bcab198fbf7f0043d41,correction,355," For any optional open-system result, archive H, jumps, rates, vectorization convention, and tests under"
_HANDOFF_GENERATOR_WORK/M3A Prompts - copy/M3A_Stage_6_Physical_Validation_Applications_Interpretation_REVISED.pdf,e0036359c03cad30333d8f875c7b23639e636730ee62b2943185a475dc1eff4a,theorem_like,126,12. Produce a five-tier claim ledger: theorem/identity; validated model result; numerical
_HANDOFF_GENERATOR_WORK/M3A Prompts - copy/M3A_Stage_6_Physical_Validation_Applications_Interpretation_REVISED.pdf,e0036359c03cad30333d8f875c7b23639e636730ee62b2943185a475dc1eff4a,theorem_like,142,B. Physical mapping theorem/proposition
_HANDOFF_GENERATOR_WORK/M3A Prompts - copy/M3A_Stage_6_Physical_Validation_Applications_Interpretation_REVISED.pdf,e0036359c03cad30333d8f875c7b23639e636730ee62b2943185a475dc1eff4a,theorem_like,142,B. Physical mapping theorem/proposition
_HANDOFF_GENERATOR_WORK/M3A Prompts - copy/M3A_Stage_6_Physical_Validation_Applications_Interpretation_REVISED.pdf,e0036359c03cad30333d8f875c7b23639e636730ee62b2943185a475dc1eff4a,theorem_like,312,No theorem yet. A local detector may be parameterised by
_HANDOFF_GENERATOR_WORK/M3A Prompts - copy/M3A_Stage_6_Physical_Validation_Applications_Interpretation_REVISED.pdf,e0036359c03cad30333d8f875c7b23639e636730ee62b2943185a475dc1eff4a,theorem_like,344, CLAIM_LEDGER.md with five tiers: theorem/identity; validated model; numerical prediction; experimental
_HANDOFF_GENERATOR_WORK/M3A Prompts - copy/M3A_Stage_6_Physical_Validation_Applications_Interpretation_REVISED.pdf,e0036359c03cad30333d8f875c7b23639e636730ee62b2943185a475dc1eff4a,theorem_like,414,"Theorem, model, numerical prediction, experiment, and interpretation are explicitly separated."
_HANDOFF_GENERATOR_WORK/M3A Prompts - copy/M3A_Stage_6_Physical_Validation_Applications_Interpretation_REVISED.pdf,e0036359c03cad30333d8f875c7b23639e636730ee62b2943185a475dc1eff4a,scope_warning,69,2. Scope lock and application hierarchy
_HANDOFF_GENERATOR_WORK/M3A Prompts - copy/M3A_Stage_6_Physical_Validation_Applications_Interpretation_REVISED.pdf,e0036359c03cad30333d8f875c7b23639e636730ee62b2943185a475dc1eff4a,scope_warning,170,"questions, neutrino analogies, and measurement philosophy. Mark each as supported, analogy, conjecture, or out"
_HANDOFF_GENERATOR_WORK/M3A Prompts - copy/M3A_Stage_6_Physical_Validation_Applications_Interpretation_REVISED.pdf,e0036359c03cad30333d8f875c7b23639e636730ee62b2943185a475dc1eff4a,scope_warning,171,of scope. Do not use these to justify the application.
_HANDOFF_GENERATOR_WORK/M3A Prompts - copy/M3A_Stage_6_Physical_Validation_Applications_Interpretation_REVISED.pdf,e0036359c03cad30333d8f875c7b23639e636730ee62b2943185a475dc1eff4a,scope_warning,297,detector/coupling model is used. Do not claim
_HANDOFF_GENERATOR_WORK/M3A Prompts - copy/M3A_Stage_6_Physical_Validation_Applications_Interpretation_REVISED.pdf,e0036359c03cad30333d8f875c7b23639e636730ee62b2943185a475dc1eff4a,correction,97,"assumptions, and basis convention."
_HANDOFF_GENERATOR_WORK/M3A Prompts - copy/M3A_Stage_6_Physical_Validation_Applications_Interpretation_REVISED.pdf,e0036359c03cad30333d8f875c7b23639e636730ee62b2943185a475dc1eff4a,correction,144,"finite readout f(e^{tG}x0)=0, or an equivalent frequency-domain condition. Publish units and normalization."
_HANDOFF_GENERATOR_WORK/M3A Theorem - copy/M3A_Diagonal_Family_Trichotomy_Paper.pdf,69090c55192c56afc5d933cb163e4f58522c6d6df08e10177d2c33f170c3d810,theorem_like,50,The theorem sequence is:
_HANDOFF_GENERATOR_WORK/M3A Theorem - copy/M3A_Diagonal_Family_Trichotomy_Paper.pdf,69090c55192c56afc5d933cb163e4f58522c6d6df08e10177d2c33f170c3d810,theorem_like,51,1. the exact selected-numerator theorem;
_HANDOFF_GENERATOR_WORK/M3A Theorem - copy/M3A_Diagonal_Family_Trichotomy_Paper.pdf,69090c55192c56afc5d933cb163e4f58522c6d6df08e10177d2c33f170c3d810,theorem_like,52,2. the syzygy theorem;
_HANDOFF_GENERATOR_WORK/M3A Theorem - copy/M3A_Diagonal_Family_Trichotomy_Paper.pdf,69090c55192c56afc5d933cb163e4f58522c6d6df08e10177d2c33f170c3d810,theorem_like,53,3. the exact-dark component theorem;
_HANDOFF_GENERATOR_WORK/M3A Theorem - copy/M3A_Diagonal_Family_Trichotomy_Paper.pdf,69090c55192c56afc5d933cb163e4f58522c6d6df08e10177d2c33f170c3d810,theorem_like,54,4. the endpoint support lemma;
_HANDOFF_GENERATOR_WORK/M3A Theorem - copy/M3A_Diagonal_Family_Trichotomy_Paper.pdf,69090c55192c56afc5d933cb163e4f58522c6d6df08e10177d2c33f170c3d810,theorem_like,55,5. the three-stratum theorem;
_HANDOFF_GENERATOR_WORK/M3A Theorem - copy/M3A_Diagonal_Family_Trichotomy_Paper.pdf,69090c55192c56afc5d933cb163e4f58522c6d6df08e10177d2c33f170c3d810,theorem_like,56,6. the positive-power-law family theorem;
_HANDOFF_GENERATOR_WORK/M3A Theorem - copy/M3A_Diagonal_Family_Trichotomy_Paper.pdf,69090c55192c56afc5d933cb163e4f58522c6d6df08e10177d2c33f170c3d810,theorem_like,113,3 Exact numerator theorem
_HANDOFF_GENERATOR_WORK/M3A Theorem - copy/M3A_Diagonal_Family_Trichotomy_Paper.pdf,69090c55192c56afc5d933cb163e4f58522c6d6df08e10177d2c33f170c3d810,theorem_like,118,Theorem 3.1 (Exact selected numerator). Let
_HANDOFF_GENERATOR_WORK/M3A Theorem - copy/M3A_Diagonal_Family_Trichotomy_Paper.pdf,69090c55192c56afc5d933cb163e4f58522c6d6df08e10177d2c33f170c3d810,theorem_like,135,"Remark 3.2. The theorem is an exact polynomial identity, not an interpolation statement."
_HANDOFF_GENERATOR_WORK/M3A Theorem - copy/M3A_Diagonal_Family_Trichotomy_Paper.pdf,69090c55192c56afc5d933cb163e4f58522c6d6df08e10177d2c33f170c3d810,theorem_like,140,4 Syzygy theorem
_HANDOFF_GENERATOR_WORK/M3A Theorem - copy/M3A_Diagonal_Family_Trichotomy_Paper.pdf,69090c55192c56afc5d933cb163e4f58522c6d6df08e10177d2c33f170c3d810,theorem_like,141,Theorem 4.1 (Coefficient syzygy). The three numerator coefficients satisfy
_HANDOFF_GENERATOR_WORK/M3A Theorem - copy/M3A_Diagonal_Family_Trichotomy_Paper.pdf,69090c55192c56afc5d933cb163e4f58522c6d6df08e10177d2c33f170c3d810,theorem_like,154,5 Exact-dark component theorem
_HANDOFF_GENERATOR_WORK/M3A Theorem - copy/M3A_Diagonal_Family_Trichotomy_Paper.pdf,69090c55192c56afc5d933cb163e4f58522c6d6df08e10177d2c33f170c3d810,theorem_like,157,Theorem 5.1 (Exact-dark locus). The exact-dark direction locus is
_HANDOFF_GENERATOR_WORK/M3A Theorem - copy/M3A_Diagonal_Family_Trichotomy_Paper.pdf,69090c55192c56afc5d933cb163e4f58522c6d6df08e10177d2c33f170c3d810,theorem_like,185,6 Endpoint support lemma
_HANDOFF_GENERATOR_WORK/M3A Theorem - copy/M3A_Diagonal_Family_Trichotomy_Paper.pdf,69090c55192c56afc5d933cb163e4f58522c6d6df08e10177d2c33f170c3d810,theorem_like,186,"Lemma 6.1 (Endpoint support bound). For every directionv, everyj,k≥0, and either"
_HANDOFF_GENERATOR_WORK/M3A Theorem - copy/M3A_Diagonal_Family_Trichotomy_Paper.pdf,69090c55192c56afc5d933cb163e4f58522c6d6df08e10177d2c33f170c3d810,theorem_like,200,7 Three-stratum theorem
_HANDOFF_GENERATOR_WORK/M3A Theorem - copy/M3A_Diagonal_Family_Trichotomy_Paper.pdf,69090c55192c56afc5d933cb163e4f58522c6d6df08e10177d2c33f170c3d810,theorem_like,201,"Theorem 7.1 (Complete diagonal-family trichotomy). For everyv∈R4, exactly one of the"
_HANDOFF_GENERATOR_WORK/M3A Theorem - copy/M3A_Diagonal_Family_Trichotomy_Paper.pdf,69090c55192c56afc5d933cb163e4f58522c6d6df08e10177d2c33f170c3d810,theorem_like,252,"Finally, ifℓ=Q = 0, theorem 4.1 givesR = 0, so the complete selected numerator is zero."
_HANDOFF_GENERATOR_WORK/M3A Theorem - copy/M3A_Diagonal_Family_Trichotomy_Paper.pdf,69090c55192c56afc5d933cb163e4f58522c6d6df08e10177d2c33f170c3d810,theorem_like,258,8 Positive-power-law family theorem
_HANDOFF_GENERATOR_WORK/M3A Theorem - copy/M3A_Diagonal_Family_Trichotomy_Paper.pdf,69090c55192c56afc5d933cb163e4f58522c6d6df08e10177d2c33f170c3d810,theorem_like,259,Lemma 8.1 (Positive-weight support criterion). Let
_HANDOFF_GENERATOR_WORK/M3A Theorem - copy/M3A_Diagonal_Family_Trichotomy_Paper.pdf,69090c55192c56afc5d933cb163e4f58522c6d6df08e10177d2c33f170c3d810,theorem_like,280,Theorem 8.2 (Family-wide positive-power-law stability). Let
_HANDOFF_GENERATOR_WORK/M3A Theorem - copy/M3A_Diagonal_Family_Trichotomy_Paper.pdf,69090c55192c56afc5d933cb163e4f58522c6d6df08e10177d2c33f170c3d810,theorem_like,293,"Proof. In stratum I,(1, 3) is present. By baseline darkness and theorem 6.1, every support"
_HANDOFF_GENERATOR_WORK/M3A Theorem - copy/M3A_Diagonal_Family_Trichotomy_Paper.pdf,69090c55192c56afc5d933cb163e4f58522c6d6df08e10177d2c33f170c3d810,theorem_like,300,The result now follows from theorem 8.1 and continuity of the corresponding analytic factors
_HANDOFF_GENERATOR_WORK/M3A Theorem - copy/M3A_Diagonal_Family_Trichotomy_Paper.pdf,69090c55192c56afc5d933cb163e4f58522c6d6df08e10177d2c33f170c3d810,theorem_like,302,Remark 8.3 (What “all positive power laws” means). The theorem covers every local monomial
_HANDOFF_GENERATOR_WORK/M3A Theorem - copy/M3A_Diagonal_Family_Trichotomy_Paper.pdf,69090c55192c56afc5d933cb163e4f58522c6d6df08e10177d2c33f170c3d810,scope_warning,384,"12 Scope, reproducibility and transparency"
_HANDOFF_GENERATOR_WORK/M3A Theorem - copy/M3A_Diagonal_Family_Trichotomy_Paper.pdf,69090c55192c56afc5d933cb163e4f58522c6d6df08e10177d2c33f170c3d810,scope_warning,385,"Scope statement12.1. The results are finite-dimensional, local near(t,ε) = (0, 0), tied to the"
_HANDOFF_GENERATOR_WORK/M3A Theorem - copy/M3A_Diagonal_Family_Trichotomy_Paper.pdf,69090c55192c56afc5d933cb163e4f58522c6d6df08e10177d2c33f170c3d810,release_label,393,"of the selected cofactor, determinant and moment-word calculations. The sealed TF1 archive"
_HANDOFF_GENERATOR_WORK/M3A Theorem - copy/M3A_Diagonal_Family_Trichotomy_Paper.pdf,69090c55192c56afc5d933cb163e4f58522c6d6df08e10177d2c33f170c3d810,doi,448,"trapping”. In:Physical Review Letters61.7, pp. 826–829.doi: 10.1103/PhysRevLett.61."
_HANDOFF_GENERATOR_WORK/M3A Theorem - copy/M3A_Diagonal_Family_Trichotomy_Paper.pdf,69090c55192c56afc5d933cb163e4f58522c6d6df08e10177d2c33f170c3d810,doi,453,"Chemical Physics92.9, pp. 5363–5376.doi: 10.1063/1.458514."
_HANDOFF_GENERATOR_WORK/M3A Theorem - copy/M3A_Diagonal_Family_Trichotomy_Paper.pdf,69090c55192c56afc5d933cb163e4f58522c6d6df08e10177d2c33f170c3d810,doi,455,"from input/output functions”. In:Regelungstechnik 14, pp. 545–548.doi: 10.1524/auto."
_HANDOFF_GENERATOR_WORK/M3A Theorem - copy/M3A_Diagonal_Family_Trichotomy_Paper.pdf,69090c55192c56afc5d933cb163e4f58522c6d6df08e10177d2c33f170c3d810,doi,459,doi: 10.1137/0320015.
_HANDOFF_GENERATOR_WORK/M3A Theorem - copy/M3A_Diagonal_Family_Trichotomy_Paper.pdf,69090c55192c56afc5d933cb163e4f58522c6d6df08e10177d2c33f170c3d810,doi,462,pp. 1299–1320.doi: 10.1137/22M1509825.
_HANDOFF_GENERATOR_WORK/M3A Theorem - copy/M3A_Diagonal_Family_Trichotomy_Paper.pdf,69090c55192c56afc5d933cb163e4f58522c6d6df08e10177d2c33f170c3d810,doi,465,pp. 490–504.doi: 10.1137/0319029.
_HANDOFF_GENERATOR_WORK/M3A Theorem - copy/M3A_Diagonal_Family_Trichotomy_Paper.pdf,69090c55192c56afc5d933cb163e4f58522c6d6df08e10177d2c33f170c3d810,doi,467,"multilevel quantum systems”. In:Physical Review A113.1, 013723. doi: 10.1103/k7vj-"
_TF1_R1_1_WORK/CORRECTIONS/M3A_handover_corrections/01_corrected_lemma_6_1_and_theorem_8_2.pdf,9671a461df4ad9b3521b07da790200c28424325195b64ffbd5a82140a6f03b2d,theorem_like,1,Publication-ready corrections to Lemma 6.1 and
_TF1_R1_1_WORK/CORRECTIONS/M3A_handover_corrections/01_corrected_lemma_6_1_and_theorem_8_2.pdf,9671a461df4ad9b3521b07da790200c28424325195b64ffbd5a82140a6f03b2d,theorem_like,2,Theorem 8.2
_TF1_R1_1_WORK/CORRECTIONS/M3A_handover_corrections/01_corrected_lemma_6_1_and_theorem_8_2.pdf,9671a461df4ad9b3521b07da790200c28424325195b64ffbd5a82140a6f03b2d,theorem_like,15,Corrected Lemma 6.1
_TF1_R1_1_WORK/CORRECTIONS/M3A_handover_corrections/01_corrected_lemma_6_1_and_theorem_8_2.pdf,9671a461df4ad9b3521b07da790200c28424325195b64ffbd5a82140a6f03b2d,theorem_like,16,"Lemma 6.1 (Endpoint support bound). For every direction v, every"
_TF1_R1_1_WORK/CORRECTIONS/M3A_handover_corrections/01_corrected_lemma_6_1_and_theorem_8_2.pdf,9671a461df4ad9b3521b07da790200c28424325195b64ffbd5a82140a6f03b2d,theorem_like,45,Corrected Theorem 8.2
_TF1_R1_1_WORK/CORRECTIONS/M3A_handover_corrections/01_corrected_lemma_6_1_and_theorem_8_2.pdf,9671a461df4ad9b3521b07da790200c28424325195b64ffbd5a82140a6f03b2d,theorem_like,46,Theorem 8.2 (F amily-wide positive-power-law stability). Let s →
_TF1_R1_1_WORK/CORRECTIONS/M3A_handover_corrections/01_corrected_lemma_6_1_and_theorem_8_2.pdf,9671a461df4ad9b3521b07da790200c28424325195b64ffbd5a82140a6f03b2d,theorem_like,77,"point with j = 0, while Lemma 6.1 gives k ≥ j + 2 for every remaining"
_TF1_R1_1_WORK/CORRECTIONS/M3A_handover_corrections/01_corrected_lemma_6_1_and_theorem_8_2.pdf,9671a461df4ad9b3521b07da790200c28424325195b64ffbd5a82140a6f03b2d,theorem_like,99,"baseline darkness, this excludes all support points with j < 2. Lemma 6.1"
_TF1_R1_1_WORK/CORRECTIONS/M3A_handover_corrections/01_corrected_lemma_6_1_and_theorem_8_2.pdf,9671a461df4ad9b3521b07da790200c28424325195b64ffbd5a82140a6f03b2d,theorem_like,124,Optional Newton-polyhedron corollary
_TF1_R1_1_WORK/CORRECTIONS/M3A_handover_corrections/01_corrected_lemma_6_1_and_theorem_8_2.pdf,9671a461df4ad9b3521b07da790200c28424325195b64ffbd5a82140a6f03b2d,correction,15,Corrected Lemma 6.1
_TF1_R1_1_WORK/CORRECTIONS/M3A_handover_corrections/01_corrected_lemma_6_1_and_theorem_8_2.pdf,9671a461df4ad9b3521b07da790200c28424325195b64ffbd5a82140a6f03b2d,correction,45,Corrected Theorem 8.2
_TF1_R1_1_WORK/CORRECTIONS/M3A_handover_corrections/01_corrected_lemma_6_1_and_theorem_8_2.pdf,9671a461df4ad9b3521b07da790200c28424325195b64ffbd5a82140a6f03b2d,correction,125,Under the convention
Litrature/cdc_prompt.pdf,0e48deee28caba82ee5b4191d4c5c6ec4d62e5d27890fa7f0d2c8868f8b758f3,theorem_like,44,that ends at a lemma equivalent in strength to the original conjecture is not close to
Litrature/cdc_prompt.pdf,0e48deee28caba82ee5b4191d4c5c6ec4d62e5d27890fa7f0d2c8868f8b758f3,theorem_like,45,completion unless it supplies a genuinely new proof of that lemma.
Litrature/cdc_prompt.pdf,0e48deee28caba82ee5b4191d4c5c6ec4d62e5d27890fa7f0d2c8868f8b758f3,theorem_like,46,"- When an approach stalls at a theorem-strength missing lemma, mark that route as blocked."
Litrature/cdc_prompt.pdf,0e48deee28caba82ee5b4191d4c5c6ec4d62e5d27890fa7f0d2c8868f8b758f3,theorem_like,46,"- When an approach stalls at a theorem-strength missing lemma, mark that route as blocked."
Litrature/cdc_prompt.pdf,0e48deee28caba82ee5b4191d4c5c6ec4d62e5d27890fa7f0d2c8868f8b758f3,theorem_like,63,Do not return merely because current approaches fail or agents report theorem-strength gaps.
Litrature/cdc_prompt.pdf,0e48deee28caba82ee5b4191d4c5c6ec4d62e5d27890fa7f0d2c8868f8b758f3,theorem_like,67,"Do not return a reduction, partial result, isolated missing lemma, “best effort” summary, or"
Litrature/cdc_prompt.pdf,0e48deee28caba82ee5b4191d4c5c6ec4d62e5d27890fa7f0d2c8868f8b758f3,scope_warning,2,CONJECTURE”
Litrature/cdc_prompt.pdf,0e48deee28caba82ee5b4191d4c5c6ec4d62e5d27890fa7f0d2c8868f8b758f3,scope_warning,5,the Cycle Double Cover Conjecture.
Litrature/cdc_prompt.pdf,0e48deee28caba82ee5b4191d4c5c6ec4d62e5d27890fa7f0d2c8868f8b758f3,scope_warning,13,Resolve the Cycle Double Cover Conjecture completely:
Litrature/cdc_prompt.pdf,0e48deee28caba82ee5b4191d4c5c6ec4d62e5d27890fa7f0d2c8868f8b758f3,scope_warning,26,"unproved conjecture, computational verification through any fixed graph size, and candidate"
Litrature/cdc_prompt.pdf,0e48deee28caba82ee5b4191d4c5c6ec4d62e5d27890fa7f0d2c8868f8b758f3,scope_warning,44,that ends at a lemma equivalent in strength to the original conjecture is not close to
Litrature/cdc_prompt.pdf,0e48deee28caba82ee5b4191d4c5c6ec4d62e5d27890fa7f0d2c8868f8b758f3,scope_warning,71,"theorems, not to search for a solution to this exact conjecture or benchmark. Do not search"
Litrature/Oriented or signed Cayley graphs with all.pdf,5037d2ea18c0be587ae4555ccaa39d3f3095460c598d76dcf04dc967fa5489ba,theorem_like,109,"on the group G, and make use of Chinese Remainder Theorem to derive an"
Litrature/Oriented or signed Cayley graphs with all.pdf,5037d2ea18c0be587ae4555ccaa39d3f3095460c598d76dcf04dc967fa5489ba,theorem_like,170,"Theorem 2.1. [9] Let A = {A0,...,A d} be an association scheme with d"
Litrature/Oriented or signed Cayley graphs with all.pdf,5037d2ea18c0be587ae4555ccaa39d3f3095460c598d76dcf04dc967fa5489ba,theorem_like,219,Lemma 2.2. [3] Let W be a commutative matrix algebra of order n over a
Litrature/Oriented or signed Cayley graphs with all.pdf,5037d2ea18c0be587ae4555ccaa39d3f3095460c598d76dcf04dc967fa5489ba,theorem_like,261,Lemma 3.1. Let A be an association scheme. Denote the splitting ﬁeld of
Litrature/Oriented or signed Cayley graphs with all.pdf,5037d2ea18c0be587ae4555ccaa39d3f3095460c598d76dcf04dc967fa5489ba,theorem_like,308,Lemma 3.2. Let A be an association scheme with splitting ﬁeld L and let
Litrature/Oriented or signed Cayley graphs with all.pdf,5037d2ea18c0be587ae4555ccaa39d3f3095460c598d76dcf04dc967fa5489ba,theorem_like,323,"multiplication and Schur multiplication, Lemma 3.1 implies Iψ =I and that"
Litrature/Oriented or signed Cayley graphs with all.pdf,5037d2ea18c0be587ae4555ccaa39d3f3095460c598d76dcf04dc967fa5489ba,theorem_like,348,Theorem 3.3. Let A be an association scheme with splitting ﬁeld L and let
Litrature/Oriented or signed Cayley graphs with all.pdf,5037d2ea18c0be587ae4555ccaa39d3f3095460c598d76dcf04dc967fa5489ba,theorem_like,371,Lemma 3.4. Let A be an association scheme with splitting ﬁeld L. Let E be
Litrature/Oriented or signed Cayley graphs with all.pdf,5037d2ea18c0be587ae4555ccaa39d3f3095460c598d76dcf04dc967fa5489ba,theorem_like,378,"is. By Lemma 2.2, it is the Bose-Mesner algebra of a scheme B. Since for"
Litrature/Oriented or signed Cayley graphs with all.pdf,5037d2ea18c0be587ae4555ccaa39d3f3095460c598d76dcf04dc967fa5489ba,theorem_like,386,"where Ai is not symmetric. By the lemma, these matrices are the Schur"
Litrature/Oriented or signed Cayley graphs with all.pdf,5037d2ea18c0be587ae4555ccaa39d3f3095460c598d76dcf04dc967fa5489ba,theorem_like,409,"Further, this action is linear over Q, but not over L. By Lemma 3.1, this"
Litrature/Oriented or signed Cayley graphs with all.pdf,5037d2ea18c0be587ae4555ccaa39d3f3095460c598d76dcf04dc967fa5489ba,theorem_like,426,Lemma 4.1. Let A be an association scheme and L be its splitting ﬁeld.
Litrature/Oriented or signed Cayley graphs with all.pdf,5037d2ea18c0be587ae4555ccaa39d3f3095460c598d76dcf04dc967fa5489ba,theorem_like,445,Theorem 4.2. Let A be an association scheme with splitting ﬁeld L and
Litrature/Oriented or signed Cayley graphs with all.pdf,5037d2ea18c0be587ae4555ccaa39d3f3095460c598d76dcf04dc967fa5489ba,theorem_like,449,"Proof. Since ˆσ preserves matrix multiplication (Lemma 4.1) and is L-linear,"
Litrature/Oriented or signed Cayley graphs with all.pdf,5037d2ea18c0be587ae4555ccaa39d3f3095460c598d76dcf04dc967fa5489ba,theorem_like,450,"by Theorem 3.3, it suﬃces to prove that ˆ σ preverses Schur multiplication if"
Litrature/Oriented or signed Cayley graphs with all.pdf,5037d2ea18c0be587ae4555ccaa39d3f3095460c598d76dcf04dc967fa5489ba,theorem_like,489,"σ ∈ Gal(L/ Q) and τ ∈ Gal(L/K ). Then by Theorem 4.2, ˆτ is a Bose-Mesner"
Litrature/Oriented or signed Cayley graphs with all.pdf,5037d2ea18c0be587ae4555ccaa39d3f3095460c598d76dcf04dc967fa5489ba,theorem_like,551,Theorem 4.3. [8] Let A be an association scheme with splitting ﬁeld L and
Litrature/Oriented or signed Cayley graphs with all.pdf,5037d2ea18c0be587ae4555ccaa39d3f3095460c598d76dcf04dc967fa5489ba,theorem_like,578,"F . Therefore F is Schur-closed. Note that I,J ∈ F . By Lemma 2.2,"
Litrature/Oriented or signed Cayley graphs with all.pdf,5037d2ea18c0be587ae4555ccaa39d3f3095460c598d76dcf04dc967fa5489ba,theorem_like,665,"K = Q. By Theorem 4.2, for any τk ∈ Gal(L/K ) = Gal(L/ Q) ∼= Z∗"
Litrature/Oriented or signed Cayley graphs with all.pdf,5037d2ea18c0be587ae4555ccaa39d3f3095460c598d76dcf04dc967fa5489ba,theorem_like,698,Theorem 5.1. Let G be a ﬁnite abelian group with exponent n1. Let A
Litrature/Oriented or signed Cayley graphs with all.pdf,5037d2ea18c0be587ae4555ccaa39d3f3095460c598d76dcf04dc967fa5489ba,theorem_like,713,"Proof. By the fundamental theorem of ﬁnite abelian groups, we can assum e"
Litrature/Oriented or signed Cayley graphs with all.pdf,5037d2ea18c0be587ae4555ccaa39d3f3095460c598d76dcf04dc967fa5489ba,theorem_like,716,"L = Q(ζn1) and Krein ﬁeld K = Q. Since L ⊇ F ⊇ K = Q, by Theorem 4.3,"
Litrature/Oriented or signed Cayley graphs with all.pdf,5037d2ea18c0be587ae4555ccaa39d3f3095460c598d76dcf04dc967fa5489ba,theorem_like,740,A direct consequence of the above theorem is the following result by Bridges
Litrature/Oriented or signed Cayley graphs with all.pdf,5037d2ea18c0be587ae4555ccaa39d3f3095460c598d76dcf04dc967fa5489ba,theorem_like,743,Corollary 5.2. [4] LetG be an abelian group. Deﬁne an equivalence relation
Litrature/Oriented or signed Cayley graphs with all.pdf,5037d2ea18c0be587ae4555ccaa39d3f3095460c598d76dcf04dc967fa5489ba,theorem_like,754,"the notion of Theorem 5.1, we are taking the subﬁeld F of L = Q(ζn1) to"
Litrature/Oriented or signed Cayley graphs with all.pdf,5037d2ea18c0be587ae4555ccaa39d3f3095460c598d76dcf04dc967fa5489ba,correction,2566,"We adopt the convention C(i) = ∅ if −|∆|does not satisfy (18) (in this case,"
Litrature/PERFECT AND MULTIPLE STATE TRANSFER IN ORIENTED CAYLEY.pdf,a486a6ada3382eb824d1825fbc6272872a52a5f2c06fd05472ec0c30516ff6d9,theorem_like,18,"Zimbor´as et al. [17] and Chavas et al. [3, Theorem 2.1] have shown that the Hermit-"
Litrature/PERFECT AND MULTIPLE STATE TRANSFER IN ORIENTED CAYLEY.pdf,a486a6ada3382eb824d1825fbc6272872a52a5f2c06fd05472ec0c30516ff6d9,theorem_like,35,"Suppose PST occurs fromatob(,a) inX. It follows from Theorem 8.1 and Lemma 8.3"
Litrature/PERFECT AND MULTIPLE STATE TRANSFER IN ORIENTED CAYLEY.pdf,a486a6ada3382eb824d1825fbc6272872a52a5f2c06fd05472ec0c30516ff6d9,theorem_like,35,"Suppose PST occurs fromatob(,a) inX. It follows from Theorem 8.1 and Lemma 8.3"
Litrature/PERFECT AND MULTIPLE STATE TRANSFER IN ORIENTED CAYLEY.pdf,a486a6ada3382eb824d1825fbc6272872a52a5f2c06fd05472ec0c30516ff6d9,theorem_like,109,Lemma 2.1.Let X be an oriented graph whose adjacency matrix A belongs to the Bose-
Litrature/PERFECT AND MULTIPLE STATE TRANSFER IN ORIENTED CAYLEY.pdf,a486a6ada3382eb824d1825fbc6272872a52a5f2c06fd05472ec0c30516ff6d9,theorem_like,123,Theorem 2.2.Let X be an oriented graph with adjacency matrix A belongs to the Bose-
Litrature/PERFECT AND MULTIPLE STATE TRANSFER IN ORIENTED CAYLEY.pdf,a486a6ada3382eb824d1825fbc6272872a52a5f2c06fd05472ec0c30516ff6d9,theorem_like,163,The first part of the following result is a special case of Theorem 6.4.3 in [15].
Litrature/PERFECT AND MULTIPLE STATE TRANSFER IN ORIENTED CAYLEY.pdf,a486a6ada3382eb824d1825fbc6272872a52a5f2c06fd05472ec0c30516ff6d9,theorem_like,164,Corollary 2.3.Let X be an oriented graph with adjacency matrix A belongs to the Bose-
Litrature/PERFECT AND MULTIPLE STATE TRANSFER IN ORIENTED CAYLEY.pdf,a486a6ada3382eb824d1825fbc6272872a52a5f2c06fd05472ec0c30516ff6d9,theorem_like,171,"eigenvalue support ofa,Φ a, contains all eigenvalues ofA. By Theorem 6.1 of [9], there"
Litrature/PERFECT AND MULTIPLE STATE TRANSFER IN ORIENTED CAYLEY.pdf,a486a6ada3382eb824d1825fbc6272872a52a5f2c06fd05472ec0c30516ff6d9,theorem_like,175,"From Theorem 2.2,U(τ)=Pis a permutation matrix of orderm=|S a|. Forr="
Litrature/PERFECT AND MULTIPLE STATE TRANSFER IN ORIENTED CAYLEY.pdf,a486a6ada3382eb824d1825fbc6272872a52a5f2c06fd05472ec0c30516ff6d9,theorem_like,177,"follows from [15, Lemma 2.10.3] thatω r ∈Q(i"
Litrature/PERFECT AND MULTIPLE STATE TRANSFER IN ORIENTED CAYLEY.pdf,a486a6ada3382eb824d1825fbc6272872a52a5f2c06fd05472ec0c30516ff6d9,theorem_like,181,∆ =3. It follows fromPE r =ω rEr and Theorem 2.10.3 of [15] that
Litrature/PERFECT AND MULTIPLE STATE TRANSFER IN ORIENTED CAYLEY.pdf,a486a6ada3382eb824d1825fbc6272872a52a5f2c06fd05472ec0c30516ff6d9,theorem_like,187,3 Qby Corollary 6.1.3 of [15].
Litrature/PERFECT AND MULTIPLE STATE TRANSFER IN ORIENTED CAYLEY.pdf,a486a6ada3382eb824d1825fbc6272872a52a5f2c06fd05472ec0c30516ff6d9,theorem_like,190,Corollary 2.4.Let X be an oriented graph whose adjacency matrix A belongs to the Bose-
Litrature/PERFECT AND MULTIPLE STATE TRANSFER IN ORIENTED CAYLEY.pdf,a486a6ada3382eb824d1825fbc6272872a52a5f2c06fd05472ec0c30516ff6d9,theorem_like,212,"vertexz. By Lemma 2.1,U(τ) is the adjacency matrix of Cay(G,{z −1}). SinceU(τ)∈ A,"
Litrature/PERFECT AND MULTIPLE STATE TRANSFER IN ORIENTED CAYLEY.pdf,a486a6ada3382eb824d1825fbc6272872a52a5f2c06fd05472ec0c30516ff6d9,theorem_like,214,"Theorem 2.2 and Corollary 2.3 thatS e =⟨z⟩andzhas order 2, 3, 4 or 6."
Litrature/PERFECT AND MULTIPLE STATE TRANSFER IN ORIENTED CAYLEY.pdf,a486a6ada3382eb824d1825fbc6272872a52a5f2c06fd05472ec0c30516ff6d9,theorem_like,214,"Theorem 2.2 and Corollary 2.3 thatS e =⟨z⟩andzhas order 2, 3, 4 or 6."
Litrature/PERFECT AND MULTIPLE STATE TRANSFER IN ORIENTED CAYLEY.pdf,a486a6ada3382eb824d1825fbc6272872a52a5f2c06fd05472ec0c30516ff6d9,theorem_like,215,"Theorem 3.1.IfCay(G,C)is an oriented normal Cayley graph admitting PST, thenS e is"
Litrature/PERFECT AND MULTIPLE STATE TRANSFER IN ORIENTED CAYLEY.pdf,a486a6ada3382eb824d1825fbc6272872a52a5f2c06fd05472ec0c30516ff6d9,theorem_like,242,"Lemma 3.2.In an oriented normal Cayley graph, PST occurs from a to b at timeτif and"
Litrature/PERFECT AND MULTIPLE STATE TRANSFER IN ORIENTED CAYLEY.pdf,a486a6ada3382eb824d1825fbc6272872a52a5f2c06fd05472ec0c30516ff6d9,theorem_like,245,"ThenPU(τ)=U(τ)P, andU(τ)a=bif and only ifU(τ)e=ba −1. By Theorem 2.2,"
Litrature/PERFECT AND MULTIPLE STATE TRANSFER IN ORIENTED CAYLEY.pdf,a486a6ada3382eb824d1825fbc6272872a52a5f2c06fd05472ec0c30516ff6d9,theorem_like,247,Theorem 3.3.PST occurs from e to z at timeτin an oriented normal Cayley graph
Litrature/PERFECT AND MULTIPLE STATE TRANSFER IN ORIENTED CAYLEY.pdf,a486a6ada3382eb824d1825fbc6272872a52a5f2c06fd05472ec0c30516ff6d9,theorem_like,258,"Proof.By Theorem 2.2, if PST occurs frometozthenz∈Z(G). From (3),U(τ)e=zif"
Litrature/PERFECT AND MULTIPLE STATE TRANSFER IN ORIENTED CAYLEY.pdf,a486a6ada3382eb824d1825fbc6272872a52a5f2c06fd05472ec0c30516ff6d9,theorem_like,270,"Corollary 3.4.Let G be a finite group, X:=Cay(G,C)be a normal oriented Cayley graph,"
Litrature/PERFECT AND MULTIPLE STATE TRANSFER IN ORIENTED CAYLEY.pdf,a486a6ada3382eb824d1825fbc6272872a52a5f2c06fd05472ec0c30516ff6d9,theorem_like,271,and z be a central element satisfying Condition (2) in Theorem 3.3. Then X has multiple
Litrature/PERFECT AND MULTIPLE STATE TRANSFER IN ORIENTED CAYLEY.pdf,a486a6ada3382eb824d1825fbc6272872a52a5f2c06fd05472ec0c30516ff6d9,theorem_like,276,Corollary 3.5.Let G be a finite group and z∈Z(G)be such that there exists a subset
Litrature/PERFECT AND MULTIPLE STATE TRANSFER IN ORIENTED CAYLEY.pdf,a486a6ada3382eb824d1825fbc6272872a52a5f2c06fd05472ec0c30516ff6d9,theorem_like,281,"Proof.By Corollary 3.4, it suffices to show that there is no normal Cayley graph onG"
Litrature/Quantifying State Transfer Strength on Graphs.pdf,a5682a324b2bd6f072162a2ba93ccf6c1c2f4bac0b8c25733dfc7319707eccb6,theorem_like,45,"Theorem 1.1 ([5]). Let G be the path graph on at least 3 nodes and u,v be its two"
Litrature/Quantifying State Transfer Strength on Graphs.pdf,a5682a324b2bd6f072162a2ba93ccf6c1c2f4bac0b8c25733dfc7319707eccb6,theorem_like,62,Theorem 1.2. Let G be a graph with an involution τ : V (G) → V (G) and let u =
Litrature/Quantifying State Transfer Strength on Graphs.pdf,a5682a324b2bd6f072162a2ba93ccf6c1c2f4bac0b8c25733dfc7319707eccb6,theorem_like,166,"Lemma 2.3. [3] Let graph G be a graph with involution σ , and Q be its potential"
Litrature/Quantifying State Transfer Strength on Graphs.pdf,a5682a324b2bd6f072162a2ba93ccf6c1c2f4bac0b8c25733dfc7319707eccb6,theorem_like,186,Lemma 2.4. Denote the set of eigenvalues of H + by π + and the set of eigenvalues of
Litrature/Quantifying State Transfer Strength on Graphs.pdf,a5682a324b2bd6f072162a2ba93ccf6c1c2f4bac0b8c25733dfc7319707eccb6,theorem_like,192,"By the Perron-Frobenius theorem, λ 1 is strictly greater than λ 2, and the components of"
Litrature/Quantifying State Transfer Strength on Graphs.pdf,a5682a324b2bd6f072162a2ba93ccf6c1c2f4bac0b8c25733dfc7319707eccb6,theorem_like,194,Gershgorin’s Circle theorem tells us that every eigenvalue is bounded by a disc
Litrature/Quantifying State Transfer Strength on Graphs.pdf,a5682a324b2bd6f072162a2ba93ccf6c1c2f4bac0b8c25733dfc7319707eccb6,theorem_like,220,Theorem 1.2 is a direct corollary of the following statement .
Litrature/Quantifying State Transfer Strength on Graphs.pdf,a5682a324b2bd6f072162a2ba93ccf6c1c2f4bac0b8c25733dfc7319707eccb6,theorem_like,220,Theorem 1.2 is a direct corollary of the following statement .
Litrature/Quantifying State Transfer Strength on Graphs.pdf,a5682a324b2bd6f072162a2ba93ccf6c1c2f4bac0b8c25733dfc7319707eccb6,theorem_like,221,Theorem 3.1. Let G be a graph with involution and maximum degree m. For every
Litrature/Quantifying State Transfer Strength on Graphs.pdf,a5682a324b2bd6f072162a2ba93ccf6c1c2f4bac0b8c25733dfc7319707eccb6,theorem_like,231,"on time t is further discussed in section 3.3. In Theorem 3.4, we will p rove that both"
Litrature/Quantifying State Transfer Strength on Graphs.pdf,a5682a324b2bd6f072162a2ba93ccf6c1c2f4bac0b8c25733dfc7319707eccb6,theorem_like,279,"Theorem 3.2. Label the vertices in N as v1, v2,...,vk and S’s vertices as vk+1,...,vk+s."
Litrature/Quantifying State Transfer Strength on Graphs.pdf,a5682a324b2bd6f072162a2ba93ccf6c1c2f4bac0b8c25733dfc7319707eccb6,theorem_like,289,"Proof. According to Lemma 2.3, λ 1 is also the largest eigenvalue of H +. The vector"
Litrature/Quantifying State Transfer Strength on Graphs.pdf,a5682a324b2bd6f072162a2ba93ccf6c1c2f4bac0b8c25733dfc7319707eccb6,theorem_like,346,Theorem 3.3. Let degN ∪ σN (vi) denote the degree of vertex vi inN ∪σN . Use the same
Litrature/Quantifying State Transfer Strength on Graphs.pdf,a5682a324b2bd6f072162a2ba93ccf6c1c2f4bac0b8c25733dfc7319707eccb6,theorem_like,347,setting in Theorem 3.2 and the vector y deﬁned above. The lower bound on λ 2 is given
Litrature/Quantifying State Transfer Strength on Graphs.pdf,a5682a324b2bd6f072162a2ba93ccf6c1c2f4bac0b8c25733dfc7319707eccb6,theorem_like,378,"When i = 2, 3,...,k , similar to the proof of the previous theorem, there exists a"
Litrature/Quantifying State Transfer Strength on Graphs.pdf,a5682a324b2bd6f072162a2ba93ccf6c1c2f4bac0b8c25733dfc7319707eccb6,theorem_like,394,proved bound compared to the one given by the Circle Theorem.
Litrature/Quantifying State Transfer Strength on Graphs.pdf,a5682a324b2bd6f072162a2ba93ccf6c1c2f4bac0b8c25733dfc7319707eccb6,theorem_like,427,"Theorem 3.4. Let m be the maximum degree of the graph. If Q is greater than 2m,"
Litrature/Quantifying State Transfer Strength on Graphs.pdf,a5682a324b2bd6f072162a2ba93ccf6c1c2f4bac0b8c25733dfc7319707eccb6,theorem_like,468,"According to Gershgorin’s Circle Theorem, λ 1 andλ 2 lie in the interval [ Q − m,Q +m],"
Litrature/Quantifying State Transfer Strength on Graphs.pdf,a5682a324b2bd6f072162a2ba93ccf6c1c2f4bac0b8c25733dfc7319707eccb6,theorem_like,473,"bound in Theorem 3.2 also applies to R(H,"
Litrature/Quantifying State Transfer Strength on Graphs.pdf,a5682a324b2bd6f072162a2ba93ccf6c1c2f4bac0b8c25733dfc7319707eccb6,theorem_like,493,in the theorem.
Litrature/Quantifying State Transfer Strength on Graphs.pdf,a5682a324b2bd6f072162a2ba93ccf6c1c2f4bac0b8c25733dfc7319707eccb6,theorem_like,542,Lemma 3.5. [6] H is the adjacency matrix of a simple connected graph with pote ntial
Litrature/Quantifying State Transfer Strength on Graphs.pdf,a5682a324b2bd6f072162a2ba93ccf6c1c2f4bac0b8c25733dfc7319707eccb6,theorem_like,597,which is exactly what the 2 × 2 linear system in the lemma describes.
Litrature/Quantifying State Transfer Strength on Graphs.pdf,a5682a324b2bd6f072162a2ba93ccf6c1c2f4bac0b8c25733dfc7319707eccb6,theorem_like,598,Theorem 3.6. Given a graph with an involution and potential Q on v and v′. If the
Litrature/Quantifying State Transfer Strength on Graphs.pdf,a5682a324b2bd6f072162a2ba93ccf6c1c2f4bac0b8c25733dfc7319707eccb6,theorem_like,603,"itself is equivalent to taking a walk from v to v. Thus, the matrix in Lemma 3.5 has"
Litrature/Quantifying State Transfer Strength on Graphs.pdf,a5682a324b2bd6f072162a2ba93ccf6c1c2f4bac0b8c25733dfc7319707eccb6,theorem_like,610,"] T . According to Lemma 2.3 ,µ = ν if λ ∈ π + and"
Litrature/Quantum walks on join graphs.pdf,1bfdb62fae0a8c08fec34097824767620dc7f21b15ce24f2c9270fb4949705a2,theorem_like,69,"vertices in join graphs. In Section 4, we characterize periodic vertices in a join (Theorem 1), and determine the conditions"
Litrature/Quantum walks on join graphs.pdf,1bfdb62fae0a8c08fec34097824767620dc7f21b15ce24f2c9270fb4949705a2,theorem_like,72,lary 3). We devote Section 5 to characterizing strong cospectrality in joins (Theorem 3). It turns out that strong cospectrality
Litrature/Quantum walks on join graphs.pdf,1bfdb62fae0a8c08fec34097824767620dc7f21b15ce24f2c9270fb4949705a2,theorem_like,74,"two vertices. In fact, for the unweighted case, Laplacian strong cospectrality in X and X ∨ Y are equivalent (Corollary 4)."
Litrature/Quantum walks on join graphs.pdf,1bfdb62fae0a8c08fec34097824767620dc7f21b15ce24f2c9270fb4949705a2,theorem_like,83,"for all t and for all vertices u and v of X (Corollary 18). Consequently, the behaviour of vertices in X in the quantum walk"
Litrature/Quantum walks on join graphs.pdf,1bfdb62fae0a8c08fec34097824767620dc7f21b15ce24f2c9270fb4949705a2,theorem_like,84,on X ∨ Y mimics the behaviour of the quantum walk on X as |V (X)|→∞ (Corollary 19). We also show that this upper
Litrature/Quantum walks on join graphs.pdf,1bfdb62fae0a8c08fec34097824767620dc7f21b15ce24f2c9270fb4949705a2,theorem_like,150,"with respect to L and A are known (see [1, Fact 8] and [8, Lemma 12.3.1], respectively). Throughout, m and n denote the"
Litrature/Quantum walks on join graphs.pdf,1bfdb62fae0a8c08fec34097824767620dc7f21b15ce24f2c9270fb4949705a2,theorem_like,152,"Lemma 1. If u, v ∈ V (X) and w ∈ V (Y), then"
Litrature/Quantum walks on join graphs.pdf,1bfdb62fae0a8c08fec34097824767620dc7f21b15ce24f2c9270fb4949705a2,theorem_like,164,Lemma 2. Let D = (k − ℓ)2 +4mn and λ± = 1
Litrature/Quantum walks on join graphs.pdf,1bfdb62fae0a8c08fec34097824767620dc7f21b15ce24f2c9270fb4949705a2,theorem_like,192,"If ϕ(M(X), t) ∈ Z[t], then σu(M(X)) is closed under taking algebraic conjugates [8, Corollary 5.2.2]. Moreover, 0 ∈ σu(L(X))"
Litrature/Quantum walks on join graphs.pdf,1bfdb62fae0a8c08fec34097824767620dc7f21b15ce24f2c9270fb4949705a2,theorem_like,196,"Lemma 3. Let u ∈ V (X), and deﬁne 𝒮 := {λ+ n : λ∈ σu(L(X))\{0}}."
Litrature/Quantum walks on join graphs.pdf,1bfdb62fae0a8c08fec34097824767620dc7f21b15ce24f2c9270fb4949705a2,theorem_like,202,"u is periodic if and only if σu(M) satisﬁes the ratio condition [8, Corollary 7.3.1]."
Litrature/Quantum walks on join graphs.pdf,1bfdb62fae0a8c08fec34097824767620dc7f21b15ce24f2c9270fb4949705a2,theorem_like,203,Theorem 1. Let X and Y be weighted graphs and u ∈ V (X).
Litrature/Quantum walks on join graphs.pdf,1bfdb62fae0a8c08fec34097824767620dc7f21b15ce24f2c9270fb4949705a2,theorem_like,215,"Proof. To prove (1), note that σu(L) = 𝒮 ∪ ℛ by Lemma 3. By the ratio condition, vertex u is periodic if and only if"
Litrature/Quantum walks on join graphs.pdf,1bfdb62fae0a8c08fec34097824767620dc7f21b15ce24f2c9270fb4949705a2,theorem_like,220,The following example illustrates that the converse of the last statement in Theorem 1(1) does not hold.
Litrature/Quantum walks on join graphs.pdf,1bfdb62fae0a8c08fec34097824767620dc7f21b15ce24f2c9270fb4949705a2,theorem_like,224,"If ϕ(M(X), t) ∈ Z[t], then we obtain another characterization of periodicity [8, Corollary 7.6.2]."
Litrature/Quantum walks on join graphs.pdf,1bfdb62fae0a8c08fec34097824767620dc7f21b15ce24f2c9270fb4949705a2,theorem_like,225,"Lemma 4. Let S be a set of real algebraic integers that is closed under taking algebraic conjugates. If S satisﬁes the ratio condition, then"
Litrature/Quantum walks on join graphs.pdf,1bfdb62fae0a8c08fec34097824767620dc7f21b15ce24f2c9270fb4949705a2,theorem_like,237,"We now show that the converse of the last statement in Theorem 1(1) holds when ϕ(L(X), t) ∈ Z[t]."
Litrature/Quantum walks on join graphs.pdf,1bfdb62fae0a8c08fec34097824767620dc7f21b15ce24f2c9270fb4949705a2,theorem_like,238,"Corollary 1. If ϕ(L(X), t) ∈ Z[t], then the following statements are equivalent."
Litrature/Quantum walks on join graphs.pdf,1bfdb62fae0a8c08fec34097824767620dc7f21b15ce24f2c9270fb4949705a2,theorem_like,242,"Proof. The equivalence of (1) and (3) is well-known, see for instance [7, Corollary 7.3.2]). Lemma 3(1) and the ratio condi-"
Litrature/Quantum walks on join graphs.pdf,1bfdb62fae0a8c08fec34097824767620dc7f21b15ce24f2c9270fb4949705a2,theorem_like,242,"Proof. The equivalence of (1) and (3) is well-known, see for instance [7, Corollary 7.3.2]). Lemma 3(1) and the ratio condi-"
Litrature/Quantum walks on join graphs.pdf,1bfdb62fae0a8c08fec34097824767620dc7f21b15ce24f2c9270fb4949705a2,theorem_like,243,"tion yield (3) implies (2). Finally, the second statement of Theorem 1(1) gives us (2) implies (1). □"
Litrature/Quantum walks on join graphs.pdf,1bfdb62fae0a8c08fec34097824767620dc7f21b15ce24f2c9270fb4949705a2,theorem_like,245,is Laplacian periodic in both X and X ∨ O1 by Corollary 1.
Litrature/Quantum walks on join graphs.pdf,1bfdb62fae0a8c08fec34097824767620dc7f21b15ce24f2c9270fb4949705a2,theorem_like,246,"Next, we have the following result concerning the adjacency matrix in relation to Theorem 1(2)."
Litrature/Quantum walks on join graphs.pdf,1bfdb62fae0a8c08fec34097824767620dc7f21b15ce24f2c9270fb4949705a2,theorem_like,247,"Corollary 2. Let u ∈ V (X), ϕ(A(X), t) ∈ Z[t] and k,ℓ be integers. Consider D in Lemma 2."
Litrature/Quantum walks on join graphs.pdf,1bfdb62fae0a8c08fec34097824767620dc7f21b15ce24f2c9270fb4949705a2,theorem_like,247,"Corollary 2. Let u ∈ V (X), ϕ(A(X), t) ∈ Z[t] and k,ℓ be integers. Consider D in Lemma 2."
Litrature/Quantum walks on join graphs.pdf,1bfdb62fae0a8c08fec34097824767620dc7f21b15ce24f2c9270fb4949705a2,correction,480,the largest power of two that divides an integer a by ν2(a). We adopt the convention that ν2(0) =+ ∞. We also denote the
Litrature/Quantum walks on join graphs.pdf,1bfdb62fae0a8c08fec34097824767620dc7f21b15ce24f2c9270fb4949705a2,doi,59,https://doi.org/10.1016/j.disc.2025.114832
Litrature/State Transfer in Complex Quantum Walks.pdf,4a2d69492de9caee0b1a8e2f7e92d38304686c725e76ac79cb1c70cf1805a41c,theorem_like,61,"observed that perfect state transfer always implies period icity (by the Gelfond-Schneider theorem). In fact,"
Litrature/State Transfer in Complex Quantum Walks.pdf,4a2d69492de9caee0b1a8e2f7e92d38304686c725e76ac79cb1c70cf1805a41c,theorem_like,131,Theorem 2.1. Perfect state transfer occurs from /u1D44Eto /u1D44Fin a Hermitian graph /u1D44Bif and only if
Litrature/State Transfer in Complex Quantum Walks.pdf,4a2d69492de9caee0b1a8e2f7e92d38304686c725e76ac79cb1c70cf1805a41c,theorem_like,159,"Theorem 2.2. In a Hermitian graph /u1D44B, /u1D44Eis periodic if and only if the ratio condition on Φ /u1D44Eholds."
Litrature/State Transfer in Complex Quantum Walks.pdf,4a2d69492de9caee0b1a8e2f7e92d38304686c725e76ac79cb1c70cf1805a41c,theorem_like,160,"Proof. Note that /u1D45E/u1D45F( /u1D44E, /u1D44E) = 0 for /u1D703/u1D45F∈ Φ /u1D44E. The result follows immediately from Theorem 2.1."
Litrature/State Transfer in Complex Quantum Walks.pdf,4a2d69492de9caee0b1a8e2f7e92d38304686c725e76ac79cb1c70cf1805a41c,theorem_like,164,"Using the proof of Lemma 13.1 in [ 13], we conclude that if there is pretty good state transfer fro m /u1D44Eto /u1D44F"
Litrature/State Transfer in Complex Quantum Walks.pdf,4a2d69492de9caee0b1a8e2f7e92d38304686c725e76ac79cb1c70cf1805a41c,theorem_like,177,Theorem 2.3. (Kronecker [
Litrature/State Transfer in Complex Quantum Walks.pdf,4a2d69492de9caee0b1a8e2f7e92d38304686c725e76ac79cb1c70cf1805a41c,theorem_like,187,"Theorem 2.4. Let /u1D44B be Hermitian graph with eigenvalues /u1D7031, … , /u1D703 /u1D451 ∈ Φ /u1D44E. Then /u1D44B has pretty good state"
Litrature/State Transfer in Complex Quantum Walks.pdf,4a2d69492de9caee0b1a8e2f7e92d38304686c725e76ac79cb1c70cf1805a41c,theorem_like,199,Proof. The result follows from Proposition 4.01 of [
Litrature/State Transfer in Complex Quantum Walks.pdf,4a2d69492de9caee0b1a8e2f7e92d38304686c725e76ac79cb1c70cf1805a41c,theorem_like,200,15] and Theorem 2.3.
Litrature/State Transfer in Complex Quantum Walks.pdf,4a2d69492de9caee0b1a8e2f7e92d38304686c725e76ac79cb1c70cf1805a41c,theorem_like,210,state transfer. Lemma 22 of [ 10] gives a construction of Hermitian circulants that admit un iversal perfect
Litrature/State Transfer in Complex Quantum Walks.pdf,4a2d69492de9caee0b1a8e2f7e92d38304686c725e76ac79cb1c70cf1805a41c,theorem_like,223,Theorem 3.1. Let /u1D43B be the matrix associated with a Hermitian graph /u1D44Bthat admits universal perfect state
Litrature/State Transfer in Complex Quantum Walks.pdf,4a2d69492de9caee0b1a8e2f7e92d38304686c725e76ac79cb1c70cf1805a41c,theorem_like,239,"the underlying (undirected) graph of /u1D44B is regular. Further, it follows from Theorem 6.1 of [ 11] that there"
Litrature/State Transfer in Complex Quantum Walks.pdf,4a2d69492de9caee0b1a8e2f7e92d38304686c725e76ac79cb1c70cf1805a41c,theorem_like,250,Lemma 3.2. Let /u1D43B be a Hermitian matrix of order /u1D45Bwith zero diagonal entries. Let /u1D7031 ≤ /u1D7032 ≤ ⋯ ≤ /u1D703/u1D45Bbe
Litrature/State Transfer in Complex Quantum Walks.pdf,4a2d69492de9caee0b1a8e2f7e92d38304686c725e76ac79cb1c70cf1805a41c,theorem_like,274,Lemma 3.3. Let /u1D44B be an oriented graph on /u1D45Bvertices and /u1D45Aedges with eigenvalues /u1D7031 < ⋯ < /u1D703 /u1D45B. Let
Litrature/State Transfer in Complex Quantum Walks.pdf,4a2d69492de9caee0b1a8e2f7e92d38304686c725e76ac79cb1c70cf1805a41c,theorem_like,310,Applying Lemma 3.2 gives
Litrature/State Transfer in Complex Quantum Walks.pdf,4a2d69492de9caee0b1a8e2f7e92d38304686c725e76ac79cb1c70cf1805a41c,theorem_like,313,The second inequality in the lemma follows immediately from /u1D45A≤
Litrature/State Transfer in Complex Quantum Walks.pdf,4a2d69492de9caee0b1a8e2f7e92d38304686c725e76ac79cb1c70cf1805a41c,theorem_like,320,Corollary 3.4. Let /u1D44B be an oriented graph on /u1D45Bvertices. If /u1D44B admits universal perfect state transfer then
Litrature/State Transfer in Complex Quantum Walks.pdf,4a2d69492de9caee0b1a8e2f7e92d38304686c725e76ac79cb1c70cf1805a41c,theorem_like,322,Proof. It follows from Equation ( 8) that /u1D70E2 ≥ Δ ≥ 1. The second inequality of Lemma 3.3 gives /u1D45B≤ 11.
Litrature/State Transfer in Complex Quantum Walks.pdf,4a2d69492de9caee0b1a8e2f7e92d38304686c725e76ac79cb1c70cf1805a41c,theorem_like,325,Theorem 3.5. The oriented /u1D43E2 and /u1D43E3 are the only oriented graphs admitting universal perfect state transfer.
Litrature/State Transfer in Complex Quantum Walks.pdf,4a2d69492de9caee0b1a8e2f7e92d38304686c725e76ac79cb1c70cf1805a41c,theorem_like,337,"For /u1D45B≥ 6, it follows from Lemma 3.3 and Corollary 3.4 that /u1D70E= min /u1D45F≠ /u1D460 /u⎪i007C.v⎞⎜/u1D703/u1D45F− /u1D703/u1D460/u⎪i007C.v⎞⎜= 1 and"
Litrature/State Transfer in Complex Quantum Walks.pdf,4a2d69492de9caee0b1a8e2f7e92d38304686c725e76ac79cb1c70cf1805a41c,theorem_like,337,"For /u1D45B≥ 6, it follows from Lemma 3.3 and Corollary 3.4 that /u1D70E= min /u1D45F≠ /u1D460 /u⎪i007C.v⎞⎜/u1D703/u1D45F− /u1D703/u1D460/u⎪i007C.v⎞⎜= 1 and"
Litrature/State Transfer in Complex Quantum Walks.pdf,4a2d69492de9caee0b1a8e2f7e92d38304686c725e76ac79cb1c70cf1805a41c,theorem_like,392,Making use of this technical lemma from [
Litrature/State Transfer in Complex Quantum Walks.pdf,4a2d69492de9caee0b1a8e2f7e92d38304686c725e76ac79cb1c70cf1805a41c,theorem_like,395,Lemma 3.6. Let /u1D434 and /u1D435 be Hermitian matrices where /u1D434 has spectral decomposition /u1D434 = ∑
Litrature/State Transfer in Complex Quantum Walks.pdf,4a2d69492de9caee0b1a8e2f7e92d38304686c725e76ac79cb1c70cf1805a41c,theorem_like,401,"Lemma 3.7. Suppose /u1D44B is an oriented graph on /u1D45Bvertices with associated Hermitian matrix /u1D43B/u1D44B, whose"
Litrature/State Transfer in Complex Quantum Walks.pdf,4a2d69492de9caee0b1a8e2f7e92d38304686c725e76ac79cb1c70cf1805a41c,theorem_like,409,applying Lemma 3.6 gives
Litrature/State Transfer in Complex Quantum Walks.pdf,4a2d69492de9caee0b1a8e2f7e92d38304686c725e76ac79cb1c70cf1805a41c,scope_warning,21,"a conjecture of Cameron et al. [1]. On the other hand, we construct an inﬁnite family of orient ed"
Litrature/State Transfer in Complex Quantum Walks.pdf,4a2d69492de9caee0b1a8e2f7e92d38304686c725e76ac79cb1c70cf1805a41c,scope_warning,56,state transfer. We prove their conjecture in this work. This conﬁrms that universal perfect state transfer is
Litrature/State Transfer in Complex Quantum Walks.pdf,4a2d69492de9caee0b1a8e2f7e92d38304686c725e76ac79cb1c70cf1805a41c,scope_warning,212,al. conjecture that the oriented /u1D43E2 and the oriented /u1D43E3 are the only oriented graphs that can have universal
Litrature/State Transfer in Complex Quantum Walks.pdf,4a2d69492de9caee0b1a8e2f7e92d38304686c725e76ac79cb1c70cf1805a41c,scope_warning,213,perfect state transfer. We conﬁrm this conjecture in Sectio n 3.1.
Litrature/Superluminal Correlations in Ensembles of Optical.pdf,e3c1b1f7a320fb61e2dbe99881f846276c0f51d2213f0064454642f8d2b75be9,theorem_like,48,"has roots in the 1885 “hairy ball theorem” 32 , and has vastly evolved ever since, particularly in"
Litrature/Superluminal Correlations in Ensembles of Optical.pdf,e3c1b1f7a320fb61e2dbe99881f846276c0f51d2213f0064454642f8d2b75be9,theorem_like,221,Gaussian random waves. (c) Definition of the distance correlation (top) for same-charge and
Litrature/Superluminal Correlations in Ensembles of Optical.pdf,e3c1b1f7a320fb61e2dbe99881f846276c0f51d2213f0064454642f8d2b75be9,theorem_like,290,The brackets 〈…⟩ denote an average over all possible realizations. This definition leaves us
Litrature/Superluminal Correlations in Ensembles of Optical.pdf,e3c1b1f7a320fb61e2dbe99881f846276c0f51d2213f0064454642f8d2b75be9,correction,407,"Data acquisition, reconstruction, and drift correction"
Litrature/Superluminal Correlations in Ensembles of Optical.pdf,e3c1b1f7a320fb61e2dbe99881f846276c0f51d2213f0064454642f8d2b75be9,correction,474,"correction, singularity detection/tracking, and correlation analyses. Pseudocode for Algorithms"
Litrature/Superluminal Correlations in Ensembles of Optical.pdf,e3c1b1f7a320fb61e2dbe99881f846276c0f51d2213f0064454642f8d2b75be9,correction,533,"before the correction (left). After correction, the rectangle marks the same coordinates on the sample."
Litrature/Superluminal Correlations in Ensembles of Optical.pdf,e3c1b1f7a320fb61e2dbe99881f846276c0f51d2213f0064454642f8d2b75be9,correction,533,"before the correction (left). After correction, the rectangle marks the same coordinates on the sample."
M3A Papers/M3A_A_Finite_Algebraic_Diagnostic_Pass_REBUILT (1).pdf,3be7dc3d6d62f92bbb45d3f1760bdacff0e12b9ecccfb3bd8b74c6a933d9c678,theorem_like,31,4 Theorem 1: ﬁnite moment equivalence 4
M3A Papers/M3A_A_Finite_Algebraic_Diagnostic_Pass_REBUILT (1).pdf,3be7dc3d6d62f92bbb45d3f1760bdacff0e12b9ecccfb3bd8b74c6a933d9c678,theorem_like,38,6 Theorem 2: signed-involution certiﬁcates 6
M3A Papers/M3A_A_Finite_Algebraic_Diagnostic_Pass_REBUILT (1).pdf,3be7dc3d6d62f92bbb45d3f1760bdacff0e12b9ecccfb3bd8b74c6a933d9c678,theorem_like,39,7 Theorem 3: projected channel breaking 7
M3A Papers/M3A_A_Finite_Algebraic_Diagnostic_Pass_REBUILT (1).pdf,3be7dc3d6d62f92bbb45d3f1760bdacff0e12b9ecccfb3bd8b74c6a933d9c678,theorem_like,40,8 Theorem 4: ﬁxed ﬂux is insuﬃcient on weighted even cycles 8
M3A Papers/M3A_A_Finite_Algebraic_Diagnostic_Pass_REBUILT (1).pdf,3be7dc3d6d62f92bbb45d3f1760bdacff0e12b9ecccfb3bd8b74c6a933d9c678,theorem_like,155,4 Theorem 1: ﬁnite moment equivalence
M3A Papers/M3A_A_Finite_Algebraic_Diagnostic_Pass_REBUILT (1).pdf,3be7dc3d6d62f92bbb45d3f1760bdacff0e12b9ecccfb3bd8b74c6a933d9c678,theorem_like,156,Theorem 4.1 (Finite algebraic characterization) . For a Hermitian matrix H∈ Cn× n and basis
M3A Papers/M3A_A_Finite_Algebraic_Diagnostic_Pass_REBUILT (1).pdf,3be7dc3d6d62f92bbb45d3f1760bdacff0e12b9ecccfb3bd8b74c6a933d9c678,theorem_like,178,"Assume (b). By the Cayley–Hamilton theorem, H n is a linear combination of I, H, . . . , H n− 1."
M3A Papers/M3A_A_Finite_Algebraic_Diagnostic_Pass_REBUILT (1).pdf,3be7dc3d6d62f92bbb45d3f1760bdacff0e12b9ecccfb3bd8b74c6a933d9c678,theorem_like,190,"Corollary 4.2 (Early algebraic opening) . If any moment mk(H; s, ℓ ) is nonzero, then the channel"
M3A Papers/M3A_A_Finite_Algebraic_Diagnostic_Pass_REBUILT (1).pdf,3be7dc3d6d62f92bbb45d3f1760bdacff0e12b9ecccfb3bd8b74c6a933d9c678,theorem_like,229,The theorem uses equality to zero. Software uses thresholds. The report must therefore state:
M3A Papers/M3A_A_Finite_Algebraic_Diagnostic_Pass_REBUILT (1).pdf,3be7dc3d6d62f92bbb45d3f1760bdacff0e12b9ecccfb3bd8b74c6a933d9c678,theorem_like,243,6 Theorem 2: signed-involution certiﬁcates
M3A Papers/M3A_A_Finite_Algebraic_Diagnostic_Pass_REBUILT (1).pdf,3be7dc3d6d62f92bbb45d3f1760bdacff0e12b9ecccfb3bd8b74c6a933d9c678,theorem_like,249,"Theorem 6.2 (Sector-exclusion certiﬁcate) . If (H, R, s, ℓ ) is a signed-involution certiﬁcate, then"
M3A Papers/M3A_A_Finite_Algebraic_Diagnostic_Pass_REBUILT (1).pdf,3be7dc3d6d62f92bbb45d3f1760bdacff0e12b9ecccfb3bd8b74c6a933d9c678,theorem_like,275,Hence every channel moment vanishes. The result follows from theorem 4.1 .
M3A Papers/M3A_A_Finite_Algebraic_Diagnostic_Pass_REBUILT (1).pdf,3be7dc3d6d62f92bbb45d3f1760bdacff0e12b9ecccfb3bd8b74c6a933d9c678,theorem_like,282,7 Theorem 3: projected channel breaking
M3A Papers/M3A_A_Finite_Algebraic_Diagnostic_Pass_REBUILT (1).pdf,3be7dc3d6d62f92bbb45d3f1760bdacff0e12b9ecccfb3bd8b74c6a933d9c678,theorem_like,293,Theorem 7.1 (Projected channel-breaking law) . Under the assumptions above:
M3A Papers/M3A_A_Finite_Algebraic_Diagnostic_Pass_REBUILT (1).pdf,3be7dc3d6d62f92bbb45d3f1760bdacff0e12b9ecccfb3bd8b74c6a933d9c678,theorem_like,308,"opposite invariant sectors, and theorem 6.2 applies."
M3A Papers/M3A_A_Finite_Algebraic_Diagnostic_Pass_REBUILT (1).pdf,3be7dc3d6d62f92bbb45d3f1760bdacff0e12b9ecccfb3bd8b74c6a933d9c678,theorem_like,324,8 Theorem 4: ﬁxed ﬂux is insuﬃcient on weighted even cycles
M3A Papers/M3A_A_Finite_Algebraic_Diagnostic_Pass_REBUILT (1).pdf,3be7dc3d6d62f92bbb45d3f1760bdacff0e12b9ecccfb3bd8b74c6a933d9c678,theorem_like,331,"Theorem 8.1 (First geodesic moment and ﬂux insuﬃciency) . For the weighted π -ﬂux cycle above,"
M3A Papers/M3A_A_Finite_Algebraic_Diagnostic_Pass_REBUILT (1).pdf,3be7dc3d6d62f92bbb45d3f1760bdacff0e12b9ecccfb3bd8b74c6a933d9c678,theorem_like,343,theorem 6.2.
M3A Papers/M3A_A_Finite_Algebraic_Diagnostic_Pass_REBUILT (1).pdf,3be7dc3d6d62f92bbb45d3f1760bdacff0e12b9ecccfb3bd8b74c6a933d9c678,theorem_like,350,exact zero transfer. The ﬁnal assertion is theorem 6.2 .
M3A Papers/M3A_A_Finite_Algebraic_Diagnostic_Pass_REBUILT (1).pdf,3be7dc3d6d62f92bbb45d3f1760bdacff0e12b9ecccfb3bd8b74c6a933d9c678,theorem_like,417,not a hardware-independent performance theorem.
M3A Papers/M3A_A_Finite_Algebraic_Diagnostic_Pass_REBUILT (1).pdf,3be7dc3d6d62f92bbb45d3f1760bdacff0e12b9ecccfb3bd8b74c6a933d9c678,theorem_like,507,All-time algebraic question. The theorem addresses every real time without selecting a grid.
M3A Papers/M3A_A_Finite_Algebraic_Diagnostic_Pass_REBUILT (1).pdf,3be7dc3d6d62f92bbb45d3f1760bdacff0e12b9ecccfb3bd8b74c6a933d9c678,theorem_like,532,Finite closed-system scope. The central theorem assumes a ﬁnite time-independent Hermitian
M3A Papers/M3A_A_Finite_Algebraic_Diagnostic_Pass_REBUILT (1).pdf,3be7dc3d6d62f92bbb45d3f1760bdacff0e12b9ecccfb3bd8b74c6a933d9c678,theorem_like,548,future theorem should characterize when equality of two terminal reductions is equivalent to exact
M3A Papers/M3A_A_Finite_Algebraic_Diagnostic_Pass_REBUILT (1).pdf,3be7dc3d6d62f92bbb45d3f1760bdacff0e12b9ecccfb3bd8b74c6a933d9c678,theorem_like,575,M3A turns exact zero transfer into a ﬁnite diagnostic problem. The ﬁnite-moment theorem converts
M3A Papers/M3A_A_Finite_Algebraic_Diagnostic_Pass_REBUILT (1).pdf,3be7dc3d6d62f92bbb45d3f1760bdacff0e12b9ecccfb3bd8b74c6a933d9c678,scope_warning,116,"6]. Accordingly, we do not claim that every dark channel must arise from a visible"
M3A Papers/M3A_A_Finite_Algebraic_Diagnostic_Pass_REBUILT (1).pdf,3be7dc3d6d62f92bbb45d3f1760bdacff0e12b9ecccfb3bd8b74c6a933d9c678,scope_warning,130,and its narrower scope.
M3A Papers/M3A_A_Finite_Algebraic_Diagnostic_Pass_REBUILT (1).pdf,3be7dc3d6d62f92bbb45d3f1760bdacff0e12b9ecccfb3bd8b74c6a933d9c678,scope_warning,279,sector-separation argument is unavailable. This distinction became operationally important in the
M3A Papers/M3A_A_Finite_Algebraic_Diagnostic_Pass_REBUILT (1).pdf,3be7dc3d6d62f92bbb45d3f1760bdacff0e12b9ecccfb3bd8b74c6a933d9c678,scope_warning,532,Finite closed-system scope. The central theorem assumes a ﬁnite time-independent Hermitian
M3A Papers/M3A_A_Finite_Algebraic_Diagnostic_Pass_REBUILT (1).pdf,3be7dc3d6d62f92bbb45d3f1760bdacff0e12b9ecccfb3bd8b74c6a933d9c678,scope_warning,535,Benchmark scope. The reported timings are exploratory and machine-dependent. The brute-
M3A Papers/M3A_A_Finite_Algebraic_Diagnostic_Pass_REBUILT (1).pdf,3be7dc3d6d62f92bbb45d3f1760bdacff0e12b9ecccfb3bd8b74c6a933d9c678,doi,629,"915–928 (1998), doi:10.1103/PhysRevA.58.915."
M3A Papers/M3A_A_Finite_Algebraic_Diagnostic_Pass_REBUILT (1).pdf,3be7dc3d6d62f92bbb45d3f1760bdacff0e12b9ecccfb3bd8b74c6a933d9c678,doi,631,"(2009), doi:10.1103/PhysRevLett.102.180501."
M3A Papers/M3A_A_Finite_Algebraic_Diagnostic_Pass_REBUILT (1).pdf,3be7dc3d6d62f92bbb45d3f1760bdacff0e12b9ecccfb3bd8b74c6a933d9c678,doi,633,doi:10.1016/j.disc.2011.06.032.
M3A Papers/M3A_A_Finite_Algebraic_Diagnostic_Pass_REBUILT (1).pdf,3be7dc3d6d62f92bbb45d3f1760bdacff0e12b9ecccfb3bd8b74c6a933d9c678,doi,635,"walks,” Quantum Information Processing 18, 159 (2019), doi:10.1007/s11128-019-2267-9."
M3A Papers/M3A_A_Finite_Algebraic_Diagnostic_Pass_REBUILT (1).pdf,3be7dc3d6d62f92bbb45d3f1760bdacff0e12b9ecccfb3bd8b74c6a933d9c678,doi,641,"Combinatorics 7, 225–243 (2024), doi:10.5802/alco.333."
M3A Papers/M3A_A_Finite_Algebraic_Diagnostic_Pass_REBUILT (1).pdf,3be7dc3d6d62f92bbb45d3f1760bdacff0e12b9ecccfb3bd8b74c6a933d9c678,doi,646,"tum computation,” Physical Review A 60, 1944–1955 (1999), doi:10.1103/PhysRevA.60.1944."
M3A Papers/M3A_A_Finite_Algebraic_Diagnostic_Pass_REBUILT (1).pdf,3be7dc3d6d62f92bbb45d3f1760bdacff0e12b9ecccfb3bd8b74c6a933d9c678,doi,648,"SIAM Journal on Numerical Analysis 29, 209–228 (1992), doi:10.1137/0729014."
M3A Papers/M3A_A_Finite_Algebraic_Diagnostic_Pass_REBUILT (1).pdf,3be7dc3d6d62f92bbb45d3f1760bdacff0e12b9ecccfb3bd8b74c6a933d9c678,doi,651,"(2011), doi:10.1137/100788860."
M3A Papers/M3A_A_Finite_Algebraic_Diagnostic_Pass_REBUILT (1).pdf,3be7dc3d6d62f92bbb45d3f1760bdacff0e12b9ecccfb3bd8b74c6a933d9c678,doi,655,"1–62 (2026), doi:10.1016/j.physrep.2025.10.001."
M3A Papers/M3A_Finite_Algebraic Diagnostics for Exact Zero Transfer.pdf,a05dcf98b16b5a2245dd25ffa81079bc6f2e3e7799646b9f7e53764fe2183461,theorem_like,65,1. a finite all-time zero-transfer theorem with source-minimal-polynomial and numerical invariance
M3A Papers/M3A_Finite_Algebraic Diagnostics for Exact Zero Transfer.pdf,a05dcf98b16b5a2245dd25ffa81079bc6f2e3e7799646b9f7e53764fe2183461,theorem_like,67,2. a completeness theorem for the formal Hermitian-involution certificate class;
M3A Papers/M3A_Finite_Algebraic Diagnostics for Exact Zero Transfer.pdf,a05dcf98b16b5a2245dd25ffa81079bc6f2e3e7799646b9f7e53764fe2183461,theorem_like,71,5. a finite linear-generator/Liouvillian readout theorem with physical support-block and representation-
M3A Papers/M3A_Finite_Algebraic Diagnostics for Exact Zero Transfer.pdf,a05dcf98b16b5a2245dd25ffa81079bc6f2e3e7799646b9f7e53764fe2183461,theorem_like,105,"Definition 1 (exact zero transfer). The ordered pair ( s , ℓ) is exact-dark for H when Kℓs ( t )=0 for every"
M3A Papers/M3A_Finite_Algebraic Diagnostics for Exact Zero Transfer.pdf,a05dcf98b16b5a2245dd25ffa81079bc6f2e3e7799646b9f7e53764fe2183461,theorem_like,107,2.1 The finite moment theorem
M3A Papers/M3A_Finite_Algebraic Diagnostics for Exact Zero Transfer.pdf,a05dcf98b16b5a2245dd25ffa81079bc6f2e3e7799646b9f7e53764fe2183461,theorem_like,108,"Theorem 1 (finite all-time equivalence). For finite Hermitian H, the following are equivalent:"
M3A Papers/M3A_Finite_Algebraic Diagnostics for Exact Zero Transfer.pdf,a05dcf98b16b5a2245dd25ffa81079bc6f2e3e7799646b9f7e53764fe2183461,theorem_like,130,"is therefore identically zero, proving (2)⇒(1). Finally, (2) and (3) are equivalent by the definition of K s ( H ). ▫"
M3A Papers/M3A_Finite_Algebraic Diagnostics for Exact Zero Transfer.pdf,a05dcf98b16b5a2245dd25ffa81079bc6f2e3e7799646b9f7e53764fe2183461,theorem_like,183,"Theorem 2 (completeness of the formal Hermitian-involution certificate class). For finite Hermitian H, the"
M3A Papers/M3A_Finite_Algebraic Diagnostics for Exact Zero Transfer.pdf,a05dcf98b16b5a2245dd25ffa81079bc6f2e3e7799646b9f7e53764fe2183461,theorem_like,190,Proof. The equivalence of (1) and (2) is Theorem 1. Assume (2). The Krylov space is invariant under H.
M3A Papers/M3A_Finite_Algebraic Diagnostics for Exact Zero Transfer.pdf,a05dcf98b16b5a2245dd25ffa81079bc6f2e3e7799646b9f7e53764fe2183461,theorem_like,196,This theorem changes the mechanism taxonomy. In finite Hermitian scope there is no exact-dark pair lacking
M3A Papers/M3A_Finite_Algebraic Diagnostics for Exact Zero Transfer.pdf,a05dcf98b16b5a2245dd25ffa81079bc6f2e3e7799646b9f7e53764fe2183461,theorem_like,235,"Theorem 3 (two-terminal boundary-resolvent criterion). If there is no direct s-ℓ edge, then the source-target"
M3A Papers/M3A_Finite_Algebraic Diagnostics for Exact Zero Transfer.pdf,a05dcf98b16b5a2245dd25ffa81079bc6f2e3e7799646b9f7e53764fe2183461,theorem_like,251,to exact darkness by Theorem 1. ▫
M3A Papers/M3A_Finite_Algebraic Diagnostics for Exact Zero Transfer.pdf,a05dcf98b16b5a2245dd25ffa81079bc6f2e3e7799646b9f7e53764fe2183461,theorem_like,252,4.1 Exact weighted even-cycle theorem
M3A Papers/M3A_Finite_Algebraic Diagnostics for Exact Zero Transfer.pdf,a05dcf98b16b5a2245dd25ffa81079bc6f2e3e7799646b9f7e53764fe2183461,theorem_like,265,Theorem 4 (exact two-arm characterisation). The opposite channel is exact-dark if and only if
M3A Papers/M3A_Finite_Algebraic Diagnostics for Exact Zero Transfer.pdf,a05dcf98b16b5a2245dd25ffa81079bc6f2e3e7799646b9f7e53764fe2183461,theorem_like,268,"Proof. By Theorem 3, exact darkness is equivalent to F ( z) ≡0. Clearing denominators gives"
M3A Papers/M3A_Finite_Algebraic Diagnostics for Exact Zero Transfer.pdf,a05dcf98b16b5a2245dd25ffa81079bc6f2e3e7799646b9f7e53764fe2183461,theorem_like,272,The theorem separates phase from continuous matching conditions. Fixed π flux sets the relative sign of the
M3A Papers/M3A_Finite_Algebraic Diagnostics for Exact Zero Transfer.pdf,a05dcf98b16b5a2245dd25ffa81079bc6f2e3e7799646b9f7e53764fe2183461,theorem_like,315,"Theorem 5 (certificate-even preservation and odd first-order opening). If B=Bev, then H0+ε B is exact-"
M3A Papers/M3A_Finite_Algebraic Diagnostics for Exact Zero Transfer.pdf,a05dcf98b16b5a2245dd25ffa81079bc6f2e3e7799646b9f7e53764fe2183461,theorem_like,366,Proposition 1 (first-order moment derivative).
M3A Papers/M3A_Finite_Algebraic Diagnostics for Exact Zero Transfer.pdf,a05dcf98b16b5a2245dd25ffa81079bc6f2e3e7799646b9f7e53764fe2183461,theorem_like,473,Theorem 6 (finite linear-generator readout theorem). The following are equivalent:
M3A Papers/M3A_Finite_Algebraic Diagnostics for Exact Zero Transfer.pdf,a05dcf98b16b5a2245dd25ffa81079bc6f2e3e7799646b9f7e53764fe2183461,theorem_like,473,Theorem 6 (finite linear-generator readout theorem). The following are equivalent:
M3A Papers/M3A_Finite_Algebraic Diagnostics for Exact Zero Transfer.pdf,a05dcf98b16b5a2245dd25ffa81079bc6f2e3e7799646b9f7e53764fe2183461,theorem_like,518,Theorem 7 (support-block criterion). The following are equivalent:
M3A Papers/M3A_Finite_Algebraic Diagnostics for Exact Zero Transfer.pdf,a05dcf98b16b5a2245dd25ffa81079bc6f2e3e7799646b9f7e53764fe2183461,theorem_like,629,"By the standard Brouwer degree existence and homotopy-invariance theorem (Brouwer, 1912), non-zero degree"
M3A Papers/M3A_Finite_Algebraic Diagnostics for Exact Zero Transfer.pdf,a05dcf98b16b5a2245dd25ffa81079bc6f2e3e7799646b9f7e53764fe2183461,theorem_like,670,"displacement or entropy. Because first moments close under the declared finite linear generator, Theorem 6"
M3A Papers/M3A_Finite_Algebraic Diagnostics for Exact Zero Transfer.pdf,a05dcf98b16b5a2245dd25ffa81079bc6f2e3e7799646b9f7e53764fe2183461,theorem_like,743,"The core finite theorem is a direct consequence of finite-dimensional linear algebra, but its diagnostic use is"
M3A Papers/M3A_Finite_Algebraic Diagnostics for Exact Zero Transfer.pdf,a05dcf98b16b5a2245dd25ffa81079bc6f2e3e7799646b9f7e53764fe2183461,theorem_like,747,The canonical involution theorem resolves a conceptual ambiguity. A formal certificate always exists for finite
M3A Papers/M3A_Finite_Algebraic Diagnostics for Exact Zero Transfer.pdf,a05dcf98b16b5a2245dd25ffa81079bc6f2e3e7799646b9f7e53764fe2183461,scope_warning,196,This theorem changes the mechanism taxonomy. In finite Hermitian scope there is no exact-dark pair lacking
M3A Papers/M3A_Finite_Algebraic Diagnostics for Exact Zero Transfer.pdf,a05dcf98b16b5a2245dd25ffa81079bc6f2e3e7799646b9f7e53764fe2183461,scope_warning,635,The scope is further constrained by gauge and basis considerations. Diagonal vertex rephasings preserve the
M3A Papers/M3A_Finite_Algebraic Diagnostics for Exact Zero Transfer.pdf,a05dcf98b16b5a2245dd25ffa81079bc6f2e3e7799646b9f7e53764fe2183461,scope_warning,789,"1. Model validation. Verify dimensions, Hermiticity or declared non-Hermitian/linear-generator scope,"
M3A Papers/M3A_Finite_Algebraic Diagnostics for Exact Zero Transfer.pdf,a05dcf98b16b5a2245dd25ffa81079bc6f2e3e7799646b9f7e53764fe2183461,correction,56,The present paper is a consolidated and corrected account of a six-stage independent audit programme. Several
M3A Papers/M3A_Finite_Algebraic Diagnostics for Exact Zero Transfer.pdf,a05dcf98b16b5a2245dd25ffa81079bc6f2e3e7799646b9f7e53764fe2183461,correction,163,"3. Formal certificates, simple mechanisms and a corrected taxonomy"
M3A Papers/M3A_Finite_Algebraic Diagnostics for Exact Zero Transfer.pdf,a05dcf98b16b5a2245dd25ffa81079bc6f2e3e7799646b9f7e53764fe2183461,doi,843,https://doi.org/10.1137/100788860.
M3A Papers/M3A_Finite_Algebraic Diagnostics for Exact Zero Transfer.pdf,a05dcf98b16b5a2245dd25ffa81079bc6f2e3e7799646b9f7e53764fe2183461,doi,845,"Physical Review A, 60(3), pp. 1944–1955. Available at: https://doi.org/10.1103/PhysRevA.60.1944."
M3A Papers/M3A_Finite_Algebraic Diagnostics for Exact Zero Transfer.pdf,a05dcf98b16b5a2245dd25ffa81079bc6f2e3e7799646b9f7e53764fe2183461,doi,847,preprint arXiv:1811.04968 [Preprint]. Available at: https://doi.org/10.48550/arXiv.1811.04968.
M3A Papers/M3A_Finite_Algebraic Diagnostics for Exact Zero Transfer.pdf,a05dcf98b16b5a2245dd25ffa81079bc6f2e3e7799646b9f7e53764fe2183461,doi,849,https://doi.org/10.1007/BF01456931.
M3A Papers/M3A_Finite_Algebraic Diagnostics for Exact Zero Transfer.pdf,a05dcf98b16b5a2245dd25ffa81079bc6f2e3e7799646b9f7e53764fe2183461,doi,853,https://doi.org/10.1103/PhysRevLett.102.180501.
M3A Papers/M3A_Finite_Algebraic Diagnostics for Exact Zero Transfer.pdf,a05dcf98b16b5a2245dd25ffa81079bc6f2e3e7799646b9f7e53764fe2183461,doi,855,Available at: https://doi.org/10.1103/PhysRevA.58.915.
M3A Papers/M3A_Finite_Algebraic Diagnostics for Exact Zero Transfer.pdf,a05dcf98b16b5a2245dd25ffa81079bc6f2e3e7799646b9f7e53764fe2183461,doi,860,https://doi.org/10.1016/j.disc.2011.06.032.
M3A Papers/M3A_Finite_Algebraic Diagnostics for Exact Zero Transfer.pdf,a05dcf98b16b5a2245dd25ffa81079bc6f2e3e7799646b9f7e53764fe2183461,doi,862,"systems’, Journal of Mathematical Physics, 17(5), pp. 821–825. Available at: https://doi.org/10.1063/1.522979."
M3A Papers/M3A_Finite_Algebraic Diagnostics for Exact Zero Transfer.pdf,a05dcf98b16b5a2245dd25ffa81079bc6f2e3e7799646b9f7e53764fe2183461,doi,864,pp. 225–243. Available at: https://doi.org/10.5802/alco.333.
M3A Papers/M3A_Finite_Algebraic Diagnostics for Exact Zero Transfer.pdf,a05dcf98b16b5a2245dd25ffa81079bc6f2e3e7799646b9f7e53764fe2183461,doi,866,https://doi.org/10.1016/j.physrep.2025.10.001.
M3A Papers/M3A_Finite_Algebraic Diagnostics for Exact Zero Transfer.pdf,a05dcf98b16b5a2245dd25ffa81079bc6f2e3e7799646b9f7e53764fe2183461,doi,868,"Review Letters, 81(12), pp. 2594–2597. Available at: https://doi.org/10.1103/PhysRevLett.81.2594."
M3A Papers/M3A_Finite_Algebraic Diagnostics for Exact Zero Transfer.pdf,a05dcf98b16b5a2245dd25ffa81079bc6f2e3e7799646b9f7e53764fe2183461,doi,870,"48(2), pp. 119–130. Available at: https://doi.org/10.1007/BF01608499."
M3A Papers/M3A_Finite_Algebraic Diagnostics for Exact Zero Transfer.pdf,a05dcf98b16b5a2245dd25ffa81079bc6f2e3e7799646b9f7e53764fe2183461,doi,872,"Letters, 121, p. 075502. Available at: https://doi.org/10.1103/PhysRevLett.121.075502."
M3A Papers/M3A_Finite_Algebraic Diagnostics for Exact Zero Transfer.pdf,a05dcf98b16b5a2245dd25ffa81079bc6f2e3e7799646b9f7e53764fe2183461,doi,874,"Numerical Analysis, 29(1), pp. 209–228. Available at: https://doi.org/10.1137/0729014."
M3A Papers/M3A_Finite_Algebraic Diagnostics for Exact Zero Transfer.pdf,a05dcf98b16b5a2245dd25ffa81079bc6f2e3e7799646b9f7e53764fe2183461,doi,876,Available at: https://doi.org/10.1007/s11128-019-2267-9.
M3A Papers/M3A_Finite_Algebraic Diagnostics for Exact Zero Transfer.pdf,a05dcf98b16b5a2245dd25ffa81079bc6f2e3e7799646b9f7e53764fe2183461,doi,879,https://doi.org/10.1038/s41467-025-62541-z.
M3A Papers/signed_involution_exact_zero_transfer_pst_revised.pdf,93f47bf862e44d7232c20aa1ad5c54b20d589c307218c80638ce68ed47c6b4f5,theorem_like,38,"Finally, we record finite-time perturbation bounds and a Lindblad block-preservation theorem."
M3A Papers/signed_involution_exact_zero_transfer_pst_revised.pdf,93f47bf862e44d7232c20aa1ad5c54b20d589c307218c80638ce68ed47c6b4f5,theorem_like,118,"spectral data were used not as a replacement for the exact zero-transfer theorem, but as a diagnostic"
M3A Papers/signed_involution_exact_zero_transfer_pst_revised.pdf,93f47bf862e44d7232c20aa1ad5c54b20d589c307218c80638ce68ed47c6b4f5,theorem_like,169,Definition 2.1(Vertex Hilbert space). Let V be a finite vertex set with|V|=n. The associated
M3A Papers/signed_involution_exact_zero_transfer_pst_revised.pdf,93f47bf862e44d7232c20aa1ad5c54b20d589c307218c80638ce68ed47c6b4f5,theorem_like,174,Definition 2.2 (Finite graph Hamiltonian). A finite graph Hamiltonian onV is a Hermitian
M3A Papers/signed_involution_exact_zero_transfer_pst_revised.pdf,93f47bf862e44d7232c20aa1ad5c54b20d589c307218c80638ce68ed47c6b4f5,theorem_like,190,"Definition 2.4(Closed-system graph evolution). GivenH =H†, the closed-system continuous-time"
M3A Papers/signed_involution_exact_zero_transfer_pst_revised.pdf,93f47bf862e44d7232c20aa1ad5c54b20d589c307218c80638ce68ed47c6b4f5,theorem_like,194,"Definition 2.5(Transition amplitude and probability). Fors,ℓ∈V, the source-target transition"
M3A Papers/signed_involution_exact_zero_transfer_pst_revised.pdf,93f47bf862e44d7232c20aa1ad5c54b20d589c307218c80638ce68ed47c6b4f5,theorem_like,203,Definition 2.6(Exact zero-transfer pair). Let H =H†be a finite graph Hamiltonian. An ordered
M3A Papers/signed_involution_exact_zero_transfer_pst_revised.pdf,93f47bf862e44d7232c20aa1ad5c54b20d589c307218c80638ce68ed47c6b4f5,theorem_like,212,"Definition 2.8(Moment sequence). ForH =H†, define the source-target moment sequence"
M3A Papers/signed_involution_exact_zero_transfer_pst_revised.pdf,93f47bf862e44d7232c20aa1ad5c54b20d589c307218c80638ce68ed47c6b4f5,theorem_like,217,"Definition 2.9(Source-generated Krylov subspace). For a sources∈V, define the source-generated"
M3A Papers/signed_involution_exact_zero_transfer_pst_revised.pdf,93f47bf862e44d7232c20aa1ad5c54b20d589c307218c80638ce68ed47c6b4f5,theorem_like,226,Definition 2.10(Invariant sector). An orthogonal projectorP =P†=P 2 defines anH-invariant
M3A Papers/signed_involution_exact_zero_transfer_pst_revised.pdf,93f47bf862e44d7232c20aa1ad5c54b20d589c307218c80638ce68ed47c6b4f5,theorem_like,230,Definition 2.11(Source-containing and target-excluding sector). A projectorP contains the source
M3A Papers/signed_involution_exact_zero_transfer_pst_revised.pdf,93f47bf862e44d7232c20aa1ad5c54b20d589c307218c80638ce68ed47c6b4f5,theorem_like,233,Definition 2.12 (Magnetic flux on a cycle). Let H be a magnetic graph Hamiltonian with
M3A Papers/signed_involution_exact_zero_transfer_pst_revised.pdf,93f47bf862e44d7232c20aa1ad5c54b20d589c307218c80638ce68ed47c6b4f5,theorem_like,242,"Definition 2.13(Open-system evolution). For the open-system part of the paper, a density matrix"
M3A Papers/signed_involution_exact_zero_transfer_pst_revised.pdf,93f47bf862e44d7232c20aa1ad5c54b20d589c307218c80638ce68ed47c6b4f5,theorem_like,257,Definition 2.14(Supported operator block). Let P =P†=P 2. TheP-supported operator block
M3A Papers/signed_involution_exact_zero_transfer_pst_revised.pdf,93f47bf862e44d7232c20aa1ad5c54b20d589c307218c80638ce68ed47c6b4f5,theorem_like,265,"Theorem 3.1(Moment, Krylov, and spectral equivalence). LetH =H†∈Mn(C), and lets,ℓ∈V."
M3A Papers/signed_involution_exact_zero_transfer_pst_revised.pdf,93f47bf862e44d7232c20aa1ad5c54b20d589c307218c80638ce68ed47c6b4f5,theorem_like,325,Corollary 3.2(Finite algebraic check). To prove exact zero transfer for ann-vertex finite graph
M3A Papers/signed_involution_exact_zero_transfer_pst_revised.pdf,93f47bf862e44d7232c20aa1ad5c54b20d589c307218c80638ce68ed47c6b4f5,theorem_like,329,Lemma 3.3(Krylov subspace invariance). The source-generated Krylov subspaceKs(H) is invariant
M3A Papers/signed_involution_exact_zero_transfer_pst_revised.pdf,93f47bf862e44d7232c20aa1ad5c54b20d589c307218c80638ce68ed47c6b4f5,theorem_like,337,Corollary 3.4(Canonical invariant sector). LetPH
M3A Papers/signed_involution_exact_zero_transfer_pst_revised.pdf,93f47bf862e44d7232c20aa1ad5c54b20d589c307218c80638ce68ed47c6b4f5,theorem_like,362,"By the theorem above,"
M3A Papers/signed_involution_exact_zero_transfer_pst_revised.pdf,93f47bf862e44d7232c20aa1ad5c54b20d589c307218c80638ce68ed47c6b4f5,theorem_like,372,tests the finite theorem-level condition and separates exact channel closure from secondary spectral
M3A Papers/signed_involution_exact_zero_transfer_pst_revised.pdf,93f47bf862e44d7232c20aa1ad5c54b20d589c307218c80638ce68ed47c6b4f5,theorem_like,374,Corollary 3.7(No exact zero transfer in connected non-negative adjacency graphs). LetA be the
M3A Papers/signed_involution_exact_zero_transfer_pst_revised.pdf,93f47bf862e44d7232c20aa1ad5c54b20d589c307218c80638ce68ed47c6b4f5,theorem_like,385,"Proposition 4.1(Invariant-sector exclusion). LetH =H†, and letP =P†=P 2 satisfy [H,P ] = 0."
M3A Papers/signed_involution_exact_zero_transfer_pst_revised.pdf,93f47bf862e44d7232c20aa1ad5c54b20d589c307218c80638ce68ed47c6b4f5,theorem_like,393,Definition 4.2(Unitary symmetry). A unitary operatorU onHV is a symmetry ofH if U†U =I
M3A Papers/signed_involution_exact_zero_transfer_pst_revised.pdf,93f47bf862e44d7232c20aa1ad5c54b20d589c307218c80638ce68ed47c6b4f5,theorem_like,400,"Proposition 4.3(Symmetry-sector exclusion). LetU be a unitary symmetry ofH, and letPαbe a"
M3A Papers/signed_involution_exact_zero_transfer_pst_revised.pdf,93f47bf862e44d7232c20aa1ad5c54b20d589c307218c80638ce68ed47c6b4f5,theorem_like,405,proposition applies.
M3A Papers/signed_involution_exact_zero_transfer_pst_revised.pdf,93f47bf862e44d7232c20aa1ad5c54b20d589c307218c80638ce68ed47c6b4f5,scope_warning,428,below do not claim to solve the full continuousU(1)-phase search problem.
M3A Papers/signed_involution_exact_zero_transfer_pst_revised.pdf,93f47bf862e44d7232c20aa1ad5c54b20d589c307218c80638ce68ed47c6b4f5,scope_warning,1279,with no certificate under the fast M3A profile is not proved incapable of exact zero transfer. The
M3A Papers/signed_involution_exact_zero_transfer_pst_revised.pdf,93f47bf862e44d7232c20aa1ad5c54b20d589c307218c80638ce68ed47c6b4f5,scope_warning,1280,Layer-2 exception cases make this limitation explicit: an original certificate may fail while the
M3A Papers/signed_involution_exact_zero_transfer_pst_revised.pdf,93f47bf862e44d7232c20aa1ad5c54b20d589c307218c80638ce68ed47c6b4f5,correction,523,"up to the sign convention used for the continuous-time walk. In association-scheme settings, perfect"
M3A Papers/signed_involution_exact_zero_transfer_pst_revised.pdf,93f47bf862e44d7232c20aa1ad5c54b20d589c307218c80638ce68ed47c6b4f5,doi,1387,doi:10.1103/PhysRevLett.102.180501.
M3A Papers/signed_involution_exact_zero_transfer_pst_revised.pdf,93f47bf862e44d7232c20aa1ad5c54b20d589c307218c80638ce68ed47c6b4f5,doi,1390,doi:10.1016/j.laa.2015.03.024. arXiv:1401.1745 [math.CO].
M3A Papers/signed_involution_exact_zero_transfer_pst_revised.pdf,93f47bf862e44d7232c20aa1ad5c54b20d589c307218c80638ce68ed47c6b4f5,doi,1392,"58(2), 915–928. doi:10.1103/PhysRevA.58.915."
M3A Papers/signed_involution_exact_zero_transfer_pst_revised.pdf,93f47bf862e44d7232c20aa1ad5c54b20d589c307218c80638ce68ed47c6b4f5,doi,1394,doi:10.1016/j.disc.2011.06.032.
M3A Papers/signed_involution_exact_zero_transfer_pst_revised.pdf,93f47bf862e44d7232c20aa1ad5c54b20d589c307218c80638ce68ed47c6b4f5,doi,1396,"groups of N-level systems.Journal of Mathematical Physics, 17(5), 821–825. doi:10.1063/1.522979."
M3A Papers/signed_involution_exact_zero_transfer_pst_revised.pdf,93f47bf862e44d7232c20aa1ad5c54b20d589c307218c80638ce68ed47c6b4f5,doi,1398,"Quantum Dynamics, Lecture Notes in Physics, vol. 622, pp. 83–120. Berlin: Springer. doi:10.1007/3-"
M3A Papers/signed_involution_exact_zero_transfer_pst_revised.pdf,93f47bf862e44d7232c20aa1ad5c54b20d589c307218c80638ce68ed47c6b4f5,doi,1403,"Mathematical Physics, 48(2), 119–130. doi:10.1007/BF01608499."
M3A Papers/signed_involution_exact_zero_transfer_pst_revised.pdf,93f47bf862e44d7232c20aa1ad5c54b20d589c307218c80638ce68ed47c6b4f5,doi,1406,042302. doi:10.1103/PhysRevA.93.042302.
M3A Papers/signed_involution_exact_zero_transfer_pst_revised.pdf,93f47bf862e44d7232c20aa1ad5c54b20d589c307218c80638ce68ed47c6b4f5,doi,1408,"tum walks.Quantum Information Processing, 18(5), Article 159. doi:10.1007/s11128-019-2267-9."
M3A Papers/signed_involution_exact_zero_transfer_pst_revised.pdf,93f47bf862e44d7232c20aa1ad5c54b20d589c307218c80638ce68ed47c6b4f5,doi,1412,doi:10.1103/PhysRevA.81.022323.
M3A Papers/signed_involution_exact_zero_transfer_pst_revised.pdf,93f47bf862e44d7232c20aa1ad5c54b20d589c307218c80638ce68ed47c6b4f5,doi,1415,doi:10.1038/srep02361.
M3A Stage 1-6/M3A_Stages1-6_Detailed_Testing_Summary.pdf,ad82fbd8ac169af61942fa8532620df896df2a390a84901f7b50eee17a637b69,theorem_like,8,"Authoritative stage findings, theorem files, claim"
M3A Stage 1-6/M3A_Stages1-6_Detailed_Testing_Summary.pdf,ad82fbd8ac169af61942fa8532620df896df2a390a84901f7b50eee17a637b69,theorem_like,16,This document summarises the executed audit record. It does not add new theorem claims beyond
M3A Stage 1-6/M3A_Stages1-6_Detailed_Testing_Summary.pdf,ad82fbd8ac169af61942fa8532620df896df2a390a84901f7b50eee17a637b69,theorem_like,81,"Liouvillian/readout theorem,"
M3A Stage 1-6/M3A_Stages1-6_Detailed_Testing_Summary.pdf,ad82fbd8ac169af61942fa8532620df896df2a390a84901f7b50eee17a637b69,theorem_like,234,"The benchmark evidence was treated as machine-dependent workload evidence, not a theorem of"
M3A Stage 1-6/M3A_Stages1-6_Detailed_Testing_Summary.pdf,ad82fbd8ac169af61942fa8532620df896df2a390a84901f7b50eee17a637b69,theorem_like,318,2.5 Exact boundary-resolvent theorem for weighted even cycles
M3A Stage 1-6/M3A_Stages1-6_Detailed_Testing_Summary.pdf,ad82fbd8ac169af61942fa8532620df896df2a390a84901f7b50eee17a637b69,theorem_like,330,"dimension is 2N; the boundary theorem supplies N/2 generically independent conditions, giving"
M3A Stage 1-6/M3A_Stages1-6_Detailed_Testing_Summary.pdf,ad82fbd8ac169af61942fa8532620df896df2a390a84901f7b50eee17a637b69,theorem_like,463,4.1 Finite Liouvillian/readout theorem
M3A Stage 1-6/M3A_Stages1-6_Detailed_Testing_Summary.pdf,ad82fbd8ac169af61942fa8532620df896df2a390a84901f7b50eee17a637b69,theorem_like,468,theorem itself does not require complete positivity; physical open-system interpretation does require
M3A Stage 1-6/M3A_Stages1-6_Detailed_Testing_Summary.pdf,ad82fbd8ac169af61942fa8532620df896df2a390a84901f7b50eee17a637b69,theorem_like,595,"channel-access obstruction on a transverse control family, not a new theorem of topology."
M3A Stage 1-6/M3A_Stages1-6_Detailed_Testing_Summary.pdf,ad82fbd8ac169af61942fa8532620df896df2a390a84901f7b50eee17a637b69,theorem_like,789,runtime theorem exists.
M3A Stage 1-6/M3A_Stages1-6_Detailed_Testing_Summary.pdf,ad82fbd8ac169af61942fa8532620df896df2a390a84901f7b50eee17a637b69,theorem_like,798,"formulation equal full arm products + isospectral internal arms is genuinely new as a theorem, or a"
M3A Stage 1-6/M3A_Stages1-6_Detailed_Testing_Summary.pdf,ad82fbd8ac169af61942fa8532620df896df2a390a84901f7b50eee17a637b69,theorem_like,801,determine which parts are new theorem-level structure versus a new synthesis of established
M3A Stage 1-6/M3A_Stages1-6_Detailed_Testing_Summary.pdf,ad82fbd8ac169af61942fa8532620df896df2a390a84901f7b50eee17a637b69,theorem_like,837,uniform-dephasing negative theorem.
M3A Stage 1-6/M3A_Stages1-6_Detailed_Testing_Summary.pdf,ad82fbd8ac169af61942fa8532620df896df2a390a84901f7b50eee17a637b69,theorem_like,844, Exact theorem/proof statements: algebraic claims proved under explicitly stated finite-
M3A Stage 1-6/M3A_Stages1-6_Detailed_Testing_Summary.pdf,ad82fbd8ac169af61942fa8532620df896df2a390a84901f7b50eee17a637b69,counterexample,218,"counterexample, non-symmetric dark"
M3A Stage 1-6/M3A_Stages1-6_Detailed_Testing_Summary.pdf,ad82fbd8ac169af61942fa8532620df896df2a390a84901f7b50eee17a637b69,counterexample,387,The remote control was the decisive counterexample: equal global certificate-breaking norm does not
M3A Stage 1-6/M3A_Stages1-6_Detailed_Testing_Summary.pdf,ad82fbd8ac169af61942fa8532620df896df2a390a84901f7b50eee17a637b69,scope_warning,6,"Scope Executed M3A audit programme, Stages 1-6"
M3A Stage 1-6/M3A_Stages1-6_Detailed_Testing_Summary.pdf,ad82fbd8ac169af61942fa8532620df896df2a390a84901f7b50eee17a637b69,scope_warning,165,"Declared scope: Finite-dimensional, time-independent Hermitian Hamiltonians and a declared source-"
M3A Stage 1-6/M3A_Stages1-6_Detailed_Testing_Summary.pdf,ad82fbd8ac169af61942fa8532620df896df2a390a84901f7b50eee17a637b69,scope_warning,244,1.5 What Stage 1 falsified or left open
M3A Stage 1-6/M3A_Stages1-6_Detailed_Testing_Summary.pdf,ad82fbd8ac169af61942fa8532620df896df2a390a84901f7b50eee17a637b69,scope_warning,256,"classification, sampled visibility and benchmark performance are different claim types and must not"
M3A Stage 1-6/M3A_Stages1-6_Detailed_Testing_Summary.pdf,ad82fbd8ac169af61942fa8532620df896df2a390a84901f7b50eee17a637b69,scope_warning,416,"This explicitly falsified any universal shortcut that ""breaking the constraint"" necessarily produces"
M3A Stage 1-6/M3A_Stages1-6_Detailed_Testing_Summary.pdf,ad82fbd8ac169af61942fa8532620df896df2a390a84901f7b50eee17a637b69,scope_warning,720,6.9 Strict scope boundaries
M3A Stage 1-6/M3A_Stages1-6_Detailed_Testing_Summary.pdf,ad82fbd8ac169af61942fa8532620df896df2a390a84901f7b50eee17a637b69,scope_warning,758,"7.2 Claims that were falsified, narrowed or explicitly rejected"
M3A Stage 1-6/M3A_Stages1-6_Detailed_Testing_Summary.pdf,ad82fbd8ac169af61942fa8532620df896df2a390a84901f7b50eee17a637b69,correction,266,2.1 The decisive structural correction: canonical certificate completeness
M3A Stage 1-6/M3A_Stages1-6_Detailed_Testing_Summary.pdf,ad82fbd8ac169af61942fa8532620df896df2a390a84901f7b50eee17a637b69,correction,535,inner product and normalisation; it is not a thermodynamic or state entropy.
MA3 Scripts and Data/L2 tests/signed_involution_exact_zero_transfer_layer2_revised.pdf,3f8bbd3bfcf5b42b7d07521360653291d671df3e65dec6d2ed8f3ce6a30ed56b,theorem_like,38,"Finally, we record finite-time perturbation bounds and a Lindblad block-preservation theorem."
MA3 Scripts and Data/L2 tests/signed_involution_exact_zero_transfer_layer2_revised.pdf,3f8bbd3bfcf5b42b7d07521360653291d671df3e65dec6d2ed8f3ce6a30ed56b,theorem_like,115,"spectral data were used not as a replacement for the exact zero-transfer theorem, but as a diagnostic"
MA3 Scripts and Data/L2 tests/signed_involution_exact_zero_transfer_layer2_revised.pdf,3f8bbd3bfcf5b42b7d07521360653291d671df3e65dec6d2ed8f3ce6a30ed56b,theorem_like,160,Definition 2.1(Vertex Hilbert space). Let V be a finite vertex set with|V|=n. The associated
MA3 Scripts and Data/L2 tests/signed_involution_exact_zero_transfer_layer2_revised.pdf,3f8bbd3bfcf5b42b7d07521360653291d671df3e65dec6d2ed8f3ce6a30ed56b,theorem_like,165,Definition 2.2 (Finite graph Hamiltonian). A finite graph Hamiltonian onV is a Hermitian
MA3 Scripts and Data/L2 tests/signed_involution_exact_zero_transfer_layer2_revised.pdf,3f8bbd3bfcf5b42b7d07521360653291d671df3e65dec6d2ed8f3ce6a30ed56b,theorem_like,181,"Definition 2.4(Closed-system graph evolution). GivenH =H†, the closed-system continuous-time"
MA3 Scripts and Data/L2 tests/signed_involution_exact_zero_transfer_layer2_revised.pdf,3f8bbd3bfcf5b42b7d07521360653291d671df3e65dec6d2ed8f3ce6a30ed56b,theorem_like,185,"Definition 2.5(Transition amplitude and probability). Fors,ℓ∈V, the source-target transition"
MA3 Scripts and Data/L2 tests/signed_involution_exact_zero_transfer_layer2_revised.pdf,3f8bbd3bfcf5b42b7d07521360653291d671df3e65dec6d2ed8f3ce6a30ed56b,theorem_like,194,Definition 2.6(Exact zero-transfer pair). Let H =H†be a finite graph Hamiltonian. An ordered
MA3 Scripts and Data/L2 tests/signed_involution_exact_zero_transfer_layer2_revised.pdf,3f8bbd3bfcf5b42b7d07521360653291d671df3e65dec6d2ed8f3ce6a30ed56b,theorem_like,203,"Definition 2.8(Moment sequence). ForH =H†, define the source-target moment sequence"
MA3 Scripts and Data/L2 tests/signed_involution_exact_zero_transfer_layer2_revised.pdf,3f8bbd3bfcf5b42b7d07521360653291d671df3e65dec6d2ed8f3ce6a30ed56b,theorem_like,208,"Definition 2.9(Source-generated Krylov subspace). For a sources∈V, define the source-generated"
MA3 Scripts and Data/L2 tests/signed_involution_exact_zero_transfer_layer2_revised.pdf,3f8bbd3bfcf5b42b7d07521360653291d671df3e65dec6d2ed8f3ce6a30ed56b,theorem_like,215,Definition 2.10(Invariant sector). An orthogonal projectorP =P†=P 2 defines anH-invariant
MA3 Scripts and Data/L2 tests/signed_involution_exact_zero_transfer_layer2_revised.pdf,3f8bbd3bfcf5b42b7d07521360653291d671df3e65dec6d2ed8f3ce6a30ed56b,theorem_like,219,Definition 2.11(Source-containing and target-excluding sector). A projectorP contains the source
MA3 Scripts and Data/L2 tests/signed_involution_exact_zero_transfer_layer2_revised.pdf,3f8bbd3bfcf5b42b7d07521360653291d671df3e65dec6d2ed8f3ce6a30ed56b,theorem_like,224,Definition 2.12 (Magnetic flux on a cycle). Let H be a magnetic graph Hamiltonian with
MA3 Scripts and Data/L2 tests/signed_involution_exact_zero_transfer_layer2_revised.pdf,3f8bbd3bfcf5b42b7d07521360653291d671df3e65dec6d2ed8f3ce6a30ed56b,theorem_like,233,"Definition 2.13(Open-system evolution). For the open-system part of the paper, a density matrix"
MA3 Scripts and Data/L2 tests/signed_involution_exact_zero_transfer_layer2_revised.pdf,3f8bbd3bfcf5b42b7d07521360653291d671df3e65dec6d2ed8f3ce6a30ed56b,theorem_like,248,Definition 2.14(Supported operator block). Let P =P†=P 2. TheP-supported operator block
MA3 Scripts and Data/L2 tests/signed_involution_exact_zero_transfer_layer2_revised.pdf,3f8bbd3bfcf5b42b7d07521360653291d671df3e65dec6d2ed8f3ce6a30ed56b,theorem_like,256,"Theorem 3.1(Moment, Krylov, and spectral equivalence). LetH =H†∈Mn(C), and lets,ℓ∈V."
MA3 Scripts and Data/L2 tests/signed_involution_exact_zero_transfer_layer2_revised.pdf,3f8bbd3bfcf5b42b7d07521360653291d671df3e65dec6d2ed8f3ce6a30ed56b,theorem_like,316,Corollary 3.2(Finite algebraic check). To prove exact zero transfer for ann-vertex finite graph
MA3 Scripts and Data/L2 tests/signed_involution_exact_zero_transfer_layer2_revised.pdf,3f8bbd3bfcf5b42b7d07521360653291d671df3e65dec6d2ed8f3ce6a30ed56b,theorem_like,320,Lemma 3.3(Krylov subspace invariance). The source-generated Krylov subspaceKs(H) is invariant
MA3 Scripts and Data/L2 tests/signed_involution_exact_zero_transfer_layer2_revised.pdf,3f8bbd3bfcf5b42b7d07521360653291d671df3e65dec6d2ed8f3ce6a30ed56b,theorem_like,326,Corollary 3.4(Canonical invariant sector). LetPH
MA3 Scripts and Data/L2 tests/signed_involution_exact_zero_transfer_layer2_revised.pdf,3f8bbd3bfcf5b42b7d07521360653291d671df3e65dec6d2ed8f3ce6a30ed56b,theorem_like,353,"By the theorem above,"
MA3 Scripts and Data/L2 tests/signed_involution_exact_zero_transfer_layer2_revised.pdf,3f8bbd3bfcf5b42b7d07521360653291d671df3e65dec6d2ed8f3ce6a30ed56b,theorem_like,363,tests the finite theorem-level condition and separates exact channel closure from secondary spectral
MA3 Scripts and Data/L2 tests/signed_involution_exact_zero_transfer_layer2_revised.pdf,3f8bbd3bfcf5b42b7d07521360653291d671df3e65dec6d2ed8f3ce6a30ed56b,theorem_like,365,Corollary 3.7(No exact zero transfer in connected non-negative adjacency graphs). LetA be the
MA3 Scripts and Data/L2 tests/signed_involution_exact_zero_transfer_layer2_revised.pdf,3f8bbd3bfcf5b42b7d07521360653291d671df3e65dec6d2ed8f3ce6a30ed56b,theorem_like,376,"Proposition 4.1(Invariant-sector exclusion). LetH =H†, and letP =P†=P 2 satisfy [H,P ] = 0."
MA3 Scripts and Data/L2 tests/signed_involution_exact_zero_transfer_layer2_revised.pdf,3f8bbd3bfcf5b42b7d07521360653291d671df3e65dec6d2ed8f3ce6a30ed56b,theorem_like,384,Definition 4.2(Unitary symmetry). A unitary operatorU onHV is a symmetry ofH if U†U =I
MA3 Scripts and Data/L2 tests/signed_involution_exact_zero_transfer_layer2_revised.pdf,3f8bbd3bfcf5b42b7d07521360653291d671df3e65dec6d2ed8f3ce6a30ed56b,theorem_like,391,"Proposition 4.3(Symmetry-sector exclusion). LetU be a unitary symmetry ofH, and letPαbe a"
MA3 Scripts and Data/L2 tests/signed_involution_exact_zero_transfer_layer2_revised.pdf,3f8bbd3bfcf5b42b7d07521360653291d671df3e65dec6d2ed8f3ce6a30ed56b,theorem_like,396,proposition applies.
MA3 Scripts and Data/L2 tests/signed_involution_exact_zero_transfer_layer2_revised.pdf,3f8bbd3bfcf5b42b7d07521360653291d671df3e65dec6d2ed8f3ce6a30ed56b,scope_warning,419,below do not claim to solve the full continuousU(1)-phase search problem.
MA3 Scripts and Data/L2 tests/signed_involution_exact_zero_transfer_layer2_revised.pdf,3f8bbd3bfcf5b42b7d07521360653291d671df3e65dec6d2ed8f3ce6a30ed56b,scope_warning,1181,with no certificate under the fast M3A profile is not proved incapable of exact zero transfer. The
MA3 Scripts and Data/L2 tests/signed_involution_exact_zero_transfer_layer2_revised.pdf,3f8bbd3bfcf5b42b7d07521360653291d671df3e65dec6d2ed8f3ce6a30ed56b,scope_warning,1182,Layer-2 exception cases make this limitation explicit: an original certificate may fail while the
MA3 Scripts and Data/L2 tests/signed_involution_exact_zero_transfer_layer2_revised.pdf,3f8bbd3bfcf5b42b7d07521360653291d671df3e65dec6d2ed8f3ce6a30ed56b,doi,1282,doi:10.1103/PhysRevLett.102.180501.
MA3 Scripts and Data/L2 tests/signed_involution_exact_zero_transfer_layer2_revised.pdf,3f8bbd3bfcf5b42b7d07521360653291d671df3e65dec6d2ed8f3ce6a30ed56b,doi,1284,"58(2), 915–928. doi:10.1103/PhysRevA.58.915."
MA3 Scripts and Data/L2 tests/signed_involution_exact_zero_transfer_layer2_revised.pdf,3f8bbd3bfcf5b42b7d07521360653291d671df3e65dec6d2ed8f3ce6a30ed56b,doi,1286,doi:10.1016/j.disc.2011.06.032.
MA3 Scripts and Data/L2 tests/signed_involution_exact_zero_transfer_layer2_revised.pdf,3f8bbd3bfcf5b42b7d07521360653291d671df3e65dec6d2ed8f3ce6a30ed56b,doi,1288,"groups of N-level systems.Journal of Mathematical Physics, 17(5), 821–825. doi:10.1063/1.522979."
MA3 Scripts and Data/L2 tests/signed_involution_exact_zero_transfer_layer2_revised.pdf,3f8bbd3bfcf5b42b7d07521360653291d671df3e65dec6d2ed8f3ce6a30ed56b,doi,1290,"Quantum Dynamics, Lecture Notes in Physics, vol. 622, pp. 83–120. Berlin: Springer. doi:10.1007/3-"
MA3 Scripts and Data/L2 tests/signed_involution_exact_zero_transfer_layer2_revised.pdf,3f8bbd3bfcf5b42b7d07521360653291d671df3e65dec6d2ed8f3ce6a30ed56b,doi,1293,"Mathematical Physics, 48(2), 119–130. doi:10.1007/BF01608499."
MA3 Scripts and Data/L2 tests/signed_involution_exact_zero_transfer_layer2_revised.pdf,3f8bbd3bfcf5b42b7d07521360653291d671df3e65dec6d2ed8f3ce6a30ed56b,doi,1296,042302. doi:10.1103/PhysRevA.93.042302.
MA3 Scripts and Data/L2 tests/signed_involution_exact_zero_transfer_layer2_revised.pdf,3f8bbd3bfcf5b42b7d07521360653291d671df3e65dec6d2ed8f3ce6a30ed56b,doi,1298,"tum walks.Quantum Information Processing, 18(5), Article 159. doi:10.1007/s11128-019-2267-9."
MA3 Scripts and Data/L2 tests/signed_involution_exact_zero_transfer_layer2_revised.pdf,3f8bbd3bfcf5b42b7d07521360653291d671df3e65dec6d2ed8f3ce6a30ed56b,doi,1302,doi:10.1103/PhysRevA.81.022323.
MA3 Scripts and Data/L2 tests/signed_involution_exact_zero_transfer_layer2_revised.pdf,3f8bbd3bfcf5b42b7d07521360653291d671df3e65dec6d2ed8f3ce6a30ed56b,doi,1305,doi:10.1038/srep02361.
